#
# There is insufficient memory for the Java Runtime Environment to continue.
# Native memory allocation (mmap) failed to map 289406976 bytes for G1 virtual space
# Possible reasons:
#   The system is out of physical RAM or swap space
#   The process is running with CompressedOops enabled, and the Java Heap may be blocking the growth of the native heap
# Possible solutions:
#   Reduce memory load on the system
#   Increase physical memory or swap space
#   Check if swap backing store is full
#   Decrease Java heap size (-Xmx/-Xms)
#   Decrease number of Java threads
#   Decrease Java thread stack sizes (-Xss)
#   Set larger code cache with -XX:ReservedCodeCacheSize=
#   JVM is running with Zero Based Compressed Oops mode in which the Java heap is
#     placed in the first 32GB address space. The Java Heap base address is the
#     maximum limit for the native heap growth. Please use -XX:HeapBaseMinAddress
#     to set the Java Heap base and to place the Java Heap above 32GB virtual address.
# This output file may be truncated or incomplete.
#
#  Out of Memory Error (os_windows.cpp:3825), pid=40536, tid=16904
#
# JRE version: OpenJDK Runtime Environment JBR-17.0.9+7-1087.3-nomod (17.0.9+7) (build 17.0.9+7-b1087.3)
# Java VM: OpenJDK 64-Bit Server VM JBR-17.0.9+7-1087.3-nomod (17.0.9+7-b1087.3, mixed mode, tiered, compressed oops, compressed class ptrs, g1 gc, windows-amd64)
# No core dump will be written. Minidumps are not enabled by default on client versions of Windows
#

---------------  S U M M A R Y ------------

Command Line: --add-opens=java.base/java.util=ALL-UNNAMED --add-opens=java.base/java.lang=ALL-UNNAMED --add-opens=java.base/java.lang.invoke=ALL-UNNAMED --add-opens=java.prefs/java.util.prefs=ALL-UNNAMED --add-opens=java.base/java.nio.charset=ALL-UNNAMED --add-opens=java.base/java.net=ALL-UNNAMED --add-opens=java.base/java.util.concurrent.atomic=ALL-UNNAMED -Xms1024m -Xmx4096m -Dfile.encoding=UTF-8 -Duser.country=RU -Duser.language=ru -Duser.variant -javaagent:D:\AndroidGradle\.gradle\wrapper\dists\gradle-8.7-bin\bhs2wmbdwecv87pi65oeuq5iu\gradle-8.7\lib\agents\gradle-instrumentation-agent-8.7.jar org.gradle.launcher.daemon.bootstrap.GradleDaemon 8.7

Host: AMD Ryzen 7 5800HS with Radeon Graphics         , 16 cores, 31G,  Windows 11 , 64 bit Build 26100 (10.0.26100.8328)
Time: Thu May 21 15:37:57 2026  Windows 11 , 64 bit Build 26100 (10.0.26100.8328) elapsed time: 4699.651427 seconds (0d 1h 18m 19s)

---------------  T H R E A D  ---------------

Current thread (0x000001a3799ebfe0):  VMThread "VM Thread" [stack: 0x0000007256e00000,0x0000007256f00000] [id=16904]

Stack: [0x0000007256e00000,0x0000007256f00000]
Native frames: (J=compiled Java code, j=interpreted, Vv=VM code, C=native code)
V  [jvm.dll+0x6886e9]  os::platform_print_native_stack+0xd9  (os_windows_x86.cpp:235)
V  [jvm.dll+0x841e4a]  VMError::report+0xc6a  (vmError.cpp:855)
V  [jvm.dll+0x843a8e]  VMError::report_and_die+0x78e  (vmError.cpp:1749)
V  [jvm.dll+0x8440f3]  VMError::report_and_die+0x43  (vmError.cpp:1535)
V  [jvm.dll+0x24c14f]  report_vm_out_of_memory+0x8f  (debug.cpp:321)
V  [jvm.dll+0x685499]  os::pd_commit_memory_or_exit+0xc9  (os_windows.cpp:3833)
V  [jvm.dll+0x679c2a]  os::commit_memory_or_exit+0x2a  (os.cpp:1739)
V  [jvm.dll+0x30cf9b]  G1PageBasedVirtualSpace::commit+0x19b  (g1PageBasedVirtualSpace.cpp:204)
V  [jvm.dll+0x314446]  G1RegionsLargerThanCommitSizeMapper::commit_regions+0x96  (g1RegionToSpaceMapper.cpp:100)
V  [jvm.dll+0x36425e]  HeapRegionManager::expand_any+0xee  (heapRegionManager.cpp:363)
V  [jvm.dll+0x36448f]  HeapRegionManager::expand_by+0x7f  (heapRegionManager.cpp:380)
V  [jvm.dll+0x2e2d68]  G1CollectedHeap::expand+0xb8  (g1CollectedHeap.cpp:1298)
V  [jvm.dll+0x2e0f44]  G1CollectedHeap::do_collection_pause_at_safepoint_helper+0x9e4  (g1CollectedHeap.cpp:3049)
V  [jvm.dll+0x2e054c]  G1CollectedHeap::do_collection_pause_at_safepoint+0x5c  (g1CollectedHeap.cpp:2912)
V  [jvm.dll+0x3253fb]  VM_G1CollectForAllocation::doit+0x6b  (g1VMOperations.cpp:146)
V  [jvm.dll+0x8487eb]  VM_Operation::evaluate+0xfb  (vmOperations.cpp:73)
V  [jvm.dll+0x849531]  VMThread::evaluate_operation+0xe1  (vmThread.cpp:270)
V  [jvm.dll+0x849a4d]  VMThread::inner_execute+0x1ad  (vmThread.cpp:418)
V  [jvm.dll+0x849e24]  VMThread::loop+0x254  (vmThread.cpp:482)
V  [jvm.dll+0x849ef0]  VMThread::run+0x70  (vmThread.cpp:167)
V  [jvm.dll+0x7f06aa]  Thread::call_run+0x8a  (thread.cpp:405)
V  [jvm.dll+0x687565]  thread_native_entry+0x75  (os_windows.cpp:550)
C  [ucrtbase.dll+0x37b0]
C  [KERNEL32.DLL+0x2e957]
C  [ntdll.dll+0x427c]

VM_Operation (0x0000007263ffa880): G1CollectForAllocation, mode: safepoint, requested by thread 0x000001a37ee09780


---------------  P R O C E S S  ---------------

Threads class SMR info:
_java_thread_list=0x000001a31a4ad7b0, length=206, elements={
0x000001a357f327f0, 0x000001a379a13030, 0x000001a379a14910, 0x000001a3799fde70,
0x000001a3799fe740, 0x000001a379a31970, 0x000001a379a32240, 0x000001a379a32e40,
0x000001a379a351d0, 0x000001a379a7dab0, 0x000001a37e030420, 0x000001a37e183bf0,
0x000001a300140f50, 0x000001a37f1b9af0, 0x000001a300e974a0, 0x000001a37f1c2040,
0x000001a37f1c43b0, 0x000001a37f1c3990, 0x000001a37f1c48c0, 0x000001a37f1c2550,
0x000001a303c43b00, 0x000001a303c45960, 0x000001a303c45e70, 0x000001a303c46da0,
0x000001a303c49110, 0x000001a303c4a550, 0x000001a303c49620, 0x000001a303c49b30,
0x000001a303c4aa60, 0x000001a303c4af70, 0x000001a303a3d570, 0x000001a303a3f3d0,
0x000001a30262b2f0, 0x000001a30262a8d0, 0x000001a302a96df0, 0x000001a302a94f90,
0x000001a302a9a5a0, 0x000001a313d54350, 0x000001a3058b6e20, 0x000001a3058b6910,
0x000001a3058b7840, 0x000001a3058b7330, 0x000001a300f41a80, 0x000001a300f429b0,
0x000001a30d430f10, 0x000001a31801cf10, 0x000001a301965600, 0x000001a31068c010,
0x000001a300f424a0, 0x000001a300f42ec0, 0x000001a300f433d0, 0x000001a300f438e0,
0x000001a30416bd80, 0x000001a304169500, 0x000001a304169f20, 0x000001a30416a940,
0x000001a305f9eeb0, 0x000001a305f9f8d0, 0x000001a305f9fde0, 0x000001a3168f7b50,
0x000001a3168f9ec0, 0x000001a3168fadf0, 0x000001a3168fa3d0, 0x000001a3168f94a0,
0x000001a3168f8060, 0x000001a3168f8570, 0x000001a3168fb300, 0x000001a3168f8a80,
0x000001a3168fa8e0, 0x000001a37e5e89d0, 0x000001a37e5e8ee0, 0x000001a37e5e9e10,
0x000001a37e5ea320, 0x000001a37e5e7080, 0x000001a37e5e93f0, 0x000001a31068e380,
0x000001a31068eda0, 0x000001a30c5af090, 0x000001a30c5affc0, 0x000001a30c5b1910,
0x000001a30bfb2500, 0x000001a3062b44b0, 0x000001a3062b7c60, 0x000001a3062b49c0,
0x000001a3062b7240, 0x000001a3062b4ed0, 0x000001a3062b53e0, 0x000001a3062b7750,
0x000001a3062b58f0, 0x000001a3062b5e00, 0x000001a300f43df0, 0x000001a300f44300,
0x000001a300f44810, 0x000001a300f44d20, 0x000001a300f41570, 0x000001a30434c610,
0x000001a3062b6310, 0x000001a317253590, 0x000001a317253fb0, 0x000001a310093980,
0x000001a3100943a0, 0x000001a3100948b0, 0x000001a3100957e0, 0x000001a310096200,
0x000001a310093470, 0x000001a310093e90, 0x000001a310092a50, 0x000001a302744330,
0x000001a302745260, 0x000001a302744840, 0x000001a302744d50, 0x000001a3162d68f0,
0x000001a3162d8240, 0x000001a3162d59c0, 0x000001a3162d4a90, 0x000001a3162d6e00,
0x000001a3162d7310, 0x000001a3162d7820, 0x000001a3162d5ed0, 0x000001a3162d7d30,
0x000001a3162d4fa0, 0x000001a30c5b1e20, 0x000001a30c5ae670, 0x000001a30c5b04d0,
0x000001a30c5aeb80, 0x000001a30c5b0ef0, 0x000001a306243fa0, 0x000001a3062458f0,
0x000001a3062444b0, 0x000001a306248170, 0x000001a306248680, 0x000001a306244ed0,
0x000001a3062453e0, 0x000001a306248b90, 0x000001a3062490a0, 0x000001a3062495b0,
0x000001a306245e00, 0x000001a30624b920, 0x000001a30624be30, 0x000001a306249ac0,
0x000001a30624a9f0, 0x000001a30624af00, 0x000001a30624b410, 0x000001a306249fd0,
0x000001a30624c850, 0x000001a30624d780, 0x000001a30624dc90, 0x000001a30624a4e0,
0x000001a30624faf0, 0x000001a306251950, 0x000001a306250f30, 0x000001a306251440,
0x000001a30624ebc0, 0x000001a306251e60, 0x000001a30624e1a0, 0x000001a306250510,
0x000001a306252880, 0x000001a306252370, 0x000001a306252d90, 0x000001a306250a20,
0x000001a30624f0d0, 0x000001a30624f5e0, 0x000001a30434bbf0, 0x000001a30fa39740,
0x000001a3062532a0, 0x000001a3062537b0, 0x000001a302626c10, 0x000001a302625ce0,
0x000001a30f464620, 0x000001a30434b6e0, 0x000001a30434cb20, 0x000001a37e5e7fb0,
0x000001a30434acc0, 0x000001a30434d540, 0x000001a30434df60, 0x000001a30434da50,
0x000001a30434e470, 0x000001a3058b8c80, 0x000001a3058b8770, 0x000001a3058b7d50,
0x000001a3058b9190, 0x000001a3058b59e0, 0x000001a3058b5ef0, 0x000001a3058b6400,
0x000001a313d54860, 0x000001a313d53e40, 0x000001a31b21f830, 0x000001a31b220c70,
0x000001a3026248a0, 0x000001a302745770, 0x000001a31068bb00, 0x000001a302745c80,
0x000001a37ee09780, 0x000001a310f879e0, 0x000001a310f85670, 0x000001a310f86090,
0x000001a310f88400, 0x000001a310f865a0, 0x000001a310f87ef0, 0x000001a310f84c50,
0x000001a310f85160, 0x000001a310f85b80, 0x000001a310f86ab0, 0x000001a310f86fc0,
0x000001a30f464b30, 0x000001a319592210
}

Java Threads: ( => current thread )
  0x000001a357f327f0 JavaThread "main" [_thread_blocked, id=28372, stack(0x0000007256800000,0x0000007256900000)]
  0x000001a379a13030 JavaThread "Reference Handler" daemon [_thread_blocked, id=25204, stack(0x0000007256f00000,0x0000007257000000)]
  0x000001a379a14910 JavaThread "Finalizer" daemon [_thread_blocked, id=19276, stack(0x0000007257000000,0x0000007257100000)]
  0x000001a3799fde70 JavaThread "Signal Dispatcher" daemon [_thread_blocked, id=21336, stack(0x0000007257100000,0x0000007257200000)]
  0x000001a3799fe740 JavaThread "Attach Listener" daemon [_thread_blocked, id=25392, stack(0x0000007257200000,0x0000007257300000)]
  0x000001a379a31970 JavaThread "Service Thread" daemon [_thread_blocked, id=19888, stack(0x0000007257300000,0x0000007257400000)]
  0x000001a379a32240 JavaThread "Monitor Deflation Thread" daemon [_thread_blocked, id=28528, stack(0x0000007257400000,0x0000007257500000)]
  0x000001a379a32e40 JavaThread "C2 CompilerThread0" daemon [_thread_blocked, id=15936, stack(0x0000007257500000,0x0000007257600000)]
  0x000001a379a351d0 JavaThread "C1 CompilerThread0" daemon [_thread_blocked, id=20708, stack(0x0000007257600000,0x0000007257700000)]
  0x000001a379a7dab0 JavaThread "Sweeper thread" daemon [_thread_blocked, id=22216, stack(0x0000007257700000,0x0000007257800000)]
  0x000001a37e030420 JavaThread "Common-Cleaner" daemon [_thread_blocked, id=17764, stack(0x0000007257800000,0x0000007257900000)]
  0x000001a37e183bf0 JavaThread "Notification Thread" daemon [_thread_blocked, id=14208, stack(0x0000007257d00000,0x0000007257e00000)]
  0x000001a300140f50 JavaThread "Daemon health stats" [_thread_blocked, id=23348, stack(0x0000007258c00000,0x0000007258d00000)]
  0x000001a37f1b9af0 JavaThread "Incoming local TCP Connector on port 50688" [_thread_in_native, id=19192, stack(0x0000007257f00000,0x0000007258000000)]
  0x000001a300e974a0 JavaThread "Daemon periodic checks" [_thread_blocked, id=6880, stack(0x0000007258d00000,0x0000007258e00000)]
  0x000001a37f1c2040 JavaThread "Cache worker for journal cache (D:\AndroidGradle\.gradle\caches\journal-1)" [_thread_blocked, id=30904, stack(0x0000007259700000,0x0000007259800000)]
  0x000001a37f1c43b0 JavaThread "File lock request listener" [_thread_in_native, id=33780, stack(0x0000007259800000,0x0000007259900000)]
  0x000001a37f1c3990 JavaThread "Cache worker for file hash cache (D:\AndroidGradle\.gradle\caches\8.7\fileHashes)" [_thread_blocked, id=28188, stack(0x0000007259900000,0x0000007259a00000)]
  0x000001a37f1c48c0 JavaThread "File watcher server" daemon [_thread_blocked, id=30076, stack(0x0000007259e00000,0x0000007259f00000)]
  0x000001a37f1c2550 JavaThread "File watcher consumer" daemon [_thread_blocked, id=33644, stack(0x0000007259f00000,0x000000725a000000)]
  0x000001a303c43b00 JavaThread "Cache worker for file content cache (D:\AndroidGradle\.gradle\caches\8.7\fileContent)" [_thread_blocked, id=20036, stack(0x000000725a200000,0x000000725a300000)]
  0x000001a303c45960 JavaThread "jar transforms" [_thread_blocked, id=40796, stack(0x000000725a300000,0x000000725a400000)]
  0x000001a303c45e70 JavaThread "jar transforms Thread 2" [_thread_blocked, id=17968, stack(0x000000725a400000,0x000000725a500000)]
  0x000001a303c46da0 JavaThread "jar transforms Thread 3" [_thread_blocked, id=12428, stack(0x000000725a700000,0x000000725a800000)]
  0x000001a303c49110 JavaThread "jar transforms Thread 4" [_thread_blocked, id=33680, stack(0x000000725b100000,0x000000725b200000)]
  0x000001a303c4a550 JavaThread "jar transforms Thread 5" [_thread_blocked, id=28332, stack(0x000000725b200000,0x000000725b300000)]
  0x000001a303c49620 JavaThread "jar transforms Thread 6" [_thread_blocked, id=16916, stack(0x000000725b300000,0x000000725b400000)]
  0x000001a303c49b30 JavaThread "jar transforms Thread 7" [_thread_blocked, id=35440, stack(0x000000725b400000,0x000000725b500000)]
  0x000001a303c4aa60 JavaThread "jar transforms Thread 8" [_thread_blocked, id=9264, stack(0x000000725b500000,0x000000725b600000)]
  0x000001a303c4af70 JavaThread "jar transforms Thread 9" [_thread_blocked, id=9708, stack(0x000000725b600000,0x000000725b700000)]
  0x000001a303a3d570 JavaThread "jar transforms Thread 10" [_thread_blocked, id=28996, stack(0x000000725b700000,0x000000725b800000)]
  0x000001a303a3f3d0 JavaThread "jar transforms Thread 11" [_thread_blocked, id=18964, stack(0x000000725b900000,0x000000725ba00000)]
  0x000001a30262b2f0 JavaThread "jar transforms Thread 12" [_thread_blocked, id=29780, stack(0x000000725da00000,0x000000725db00000)]
  0x000001a30262a8d0 JavaThread "jar transforms Thread 13" [_thread_blocked, id=38592, stack(0x000000725db00000,0x000000725dc00000)]
  0x000001a302a96df0 JavaThread "jar transforms Thread 14" [_thread_blocked, id=22808, stack(0x000000725dc00000,0x000000725dd00000)]
  0x000001a302a94f90 JavaThread "Memory manager" [_thread_blocked, id=34836, stack(0x000000725dd00000,0x000000725de00000)]
  0x000001a302a9a5a0 JavaThread "pool-3-thread-1" [_thread_blocked, id=4892, stack(0x000000725e000000,0x000000725e100000)]
  0x000001a313d54350 JavaThread "pool-7-thread-1" [_thread_blocked, id=30516, stack(0x000000725c000000,0x000000725c100000)]
  0x000001a3058b6e20 JavaThread "RMI Scheduler(0)" daemon [_thread_blocked, id=4180, stack(0x0000007261e00000,0x0000007261f00000)]
  0x000001a3058b6910 JavaThread "RMI GC Daemon" daemon [_thread_blocked, id=21288, stack(0x0000007262000000,0x0000007262100000)]
  0x000001a3058b7840 JavaThread "RMI TCP Accept-0" daemon [_thread_in_native, id=34932, stack(0x0000007262100000,0x0000007262200000)]
  0x000001a3058b7330 JavaThread "RMI Reaper" [_thread_blocked, id=19024, stack(0x0000007262200000,0x0000007262300000)]
  0x000001a300f41a80 JavaThread "pool-10-thread-1" [_thread_blocked, id=31176, stack(0x000000725be00000,0x000000725bf00000)]
  0x000001a300f429b0 JavaThread "Cache worker for Java compile cache (D:\AndroidGradle\.gradle\caches\8.7\javaCompile)" [_thread_blocked, id=28940, stack(0x0000007262d00000,0x0000007262e00000)]
  0x000001a30d430f10 JavaThread "pool-11-thread-1" [_thread_blocked, id=21720, stack(0x0000007262f00000,0x0000007263000000)]
  0x000001a31801cf10 JavaThread "pool-15-thread-1" [_thread_blocked, id=14348, stack(0x000000725bc00000,0x000000725bd00000)]
  0x000001a301965600 JavaThread "pool-16-thread-1" [_thread_blocked, id=42740, stack(0x0000007262800000,0x0000007262900000)]
  0x000001a31068c010 JavaThread "pool-20-thread-1" [_thread_blocked, id=11432, stack(0x000000725bd00000,0x000000725be00000)]
  0x000001a300f424a0 JavaThread "Daemon Thread 6" [_thread_blocked, id=30000, stack(0x0000007256500000,0x0000007256600000)]
  0x000001a300f42ec0 JavaThread "Handler for socket connection from /127.0.0.1:50688 to /127.0.0.1:60039" [_thread_in_native, id=18576, stack(0x0000007256600000,0x0000007256700000)]
  0x000001a300f433d0 JavaThread "Cancel handler" [_thread_blocked, id=18652, stack(0x0000007256700000,0x0000007256800000)]
  0x000001a300f438e0 JavaThread "Daemon worker Thread 6" [_thread_blocked, id=34840, stack(0x0000007257900000,0x0000007257a00000)]
  0x000001a30416bd80 JavaThread "Asynchronous log dispatcher for DefaultDaemonConnection: socket connection from /127.0.0.1:50688 to /127.0.0.1:60039" [_thread_blocked, id=41348, stack(0x0000007257a00000,0x0000007257b00000)]
  0x000001a304169500 JavaThread "Stdin handler" [_thread_blocked, id=8944, stack(0x0000007257b00000,0x0000007257c00000)]
  0x000001a304169f20 JavaThread "Daemon client event forwarder" [_thread_blocked, id=37224, stack(0x0000007257c00000,0x0000007257d00000)]
  0x000001a30416a940 JavaThread "Cache worker for file hash cache (D:\IdeaProjects\MerchikPub\.gradle\8.7\fileHashes)" [_thread_blocked, id=28144, stack(0x0000007258e00000,0x0000007258f00000)]
  0x000001a305f9eeb0 JavaThread "Cache worker for checksums cache (D:\IdeaProjects\MerchikPub\.gradle\8.7\checksums)" [_thread_blocked, id=26936, stack(0x0000007258f00000,0x0000007259000000)]
  0x000001a305f9f8d0 JavaThread "Cache worker for cache directory md-supplier (D:\AndroidGradle\.gradle\caches\8.7\md-supplier)" [_thread_blocked, id=26804, stack(0x0000007259000000,0x0000007259100000)]
  0x000001a305f9fde0 JavaThread "Cache worker for cache directory md-rule (D:\AndroidGradle\.gradle\caches\8.7\md-rule)" [_thread_blocked, id=31736, stack(0x0000007259100000,0x0000007259200000)]
  0x000001a3168f7b50 JavaThread "Cache worker for Build Output Cleanup Cache (D:\IdeaProjects\MerchikPub\.gradle\buildOutputCleanup)" [_thread_blocked, id=42720, stack(0x0000007259300000,0x0000007259400000)]
  0x000001a3168f9ec0 JavaThread "Unconstrained build operations" [_thread_blocked, id=14436, stack(0x0000007259c00000,0x0000007259d00000)]
  0x000001a3168fadf0 JavaThread "Unconstrained build operations Thread 2" [_thread_blocked, id=10736, stack(0x0000007259d00000,0x0000007259e00000)]
  0x000001a3168fa3d0 JavaThread "Unconstrained build operations Thread 3" [_thread_blocked, id=24260, stack(0x000000725a000000,0x000000725a100000)]
  0x000001a3168f94a0 JavaThread "Unconstrained build operations Thread 4" [_thread_blocked, id=31612, stack(0x000000725a100000,0x000000725a200000)]
  0x000001a3168f8060 JavaThread "Unconstrained build operations Thread 5" [_thread_blocked, id=19796, stack(0x000000725a600000,0x000000725a700000)]
  0x000001a3168f8570 JavaThread "Unconstrained build operations Thread 6" [_thread_blocked, id=39000, stack(0x000000725a800000,0x000000725a900000)]
  0x000001a3168fb300 JavaThread "Unconstrained build operations Thread 7" [_thread_blocked, id=36408, stack(0x000000725a900000,0x000000725aa00000)]
  0x000001a3168f8a80 JavaThread "Unconstrained build operations Thread 8" [_thread_blocked, id=7520, stack(0x000000725aa00000,0x000000725ab00000)]
  0x000001a3168fa8e0 JavaThread "Unconstrained build operations Thread 9" [_thread_blocked, id=27316, stack(0x000000725ab00000,0x000000725ac00000)]
  0x000001a37e5e89d0 JavaThread "Unconstrained build operations Thread 10" [_thread_blocked, id=29724, stack(0x000000725ac00000,0x000000725ad00000)]
  0x000001a37e5e8ee0 JavaThread "Unconstrained build operations Thread 11" [_thread_blocked, id=42160, stack(0x000000725ad00000,0x000000725ae00000)]
  0x000001a37e5e9e10 JavaThread "Unconstrained build operations Thread 12" [_thread_blocked, id=23992, stack(0x000000725ae00000,0x000000725af00000)]
  0x000001a37e5ea320 JavaThread "Unconstrained build operations Thread 13" [_thread_blocked, id=41076, stack(0x000000725af00000,0x000000725b000000)]
  0x000001a37e5e7080 JavaThread "Unconstrained build operations Thread 14" [_thread_blocked, id=34924, stack(0x000000725b000000,0x000000725b100000)]
  0x000001a37e5e93f0 JavaThread "Unconstrained build operations Thread 15" [_thread_blocked, id=17820, stack(0x000000725b800000,0x000000725b900000)]
  0x000001a31068e380 JavaThread "build event listener" [_thread_blocked, id=9720, stack(0x000000725ba00000,0x000000725bb00000)]
  0x000001a31068eda0 JavaThread "build event listener" [_thread_blocked, id=15668, stack(0x000000725bf00000,0x000000725c000000)]
  0x000001a30c5af090 JavaThread "pool-23-thread-1" [_thread_blocked, id=35964, stack(0x000000725c200000,0x000000725c300000)]
  0x000001a30c5affc0 JavaThread "build event listener" [_thread_blocked, id=28520, stack(0x000000725c300000,0x000000725c400000)]
  0x000001a30c5b1910 JavaThread "included builds" [_thread_blocked, id=2736, stack(0x000000725c400000,0x000000725c500000)]
  0x000001a30bfb2500 JavaThread "Execution worker" [_thread_blocked, id=35924, stack(0x000000725c500000,0x000000725c600000)]
  0x000001a3062b44b0 JavaThread "Execution worker Thread 2" [_thread_blocked, id=42820, stack(0x000000725c600000,0x000000725c700000)]
  0x000001a3062b7c60 JavaThread "Execution worker Thread 3" [_thread_blocked, id=29048, stack(0x000000725c700000,0x000000725c800000)]
  0x000001a3062b49c0 JavaThread "Execution worker Thread 4" [_thread_blocked, id=13252, stack(0x000000725c800000,0x000000725c900000)]
  0x000001a3062b7240 JavaThread "Execution worker Thread 5" [_thread_blocked, id=31980, stack(0x000000725c900000,0x000000725ca00000)]
  0x000001a3062b4ed0 JavaThread "Execution worker Thread 6" [_thread_blocked, id=19956, stack(0x000000725ca00000,0x000000725cb00000)]
  0x000001a3062b53e0 JavaThread "Execution worker Thread 7" [_thread_blocked, id=2204, stack(0x000000725cb00000,0x000000725cc00000)]
  0x000001a3062b7750 JavaThread "Execution worker Thread 8" [_thread_blocked, id=8936, stack(0x000000725cc00000,0x000000725cd00000)]
  0x000001a3062b58f0 JavaThread "Execution worker Thread 9" [_thread_blocked, id=5444, stack(0x000000725cd00000,0x000000725ce00000)]
  0x000001a3062b5e00 JavaThread "Execution worker Thread 10" [_thread_blocked, id=25496, stack(0x000000725ce00000,0x000000725cf00000)]
  0x000001a300f43df0 JavaThread "Execution worker Thread 11" [_thread_blocked, id=39872, stack(0x000000725cf00000,0x000000725d000000)]
  0x000001a300f44300 JavaThread "Execution worker Thread 12" [_thread_blocked, id=10284, stack(0x000000725d000000,0x000000725d100000)]
  0x000001a300f44810 JavaThread "Execution worker Thread 13" [_thread_blocked, id=36764, stack(0x000000725d100000,0x000000725d200000)]
  0x000001a300f44d20 JavaThread "Execution worker Thread 14" [_thread_blocked, id=24200, stack(0x000000725d200000,0x000000725d300000)]
  0x000001a300f41570 JavaThread "Execution worker Thread 15" [_thread_blocked, id=36456, stack(0x000000725d300000,0x000000725d400000)]
  0x000001a30434c610 JavaThread "Cache worker for execution history cache (D:\IdeaProjects\MerchikPub\.gradle\8.7\executionHistory)" [_thread_blocked, id=12732, stack(0x000000725d400000,0x000000725d500000)]
  0x000001a3062b6310 JavaThread "Unconstrained build operations Thread 16" [_thread_blocked, id=10200, stack(0x0000007259200000,0x0000007259300000)]
  0x000001a317253590 JavaThread "Unconstrained build operations Thread 17" [_thread_blocked, id=2456, stack(0x0000007259400000,0x0000007259500000)]
  0x000001a317253fb0 JavaThread "Unconstrained build operations Thread 18" [_thread_blocked, id=32988, stack(0x0000007259a00000,0x0000007259b00000)]
  0x000001a310093980 JavaThread "Unconstrained build operations Thread 19" [_thread_blocked, id=30464, stack(0x000000725c100000,0x000000725c200000)]
  0x000001a3100943a0 JavaThread "Unconstrained build operations Thread 20" [_thread_blocked, id=3960, stack(0x000000725d500000,0x000000725d600000)]
  0x000001a3100948b0 JavaThread "Unconstrained build operations Thread 21" [_thread_blocked, id=39960, stack(0x000000725d600000,0x000000725d700000)]
  0x000001a3100957e0 JavaThread "Unconstrained build operations Thread 22" [_thread_blocked, id=18240, stack(0x000000725d700000,0x000000725d800000)]
  0x000001a310096200 JavaThread "Unconstrained build operations Thread 23" [_thread_blocked, id=40784, stack(0x000000725d800000,0x000000725d900000)]
  0x000001a310093470 JavaThread "Unconstrained build operations Thread 24" [_thread_blocked, id=19356, stack(0x000000725d900000,0x000000725da00000)]
  0x000001a310093e90 JavaThread "Unconstrained build operations Thread 25" [_thread_blocked, id=40220, stack(0x000000725df00000,0x000000725e000000)]
  0x000001a310092a50 JavaThread "Unconstrained build operations Thread 26" [_thread_blocked, id=31468, stack(0x000000725e100000,0x000000725e200000)]
  0x000001a302744330 JavaThread "Unconstrained build operations Thread 27" [_thread_blocked, id=29656, stack(0x000000725e200000,0x000000725e300000)]
  0x000001a302745260 JavaThread "Unconstrained build operations Thread 28" [_thread_blocked, id=36624, stack(0x000000725e300000,0x000000725e400000)]
  0x000001a302744840 JavaThread "Unconstrained build operations Thread 29" [_thread_blocked, id=39008, stack(0x000000725e400000,0x000000725e500000)]
  0x000001a302744d50 JavaThread "Unconstrained build operations Thread 30" [_thread_blocked, id=34168, stack(0x000000725e500000,0x000000725e600000)]
  0x000001a3162d68f0 JavaThread "Unconstrained build operations Thread 31" [_thread_blocked, id=39880, stack(0x000000725e600000,0x000000725e700000)]
  0x000001a3162d8240 JavaThread "Unconstrained build operations Thread 32" [_thread_blocked, id=28172, stack(0x000000725e700000,0x000000725e800000)]
  0x000001a3162d59c0 JavaThread "Unconstrained build operations Thread 33" [_thread_blocked, id=42764, stack(0x000000725e800000,0x000000725e900000)]
  0x000001a3162d4a90 JavaThread "Unconstrained build operations Thread 34" [_thread_blocked, id=39212, stack(0x000000725e900000,0x000000725ea00000)]
  0x000001a3162d6e00 JavaThread "Unconstrained build operations Thread 35" [_thread_blocked, id=8124, stack(0x000000725ea00000,0x000000725eb00000)]
  0x000001a3162d7310 JavaThread "Unconstrained build operations Thread 36" [_thread_blocked, id=37252, stack(0x000000725eb00000,0x000000725ec00000)]
  0x000001a3162d7820 JavaThread "Unconstrained build operations Thread 37" [_thread_blocked, id=38000, stack(0x000000725ec00000,0x000000725ed00000)]
  0x000001a3162d5ed0 JavaThread "Unconstrained build operations Thread 38" [_thread_blocked, id=42556, stack(0x000000725ed00000,0x000000725ee00000)]
  0x000001a3162d7d30 JavaThread "Unconstrained build operations Thread 39" [_thread_blocked, id=6776, stack(0x000000725ee00000,0x000000725ef00000)]
  0x000001a3162d4fa0 JavaThread "Unconstrained build operations Thread 40" [_thread_blocked, id=24080, stack(0x000000725ef00000,0x000000725f000000)]
  0x000001a30c5b1e20 JavaThread "Unconstrained build operations Thread 41" [_thread_blocked, id=22944, stack(0x000000725f000000,0x000000725f100000)]
  0x000001a30c5ae670 JavaThread "Unconstrained build operations Thread 42" [_thread_blocked, id=24544, stack(0x000000725f100000,0x000000725f200000)]
  0x000001a30c5b04d0 JavaThread "Unconstrained build operations Thread 43" [_thread_blocked, id=19740, stack(0x000000725f200000,0x000000725f300000)]
  0x000001a30c5aeb80 JavaThread "Unconstrained build operations Thread 44" [_thread_blocked, id=24916, stack(0x000000725f300000,0x000000725f400000)]
  0x000001a30c5b0ef0 JavaThread "Unconstrained build operations Thread 45" [_thread_blocked, id=32740, stack(0x000000725f400000,0x000000725f500000)]
  0x000001a306243fa0 JavaThread "Unconstrained build operations Thread 46" [_thread_blocked, id=30272, stack(0x000000725f500000,0x000000725f600000)]
  0x000001a3062458f0 JavaThread "Unconstrained build operations Thread 47" [_thread_blocked, id=15372, stack(0x000000725f600000,0x000000725f700000)]
  0x000001a3062444b0 JavaThread "Unconstrained build operations Thread 48" [_thread_blocked, id=35116, stack(0x000000725f700000,0x000000725f800000)]
  0x000001a306248170 JavaThread "Unconstrained build operations Thread 49" [_thread_blocked, id=40256, stack(0x000000725f800000,0x000000725f900000)]
  0x000001a306248680 JavaThread "Unconstrained build operations Thread 50" [_thread_blocked, id=31540, stack(0x000000725f900000,0x000000725fa00000)]
  0x000001a306244ed0 JavaThread "Unconstrained build operations Thread 51" [_thread_blocked, id=15108, stack(0x000000725fa00000,0x000000725fb00000)]
  0x000001a3062453e0 JavaThread "Unconstrained build operations Thread 52" [_thread_blocked, id=7832, stack(0x000000725fb00000,0x000000725fc00000)]
  0x000001a306248b90 JavaThread "Unconstrained build operations Thread 53" [_thread_blocked, id=42256, stack(0x000000725fc00000,0x000000725fd00000)]
  0x000001a3062490a0 JavaThread "Unconstrained build operations Thread 54" [_thread_blocked, id=19224, stack(0x000000725fd00000,0x000000725fe00000)]
  0x000001a3062495b0 JavaThread "Unconstrained build operations Thread 55" [_thread_blocked, id=12948, stack(0x000000725fe00000,0x000000725ff00000)]
  0x000001a306245e00 JavaThread "Unconstrained build operations Thread 56" [_thread_blocked, id=28696, stack(0x000000725ff00000,0x0000007260000000)]
  0x000001a30624b920 JavaThread "Unconstrained build operations Thread 57" [_thread_blocked, id=18660, stack(0x0000007260000000,0x0000007260100000)]
  0x000001a30624be30 JavaThread "Unconstrained build operations Thread 58" [_thread_blocked, id=28064, stack(0x0000007260100000,0x0000007260200000)]
  0x000001a306249ac0 JavaThread "Unconstrained build operations Thread 59" [_thread_blocked, id=19408, stack(0x0000007260200000,0x0000007260300000)]
  0x000001a30624a9f0 JavaThread "Unconstrained build operations Thread 60" [_thread_blocked, id=31072, stack(0x0000007260300000,0x0000007260400000)]
  0x000001a30624af00 JavaThread "Unconstrained build operations Thread 61" [_thread_blocked, id=19088, stack(0x0000007260400000,0x0000007260500000)]
  0x000001a30624b410 JavaThread "Unconstrained build operations Thread 62" [_thread_blocked, id=23832, stack(0x0000007260500000,0x0000007260600000)]
  0x000001a306249fd0 JavaThread "Unconstrained build operations Thread 63" [_thread_blocked, id=38980, stack(0x0000007260600000,0x0000007260700000)]
  0x000001a30624c850 JavaThread "Unconstrained build operations Thread 64" [_thread_blocked, id=32684, stack(0x0000007260700000,0x0000007260800000)]
  0x000001a30624d780 JavaThread "Unconstrained build operations Thread 65" [_thread_blocked, id=40132, stack(0x0000007260800000,0x0000007260900000)]
  0x000001a30624dc90 JavaThread "Unconstrained build operations Thread 66" [_thread_blocked, id=21012, stack(0x0000007260900000,0x0000007260a00000)]
  0x000001a30624a4e0 JavaThread "Unconstrained build operations Thread 67" [_thread_blocked, id=28168, stack(0x0000007260a00000,0x0000007260b00000)]
  0x000001a30624faf0 JavaThread "Unconstrained build operations Thread 68" [_thread_blocked, id=36284, stack(0x0000007260b00000,0x0000007260c00000)]
  0x000001a306251950 JavaThread "Unconstrained build operations Thread 69" [_thread_blocked, id=30312, stack(0x0000007260c00000,0x0000007260d00000)]
  0x000001a306250f30 JavaThread "Unconstrained build operations Thread 70" [_thread_blocked, id=8900, stack(0x0000007260d00000,0x0000007260e00000)]
  0x000001a306251440 JavaThread "Unconstrained build operations Thread 71" [_thread_blocked, id=3456, stack(0x0000007260e00000,0x0000007260f00000)]
  0x000001a30624ebc0 JavaThread "Unconstrained build operations Thread 72" [_thread_blocked, id=24908, stack(0x0000007260f00000,0x0000007261000000)]
  0x000001a306251e60 JavaThread "Unconstrained build operations Thread 73" [_thread_blocked, id=21264, stack(0x0000007261000000,0x0000007261100000)]
  0x000001a30624e1a0 JavaThread "Unconstrained build operations Thread 74" [_thread_blocked, id=5296, stack(0x0000007261100000,0x0000007261200000)]
  0x000001a306250510 JavaThread "Unconstrained build operations Thread 75" [_thread_blocked, id=35796, stack(0x0000007261200000,0x0000007261300000)]
  0x000001a306252880 JavaThread "Unconstrained build operations Thread 76" [_thread_blocked, id=39560, stack(0x0000007261300000,0x0000007261400000)]
  0x000001a306252370 JavaThread "Unconstrained build operations Thread 77" [_thread_blocked, id=22412, stack(0x0000007261400000,0x0000007261500000)]
  0x000001a306252d90 JavaThread "Unconstrained build operations Thread 78" [_thread_blocked, id=6012, stack(0x0000007261500000,0x0000007261600000)]
  0x000001a306250a20 JavaThread "Unconstrained build operations Thread 79" [_thread_blocked, id=31888, stack(0x0000007261600000,0x0000007261900000)]
  0x000001a30624f0d0 JavaThread "Unconstrained build operations Thread 80" [_thread_blocked, id=23488, stack(0x0000007261900000,0x0000007261800000)]
  0x000001a30624f5e0 JavaThread "Unconstrained build operations Thread 81" [_thread_blocked, id=21036, stack(0x0000007261800000,0x0000007261900000)]
  0x000001a30434bbf0 JavaThread "WorkerExecutor Queue" [_thread_blocked, id=34288, stack(0x000000725bb00000,0x000000725bc00000)]
  0x000001a30fa39740 JavaThread "RMI TCP Connection(16)-127.0.0.1" daemon [_thread_in_native, id=27524, stack(0x0000007261a00000,0x0000007261b00000)]
  0x000001a3062532a0 JavaThread "Unconstrained build operations Thread 82" [_thread_blocked, id=18704, stack(0x0000007261b00000,0x0000007261c00000)]
  0x000001a3062537b0 JavaThread "Unconstrained build operations Thread 83" [_thread_blocked, id=25508, stack(0x0000007261c00000,0x0000007261d00000)]
  0x000001a302626c10 JavaThread "Unconstrained build operations Thread 84" [_thread_blocked, id=17148, stack(0x0000007261d00000,0x0000007261e00000)]
  0x000001a302625ce0 JavaThread "Unconstrained build operations Thread 85" [_thread_blocked, id=41712, stack(0x0000007261f00000,0x0000007262000000)]
  0x000001a30f464620 JavaThread "WorkerExecutor Queue Thread 2" [_thread_blocked, id=20060, stack(0x0000007259b00000,0x0000007259c00000)]
  0x000001a30434b6e0 JavaThread "Unconstrained build operations Thread 86" [_thread_blocked, id=35040, stack(0x0000007261900000,0x0000007261a00000)]
  0x000001a30434cb20 JavaThread "WorkerExecutor Queue Thread 3" [_thread_blocked, id=2016, stack(0x0000007262300000,0x0000007262400000)]
  0x000001a37e5e7fb0 JavaThread "RMI TCP Connection(17)-127.0.0.1" daemon [_thread_in_native, id=31596, stack(0x0000007262500000,0x0000007262600000)]
  0x000001a30434acc0 JavaThread "Unconstrained build operations Thread 87" [_thread_blocked, id=31448, stack(0x0000007262600000,0x0000007262700000)]
  0x000001a30434d540 JavaThread "Build operations" [_thread_blocked, id=35876, stack(0x0000007262b00000,0x0000007262c00000)]
  0x000001a30434df60 JavaThread "Build operations Thread 2" [_thread_blocked, id=28088, stack(0x0000007262e00000,0x0000007262f00000)]
  0x000001a30434da50 JavaThread "Build operations Thread 3" [_thread_blocked, id=34176, stack(0x0000007263000000,0x0000007263100000)]
  0x000001a30434e470 JavaThread "Build operations Thread 4" [_thread_blocked, id=7424, stack(0x0000007263100000,0x0000007263200000)]
  0x000001a3058b8c80 JavaThread "Build operations Thread 5" [_thread_blocked, id=33532, stack(0x0000007263200000,0x0000007263300000)]
  0x000001a3058b8770 JavaThread "Build operations Thread 6" [_thread_blocked, id=19504, stack(0x0000007263300000,0x0000007263400000)]
  0x000001a3058b7d50 JavaThread "Build operations Thread 7" [_thread_blocked, id=21132, stack(0x0000007263400000,0x0000007263500000)]
  0x000001a3058b9190 JavaThread "Build operations Thread 8" [_thread_blocked, id=7904, stack(0x0000007263500000,0x0000007263600000)]
  0x000001a3058b59e0 JavaThread "Build operations Thread 9" [_thread_blocked, id=9728, stack(0x0000007263600000,0x0000007263700000)]
  0x000001a3058b5ef0 JavaThread "Build operations Thread 10" [_thread_blocked, id=41388, stack(0x0000007263700000,0x0000007263800000)]
  0x000001a3058b6400 JavaThread "Build operations Thread 11" [_thread_blocked, id=27592, stack(0x0000007263800000,0x0000007263900000)]
  0x000001a313d54860 JavaThread "Build operations Thread 12" [_thread_blocked, id=28808, stack(0x0000007263900000,0x0000007263a00000)]
  0x000001a313d53e40 JavaThread "Build operations Thread 13" [_thread_blocked, id=32508, stack(0x0000007263a00000,0x0000007263b00000)]
  0x000001a31b21f830 JavaThread "Build operations Thread 14" [_thread_blocked, id=29092, stack(0x0000007263b00000,0x0000007263c00000)]
  0x000001a31b220c70 JavaThread "Build operations Thread 15" [_thread_blocked, id=34804, stack(0x0000007263c00000,0x0000007263d00000)]
  0x000001a3026248a0 JavaThread "Unconstrained build operations Thread 88" [_thread_blocked, id=41304, stack(0x0000007264100000,0x0000007264200000)]
  0x000001a302745770 JavaThread "pool-24-thread-1" [_thread_blocked, id=20364, stack(0x0000007263d00000,0x0000007263e00000)]
  0x000001a31068bb00 JavaThread "RMI TCP Connection(18)-127.0.0.1" daemon [_thread_in_native, id=38796, stack(0x0000007262400000,0x0000007262500000)]
  0x000001a302745c80 JavaThread "WorkerExecutor Queue Thread 4" [_thread_blocked, id=9248, stack(0x0000007263e00000,0x0000007263f00000)]
  0x000001a37ee09780 JavaThread "WorkerExecutor Queue Thread 5" [_thread_blocked, id=35984, stack(0x0000007263f00000,0x0000007264000000)]
  0x000001a310f879e0 JavaThread "WorkerExecutor Queue Thread 6" [_thread_blocked, id=34524, stack(0x0000007264000000,0x0000007264100000)]
  0x000001a310f85670 JavaThread "WorkerExecutor Queue Thread 7" [_thread_blocked, id=33944, stack(0x0000007264200000,0x0000007264300000)]
  0x000001a310f86090 JavaThread "WorkerExecutor Queue Thread 8" [_thread_blocked, id=7444, stack(0x0000007264300000,0x0000007264400000)]
  0x000001a310f88400 JavaThread "WorkerExecutor Queue Thread 9" [_thread_blocked, id=26764, stack(0x0000007264400000,0x0000007264500000)]
  0x000001a310f865a0 JavaThread "WorkerExecutor Queue Thread 10" [_thread_blocked, id=15088, stack(0x0000007264500000,0x0000007264600000)]
  0x000001a310f87ef0 JavaThread "WorkerExecutor Queue Thread 11" [_thread_blocked, id=18336, stack(0x0000007264600000,0x0000007264700000)]
  0x000001a310f84c50 JavaThread "WorkerExecutor Queue Thread 12" [_thread_blocked, id=20436, stack(0x0000007264700000,0x0000007264800000)]
  0x000001a310f85160 JavaThread "WorkerExecutor Queue Thread 13" [_thread_blocked, id=33448, stack(0x0000007264800000,0x0000007264900000)]
  0x000001a310f85b80 JavaThread "WorkerExecutor Queue Thread 14" [_thread_blocked, id=24708, stack(0x0000007264900000,0x0000007264a00000)]
  0x000001a310f86ab0 JavaThread "WorkerExecutor Queue Thread 15" [_thread_blocked, id=14192, stack(0x0000007264a00000,0x0000007264b00000)]
  0x000001a310f86fc0 JavaThread "WorkerExecutor Queue Thread 16" [_thread_blocked, id=5036, stack(0x0000007264b00000,0x0000007264c00000)]
  0x000001a30f464b30 JavaThread "Keep-Alive-Timer" daemon [_thread_blocked, id=19460, stack(0x0000007264c00000,0x0000007264d00000)]
  0x000001a319592210 JavaThread "C1 CompilerThread1" daemon [_thread_blocked, id=17188, stack(0x0000007264e00000,0x0000007264f00000)]

Other Threads:
=>0x000001a3799ebfe0 VMThread "VM Thread" [stack: 0x0000007256e00000,0x0000007256f00000] [id=16904]
  0x000001a37e1840d0 WatcherThread [stack: 0x0000007257e00000,0x0000007257f00000] [id=8540]
  0x000001a357fa0cc0 GCTaskThread "GC Thread#0" [stack: 0x0000007256900000,0x0000007256a00000] [id=22032]
  0x000001a37f1db500 GCTaskThread "GC Thread#1" [stack: 0x0000007258000000,0x0000007258100000] [id=12492]
  0x000001a37ef2eb20 GCTaskThread "GC Thread#2" [stack: 0x0000007258100000,0x0000007258200000] [id=38224]
  0x000001a37e38aeb0 GCTaskThread "GC Thread#3" [stack: 0x0000007258200000,0x0000007258300000] [id=2168]
  0x000001a37e89d9f0 GCTaskThread "GC Thread#4" [stack: 0x0000007258300000,0x0000007258400000] [id=7188]
  0x000001a37f1ded10 GCTaskThread "GC Thread#5" [stack: 0x0000007258400000,0x0000007258500000] [id=19672]
  0x000001a37e796370 GCTaskThread "GC Thread#6" [stack: 0x0000007258500000,0x0000007258600000] [id=30940]
  0x000001a37e796a00 GCTaskThread "GC Thread#7" [stack: 0x0000007258600000,0x0000007258700000] [id=13236]
  0x000001a37e797460 GCTaskThread "GC Thread#8" [stack: 0x0000007258700000,0x0000007258800000] [id=41612]
  0x000001a37e797720 GCTaskThread "GC Thread#9" [stack: 0x0000007258800000,0x0000007258900000] [id=42576]
  0x000001a37ec21f20 GCTaskThread "GC Thread#10" [stack: 0x0000007258900000,0x0000007258a00000] [id=42780]
  0x000001a37ec225f0 GCTaskThread "GC Thread#11" [stack: 0x0000007258a00000,0x0000007258b00000] [id=28888]
  0x000001a37ec25060 GCTaskThread "GC Thread#12" [stack: 0x0000007258b00000,0x0000007258c00000] [id=35408]
  0x000001a357faac70 ConcurrentGCThread "G1 Main Marker" [stack: 0x0000007256a00000,0x0000007256b00000] [id=28648]
  0x000001a376822a10 ConcurrentGCThread "G1 Conc#0" [stack: 0x0000007256b00000,0x0000007256c00000] [id=22892]
  0x000001a37f288e40 ConcurrentGCThread "G1 Conc#1" [stack: 0x0000007259500000,0x0000007259600000] [id=29600]
  0x000001a37f28a180 ConcurrentGCThread "G1 Conc#2" [stack: 0x0000007259600000,0x0000007259700000] [id=27128]
  0x000001a357fdd920 ConcurrentGCThread "G1 Refine#0" [stack: 0x0000007256c00000,0x0000007256d00000] [id=12548]
  0x000001a303e31160 ConcurrentGCThread "G1 Refine#1" [stack: 0x000000725a500000,0x000000725a600000] [id=18956]
  0x000001a303e31a30 ConcurrentGCThread "G1 Refine#2" [stack: 0x000000725de00000,0x000000725df00000] [id=33500]
  0x000001a301076610 ConcurrentGCThread "G1 Refine#3" [stack: 0x0000007262900000,0x0000007262a00000] [id=20268]
  0x000001a301076320 ConcurrentGCThread "G1 Refine#4" [stack: 0x0000007262a00000,0x0000007262b00000] [id=10376]
  0x000001a3010777b0 ConcurrentGCThread "G1 Refine#5" [stack: 0x0000007262c00000,0x0000007262d00000] [id=33064]
  0x000001a301075a50 ConcurrentGCThread "G1 Refine#6" [stack: 0x0000007268300000,0x0000007268400000] [id=38788]
  0x000001a301077aa0 ConcurrentGCThread "G1 Refine#7" [stack: 0x0000007268400000,0x0000007268500000] [id=12652]
  0x000001a3010748b0 ConcurrentGCThread "G1 Refine#8" [stack: 0x0000007268500000,0x0000007268600000] [id=32904]
  0x000001a301075470 ConcurrentGCThread "G1 Refine#9" [stack: 0x0000007268600000,0x0000007268700000] [id=22780]
  0x000001a301075d40 ConcurrentGCThread "G1 Refine#10" [stack: 0x0000007268700000,0x0000007268800000] [id=30268]
  0x000001a303e2f9e0 ConcurrentGCThread "G1 Refine#11" [stack: 0x0000007268800000,0x0000007268900000] [id=27536]
  0x000001a3027b8620 ConcurrentGCThread "G1 Refine#12" [stack: 0x0000007268900000,0x0000007268a00000] [id=26036]
  0x000001a357fde100 ConcurrentGCThread "G1 Service" [stack: 0x0000007256d00000,0x0000007256e00000] [id=5524]

Threads with active compile tasks:

VM state: at safepoint (normal execution)

VM Mutex/Monitor currently owned by a thread:  ([mutex/lock_event])
[0x000001a357f2f3c0] Threads_lock - owner thread: 0x000001a3799ebfe0
[0x000001a357f2f450] Heap_lock - owner thread: 0x000001a37ee09780

Heap address: 0x0000000700000000, size: 4096 MB, Compressed Oops mode: Zero based, Oop shift amount: 3

CDS archive(s) not mapped
Compressed class space mapped at: 0x0000000800000000-0x0000000840000000, reserved size: 1073741824
Narrow klass base: 0x0000000800000000, Narrow klass shift: 0, Narrow klass range: 0x40000000

GC Precious Log:
 CPUs: 16 total, 16 available
 Memory: 32159M
 Large Page Support: Disabled
 NUMA Support: Disabled
 Compressed Oops: Enabled (Zero based)
 Heap Region Size: 2M
 Heap Min Capacity: 1G
 Heap Initial Capacity: 1G
 Heap Max Capacity: 4G
 Pre-touch: Disabled
 Parallel Workers: 13
 Concurrent Workers: 3
 Concurrent Refinement Workers: 13
 Periodic GC: Disabled

Heap:
 garbage-first heap   total 2781184K, used 666255K [0x0000000700000000, 0x0000000800000000)
  region size 2048K, 4 young (8192K), 4 survivors (8192K)
 Metaspace       used 236758K, committed 238528K, reserved 1310720K
  class space    used 30062K, committed 30912K, reserved 1048576K

Heap Regions: E=young(eden), S=young(survivor), O=old, HS=humongous(starts), HC=humongous(continues), CS=collection set, F=free, OA=open archive, CA=closed archive, TAMS=top-at-mark-start (previous, next)
|   0|0x0000000700000000, 0x0000000700200000, 0x0000000700200000|100%|HS|  |TAMS 0x0000000700200000, 0x0000000700200000| Complete 
|   1|0x0000000700200000, 0x0000000700400000, 0x0000000700400000|100%|HC|  |TAMS 0x0000000700400000, 0x0000000700400000| Complete 
|   2|0x0000000700400000, 0x0000000700600000, 0x0000000700600000|100%| O|  |TAMS 0x0000000700600000, 0x0000000700600000| Untracked 
|   3|0x0000000700600000, 0x0000000700800000, 0x0000000700800000|100%| O|  |TAMS 0x0000000700800000, 0x0000000700800000| Untracked 
|   4|0x0000000700800000, 0x0000000700a00000, 0x0000000700a00000|100%| O|  |TAMS 0x0000000700a00000, 0x0000000700a00000| Untracked 
|   5|0x0000000700a00000, 0x0000000700c00000, 0x0000000700c00000|100%| O|  |TAMS 0x0000000700c00000, 0x0000000700c00000| Untracked 
|   6|0x0000000700c00000, 0x0000000700e00000, 0x0000000700e00000|100%|HS|  |TAMS 0x0000000700e00000, 0x0000000700e00000| Complete 
|   7|0x0000000700e00000, 0x0000000701000000, 0x0000000701000000|100%| O|  |TAMS 0x0000000701000000, 0x0000000701000000| Untracked 
|   8|0x0000000701000000, 0x0000000701200000, 0x0000000701200000|100%|HS|  |TAMS 0x0000000701200000, 0x0000000701200000| Complete 
|   9|0x0000000701200000, 0x0000000701400000, 0x0000000701400000|100%|HS|  |TAMS 0x0000000701400000, 0x0000000701400000| Complete 
|  10|0x0000000701400000, 0x0000000701600000, 0x0000000701600000|100%|HS|  |TAMS 0x0000000701600000, 0x0000000701600000| Complete 
|  11|0x0000000701600000, 0x0000000701800000, 0x0000000701800000|100%|HC|  |TAMS 0x0000000701800000, 0x0000000701800000| Complete 
|  12|0x0000000701800000, 0x0000000701a00000, 0x0000000701a00000|100%|HS|  |TAMS 0x0000000701a00000, 0x0000000701a00000| Complete 
|  13|0x0000000701a00000, 0x0000000701c00000, 0x0000000701c00000|100%|HC|  |TAMS 0x0000000701c00000, 0x0000000701c00000| Complete 
|  14|0x0000000701c00000, 0x0000000701e00000, 0x0000000701e00000|100%| O|  |TAMS 0x0000000701e00000, 0x0000000701e00000| Untracked 
|  15|0x0000000701e00000, 0x0000000703000000, 0x0000000703000000|100%| O|  |TAMS 0x0000000703000000, 0x0000000703000000| Untracked
|  16|0x0000000703000000, 0x0000000702200000, 0x0000000702200000|100%| O|  |TAMS 0x0000000702200000, 0x0000000702200000| Untracked
|  17|0x0000000702200000, 0x0000000702400000, 0x0000000702400000|100%| O|  |TAMS 0x0000000702400000, 0x0000000702400000| Untracked 
|  18|0x0000000702400000, 0x0000000702600000, 0x0000000702600000|100%| O|  |TAMS 0x0000000702600000, 0x0000000702600000| Untracked 
|  19|0x0000000702600000, 0x0000000702800000, 0x0000000702800000|100%| O|  |TAMS 0x0000000702800000, 0x0000000702800000| Untracked 
|  20|0x0000000702800000, 0x0000000702a00000, 0x0000000702a00000|100%| O|  |TAMS 0x0000000702a00000, 0x0000000702a00000| Untracked 
|  21|0x0000000702a00000, 0x0000000702c00000, 0x0000000702c00000|100%| O|  |TAMS 0x0000000702c00000, 0x0000000702c00000| Untracked 
|  22|0x0000000702c00000, 0x0000000702e00000, 0x0000000702e00000|100%| O|  |TAMS 0x0000000702e00000, 0x0000000702e00000| Untracked 
|  23|0x0000000702e00000, 0x0000000703000000, 0x0000000703000000|100%| O|  |TAMS 0x0000000703000000, 0x0000000703000000| Untracked 
|  24|0x0000000703000000, 0x0000000703200000, 0x0000000703200000|100%| O|  |TAMS 0x0000000703200000, 0x0000000703200000| Untracked 
|  25|0x0000000703200000, 0x0000000703400000, 0x0000000703400000|100%| O|  |TAMS 0x0000000703400000, 0x0000000703400000| Untracked 
|  26|0x0000000703400000, 0x0000000703600000, 0x0000000703600000|100%| O|  |TAMS 0x0000000703600000, 0x0000000703600000| Untracked 
|  27|0x0000000703600000, 0x0000000703800000, 0x0000000703800000|100%| O|  |TAMS 0x0000000703800000, 0x0000000703800000| Untracked 
|  28|0x0000000703800000, 0x0000000703a00000, 0x0000000703a00000|100%| O|  |TAMS 0x0000000703a00000, 0x0000000703a00000| Untracked 
|  29|0x0000000703a00000, 0x0000000703c00000, 0x0000000703c00000|100%| O|  |TAMS 0x0000000703c00000, 0x0000000703c00000| Untracked 
|  30|0x0000000703c00000, 0x0000000703e00000, 0x0000000703e00000|100%| O|  |TAMS 0x0000000703e00000, 0x0000000703e00000| Untracked 
|  31|0x0000000703e00000, 0x0000000704000000, 0x0000000704000000|100%| O|  |TAMS 0x0000000704000000, 0x0000000704000000| Untracked 
|  32|0x0000000704000000, 0x0000000704200000, 0x0000000704200000|100%| O|  |TAMS 0x0000000704200000, 0x0000000704200000| Untracked 
|  33|0x0000000704200000, 0x0000000704400000, 0x0000000704400000|100%| O|  |TAMS 0x0000000704400000, 0x0000000704400000| Untracked 
|  34|0x0000000704400000, 0x0000000704600000, 0x0000000704600000|100%| O|  |TAMS 0x0000000704600000, 0x0000000704600000| Untracked 
|  35|0x0000000704600000, 0x0000000704800000, 0x0000000704800000|100%| O|  |TAMS 0x0000000704800000, 0x0000000704800000| Untracked 
|  36|0x0000000704800000, 0x0000000704a00000, 0x0000000704a00000|100%| O|  |TAMS 0x0000000704a00000, 0x0000000704a00000| Untracked 
|  37|0x0000000704a00000, 0x0000000704c00000, 0x0000000704c00000|100%| O|  |TAMS 0x0000000704c00000, 0x0000000704c00000| Untracked 
|  38|0x0000000704c00000, 0x0000000704e00000, 0x0000000704e00000|100%| O|  |TAMS 0x0000000704e00000, 0x0000000704e00000| Untracked 
|  39|0x0000000704e00000, 0x0000000705000000, 0x0000000705000000|100%| O|  |TAMS 0x0000000705000000, 0x0000000705000000| Untracked 
|  40|0x0000000705000000, 0x0000000705200000, 0x0000000705200000|100%| O|  |TAMS 0x0000000705200000, 0x0000000705200000| Untracked 
|  41|0x0000000705200000, 0x0000000705400000, 0x0000000705400000|100%| O|  |TAMS 0x0000000705400000, 0x0000000705400000| Untracked 
|  42|0x0000000705400000, 0x0000000705600000, 0x0000000705600000|100%| O|  |TAMS 0x0000000705600000, 0x0000000705600000| Untracked 
|  43|0x0000000705600000, 0x0000000705800000, 0x0000000705800000|100%| O|  |TAMS 0x0000000705800000, 0x0000000705800000| Untracked 
|  44|0x0000000705800000, 0x0000000705a00000, 0x0000000705a00000|100%| O|  |TAMS 0x0000000705a00000, 0x0000000705a00000| Untracked 
|  45|0x0000000705a00000, 0x0000000705c00000, 0x0000000705c00000|100%| O|  |TAMS 0x0000000705c00000, 0x0000000705c00000| Untracked 
|  46|0x0000000705c00000, 0x0000000705e00000, 0x0000000705e00000|100%| O|  |TAMS 0x0000000705e00000, 0x0000000705e00000| Untracked 
|  47|0x0000000705e00000, 0x0000000706000000, 0x0000000706000000|100%| O|  |TAMS 0x0000000706000000, 0x0000000706000000| Untracked 
|  48|0x0000000706000000, 0x0000000706200000, 0x0000000706200000|100%| O|  |TAMS 0x0000000706200000, 0x0000000706200000| Untracked 
|  49|0x0000000706200000, 0x0000000706400000, 0x0000000706400000|100%| O|  |TAMS 0x0000000706400000, 0x0000000706400000| Untracked 
|  50|0x0000000706400000, 0x0000000706600000, 0x0000000706600000|100%| O|  |TAMS 0x0000000706600000, 0x0000000706600000| Untracked 
|  51|0x0000000706600000, 0x0000000706800000, 0x0000000706800000|100%| O|  |TAMS 0x0000000706800000, 0x0000000706800000| Untracked 
|  52|0x0000000706800000, 0x0000000706a00000, 0x0000000706a00000|100%| O|  |TAMS 0x0000000706a00000, 0x0000000706a00000| Untracked 
|  53|0x0000000706a00000, 0x0000000706c00000, 0x0000000706c00000|100%| O|  |TAMS 0x0000000706c00000, 0x0000000706c00000| Untracked 
|  54|0x0000000706c00000, 0x0000000706e00000, 0x0000000706e00000|100%| O|  |TAMS 0x0000000706e00000, 0x0000000706e00000| Untracked 
|  55|0x0000000706e00000, 0x0000000727000000, 0x0000000727000000|100%| O|  |TAMS 0x0000000727000000, 0x0000000727000000| Untracked
|  56|0x0000000727000000, 0x0000000707270000, 0x0000000707270000|100%|HS|  |TAMS 0x0000000707270000, 0x0000000707270000| Complete
|  57|0x0000000707270000, 0x0000000707400000, 0x0000000707400000|100%|HS|  |TAMS 0x0000000707400000, 0x0000000707400000| Complete
|  58|0x0000000707400000, 0x0000000707600000, 0x0000000707600000|100%|HC|  |TAMS 0x0000000707600000, 0x0000000707600000| Complete 
|  59|0x0000000707600000, 0x0000000707800000, 0x0000000707800000|100%| O|  |TAMS 0x0000000707800000, 0x0000000707800000| Untracked 
|  60|0x0000000707800000, 0x0000000707a00000, 0x0000000707a00000|100%| O|  |TAMS 0x0000000707a00000, 0x0000000707a00000| Untracked 
|  61|0x0000000707a00000, 0x0000000707c00000, 0x0000000707c00000|100%| O|  |TAMS 0x0000000707c00000, 0x0000000707c00000| Untracked 
|  62|0x0000000707c00000, 0x0000000707e00000, 0x0000000707e00000|100%| O|  |TAMS 0x0000000707e00000, 0x0000000707e00000| Untracked 
|  63|0x0000000707e00000, 0x0000000727000000, 0x0000000727000000|100%| O|  |TAMS 0x0000000727000000, 0x0000000727000000| Untracked
|  64|0x0000000727000000, 0x0000000708200000, 0x0000000708200000|100%| O|  |TAMS 0x0000000708200000, 0x0000000708200000| Untracked
|  65|0x0000000708200000, 0x0000000708400000, 0x0000000708400000|100%| O|  |TAMS 0x0000000708400000, 0x0000000708400000| Untracked 
|  66|0x0000000708400000, 0x0000000708600000, 0x0000000708600000|100%| O|  |TAMS 0x0000000708600000, 0x0000000708600000| Untracked 
|  67|0x0000000708600000, 0x0000000708800000, 0x0000000708800000|100%| O|  |TAMS 0x0000000708800000, 0x0000000708800000| Untracked 
|  68|0x0000000708800000, 0x0000000708a00000, 0x0000000708a00000|100%| O|  |TAMS 0x0000000708a00000, 0x0000000708a00000| Untracked 
|  69|0x0000000708a00000, 0x0000000708c00000, 0x0000000708c00000|100%| O|  |TAMS 0x0000000708c00000, 0x0000000708c00000| Untracked 
|  70|0x0000000708c00000, 0x0000000708e00000, 0x0000000708e00000|100%| O|  |TAMS 0x0000000708e00000, 0x0000000708e00000| Untracked 
|  71|0x0000000708e00000, 0x0000000709000000, 0x0000000709000000|100%| O|  |TAMS 0x0000000709000000, 0x0000000709000000| Untracked 
|  72|0x0000000709000000, 0x0000000709200000, 0x0000000709200000|100%| O|  |TAMS 0x0000000709200000, 0x0000000709200000| Untracked 
|  73|0x0000000709200000, 0x0000000709400000, 0x0000000709400000|100%| O|  |TAMS 0x0000000709400000, 0x0000000709400000| Untracked 
|  74|0x0000000709400000, 0x0000000709600000, 0x0000000709600000|100%| O|  |TAMS 0x0000000709400000, 0x0000000709600000| Untracked 
|  75|0x0000000709600000, 0x0000000709800000, 0x0000000709800000|100%| O|  |TAMS 0x0000000709800000, 0x0000000709800000| Untracked 
|  76|0x0000000709800000, 0x0000000709a00000, 0x0000000709a00000|100%| O|  |TAMS 0x0000000709a00000, 0x0000000709a00000| Untracked 
|  77|0x0000000709a00000, 0x0000000709c00000, 0x0000000709c00000|100%| O|  |TAMS 0x0000000709c00000, 0x0000000709c00000| Untracked 
|  78|0x0000000709c00000, 0x0000000709e00000, 0x0000000709e00000|100%| O|  |TAMS 0x0000000709e00000, 0x0000000709e00000| Untracked 
|  79|0x0000000709e00000, 0x000000070a000000, 0x000000070a000000|100%| O|  |TAMS 0x000000070a000000, 0x000000070a000000| Untracked 
|  80|0x000000070a000000, 0x000000070a200000, 0x000000070a200000|100%| O|  |TAMS 0x000000070a200000, 0x000000070a200000| Untracked 
|  81|0x000000070a200000, 0x000000070a400000, 0x000000070a400000|100%| O|  |TAMS 0x000000070a400000, 0x000000070a400000| Untracked 
|  82|0x000000070a400000, 0x000000070a600000, 0x000000070a600000|100%| O|  |TAMS 0x000000070a600000, 0x000000070a600000| Untracked 
|  83|0x000000070a600000, 0x000000070a800000, 0x000000070a800000|100%| O|  |TAMS 0x000000070a800000, 0x000000070a800000| Untracked 
|  84|0x000000070a800000, 0x000000070aa00000, 0x000000070aa00000|100%| O|  |TAMS 0x000000070aa00000, 0x000000070aa00000| Untracked 
|  85|0x000000070aa00000, 0x000000070ac00000, 0x000000070ac00000|100%| O|  |TAMS 0x000000070ac00000, 0x000000070ac00000| Untracked 
|  86|0x000000070ac00000, 0x000000070ae00000, 0x000000070ae00000|100%| O|  |TAMS 0x000000070ae00000, 0x000000070ae00000| Untracked 
|  87|0x000000070ae00000, 0x000000070b000000, 0x000000070b000000|100%| O|  |TAMS 0x000000070b000000, 0x000000070b000000| Untracked 
|  88|0x000000070b000000, 0x000000070b200000, 0x000000070b200000|100%| O|  |TAMS 0x000000070b200000, 0x000000070b200000| Untracked 
|  89|0x000000070b200000, 0x000000070b400000, 0x000000070b400000|100%| O|  |TAMS 0x000000070b400000, 0x000000070b400000| Untracked 
|  90|0x000000070b400000, 0x000000070b600000, 0x000000070b600000|100%| O|  |TAMS 0x000000070b600000, 0x000000070b600000| Untracked 
|  91|0x000000070b600000, 0x000000070b800000, 0x000000070b800000|100%| O|  |TAMS 0x000000070b800000, 0x000000070b800000| Untracked 
|  92|0x000000070b800000, 0x000000070ba00000, 0x000000070ba00000|100%| O|  |TAMS 0x000000070ba00000, 0x000000070ba00000| Untracked 
|  93|0x000000070ba00000, 0x000000070bc00000, 0x000000070bc00000|100%| O|  |TAMS 0x000000070bc00000, 0x000000070bc00000| Untracked 
|  94|0x000000070bc00000, 0x000000070be00000, 0x000000070be00000|100%| O|  |TAMS 0x000000070be00000, 0x000000070be00000| Untracked 
|  95|0x000000070be00000, 0x000000070c000000, 0x000000070c000000|100%| O|  |TAMS 0x000000070c000000, 0x000000070c000000| Untracked 
|  96|0x000000070c000000, 0x000000070c200000, 0x000000070c200000|100%| O|  |TAMS 0x000000070c200000, 0x000000070c200000| Untracked 
|  97|0x000000070c200000, 0x000000070c400000, 0x000000070c400000|100%| O|  |TAMS 0x000000070c400000, 0x000000070c400000| Untracked 
|  98|0x000000070c400000, 0x000000070c600000, 0x000000070c600000|100%| O|  |TAMS 0x000000070c600000, 0x000000070c600000| Untracked 
|  99|0x000000070c600000, 0x000000070c800000, 0x000000070c800000|100%| O|  |TAMS 0x000000070c800000, 0x000000070c800000| Untracked 
| 100|0x000000070c800000, 0x000000070ca00000, 0x000000070ca00000|100%| O|  |TAMS 0x000000070ca00000, 0x000000070ca00000| Untracked 
| 101|0x000000070ca00000, 0x000000070cc00000, 0x000000070cc00000|100%| O|  |TAMS 0x000000070cc00000, 0x000000070cc00000| Untracked 
| 102|0x000000070cc00000, 0x000000070ce00000, 0x000000070ce00000|100%| O|  |TAMS 0x000000070ce00000, 0x000000070ce00000| Untracked 
| 103|0x000000070ce00000, 0x000000070d000000, 0x000000070d000000|100%| O|  |TAMS 0x000000070d000000, 0x000000070d000000| Untracked 
| 104|0x000000070d000000, 0x000000070d200000, 0x000000070d200000|100%| O|  |TAMS 0x000000070d200000, 0x000000070d200000| Untracked 
| 105|0x000000070d200000, 0x000000070d400000, 0x000000070d400000|100%| O|  |TAMS 0x000000070d400000, 0x000000070d400000| Untracked 
| 106|0x000000070d400000, 0x000000070d600000, 0x000000070d600000|100%| O|  |TAMS 0x000000070d600000, 0x000000070d600000| Untracked 
| 107|0x000000070d600000, 0x000000070d800000, 0x000000070d800000|100%| O|  |TAMS 0x000000070d800000, 0x000000070d800000| Untracked 
| 108|0x000000070d800000, 0x000000070da00000, 0x000000070da00000|100%| O|  |TAMS 0x000000070da00000, 0x000000070da00000| Untracked 
| 109|0x000000070da00000, 0x000000070dc00000, 0x000000070dc00000|100%| O|  |TAMS 0x000000070dc00000, 0x000000070dc00000| Untracked 
| 110|0x000000070dc00000, 0x000000070de00000, 0x000000070de00000|100%| O|  |TAMS 0x000000070de00000, 0x000000070de00000| Untracked 
| 111|0x000000070de00000, 0x000000070e000000, 0x000000070e000000|100%| O|  |TAMS 0x000000070e000000, 0x000000070e000000| Untracked 
| 112|0x000000070e000000, 0x000000070e200000, 0x000000070e200000|100%| O|  |TAMS 0x000000070e200000, 0x000000070e200000| Untracked 
| 113|0x000000070e200000, 0x000000070e400000, 0x000000070e400000|100%| O|  |TAMS 0x000000070e400000, 0x000000070e400000| Untracked 
| 114|0x000000070e400000, 0x000000070e600000, 0x000000070e600000|100%| O|  |TAMS 0x000000070e600000, 0x000000070e600000| Untracked 
| 115|0x000000070e600000, 0x000000070e800000, 0x000000070e800000|100%| O|  |TAMS 0x000000070e800000, 0x000000070e800000| Untracked 
| 116|0x000000070e800000, 0x000000070ea00000, 0x000000070ea00000|100%| O|  |TAMS 0x000000070ea00000, 0x000000070ea00000| Untracked 
| 117|0x000000070ea00000, 0x000000070ec00000, 0x000000070ec00000|100%| O|  |TAMS 0x000000070ec00000, 0x000000070ec00000| Untracked 
| 118|0x000000070ec00000, 0x000000070ee00000, 0x000000070ee00000|100%| O|  |TAMS 0x000000070ee00000, 0x000000070ee00000| Untracked 
| 119|0x000000070ee00000, 0x000000070f000000, 0x000000070f000000|100%| O|  |TAMS 0x000000070f000000, 0x000000070f000000| Untracked 
| 120|0x000000070f000000, 0x000000070f200000, 0x000000070f200000|100%| O|  |TAMS 0x000000070f200000, 0x000000070f200000| Untracked 
| 121|0x000000070f200000, 0x000000070f200000, 0x000000070f400000|  0%| F|  |TAMS 0x000000070f200000, 0x000000070f200000| Untracked 
| 122|0x000000070f400000, 0x000000070f600000, 0x000000070f600000|100%| O|  |TAMS 0x000000070f600000, 0x000000070f600000| Untracked 
| 123|0x000000070f600000, 0x000000070f800000, 0x000000070f800000|100%| O|  |TAMS 0x000000070f800000, 0x000000070f800000| Untracked 
| 124|0x000000070f800000, 0x000000070fa00000, 0x000000070fa00000|100%| O|  |TAMS 0x000000070fa00000, 0x000000070fa00000| Untracked 
| 125|0x000000070fa00000, 0x000000070fc00000, 0x000000070fc00000|100%| O|  |TAMS 0x000000070fc00000, 0x000000070fc00000| Untracked 
| 126|0x000000070fc00000, 0x000000070fe00000, 0x000000070fe00000|100%|HS|  |TAMS 0x000000070fe00000, 0x000000070fe00000| Complete 
| 127|0x000000070fe00000, 0x0000000710000000, 0x0000000710000000|100%| O|  |TAMS 0x0000000710000000, 0x0000000710000000| Untracked 
| 128|0x0000000710000000, 0x0000000710200000, 0x0000000710200000|100%| O|  |TAMS 0x0000000710200000, 0x0000000710200000| Untracked 
| 129|0x0000000710200000, 0x0000000710400000, 0x0000000710400000|100%| O|  |TAMS 0x0000000710400000, 0x0000000710400000| Untracked 
| 130|0x0000000710400000, 0x0000000710600000, 0x0000000710600000|100%| O|  |TAMS 0x0000000710600000, 0x0000000710600000| Untracked 
| 131|0x0000000710600000, 0x0000000710800000, 0x0000000710800000|100%| O|  |TAMS 0x0000000710800000, 0x0000000710800000| Untracked 
| 132|0x0000000710800000, 0x0000000710a00000, 0x0000000710a00000|100%| O|  |TAMS 0x0000000710a00000, 0x0000000710a00000| Untracked 
| 133|0x0000000710a00000, 0x0000000710c00000, 0x0000000710c00000|100%| O|  |TAMS 0x0000000710c00000, 0x0000000710c00000| Untracked 
| 134|0x0000000710c00000, 0x0000000710e00000, 0x0000000710e00000|100%| O|  |TAMS 0x0000000710e00000, 0x0000000710e00000| Untracked 
| 135|0x0000000710e00000, 0x0000000710e00000, 0x0000000711000000|  0%| F|  |TAMS 0x0000000710e00000, 0x0000000710e00000| Untracked 
| 136|0x0000000711000000, 0x0000000711200000, 0x0000000711200000|100%| O|  |TAMS 0x0000000711200000, 0x0000000711200000| Untracked 
| 137|0x0000000711200000, 0x0000000711400000, 0x0000000711400000|100%| O|  |TAMS 0x0000000711400000, 0x0000000711400000| Untracked 
| 138|0x0000000711400000, 0x0000000711600000, 0x0000000711600000|100%| O|  |TAMS 0x0000000711600000, 0x0000000711600000| Untracked 
| 139|0x0000000711600000, 0x0000000711800000, 0x0000000711800000|100%| O|  |TAMS 0x0000000711800000, 0x0000000711800000| Untracked 
| 140|0x0000000711800000, 0x0000000711a00000, 0x0000000711a00000|100%| O|  |TAMS 0x0000000711a00000, 0x0000000711a00000| Untracked 
| 141|0x0000000711a00000, 0x0000000711c00000, 0x0000000711c00000|100%| O|  |TAMS 0x0000000711c00000, 0x0000000711c00000| Untracked 
| 142|0x0000000711c00000, 0x0000000711e00000, 0x0000000711e00000|100%| O|  |TAMS 0x0000000711e00000, 0x0000000711e00000| Untracked 
| 143|0x0000000711e00000, 0x0000000712000000, 0x0000000712000000|100%| O|  |TAMS 0x0000000712000000, 0x0000000712000000| Untracked 
| 144|0x0000000712000000, 0x0000000712200000, 0x0000000712200000|100%| O|  |TAMS 0x0000000712200000, 0x0000000712200000| Untracked 
| 145|0x0000000712200000, 0x0000000712400000, 0x0000000712400000|100%| O|  |TAMS 0x0000000712400000, 0x0000000712400000| Untracked 
| 146|0x0000000712400000, 0x0000000712600000, 0x0000000712600000|100%| O|  |TAMS 0x0000000712600000, 0x0000000712600000| Untracked 
| 147|0x0000000712600000, 0x0000000712800000, 0x0000000712800000|100%| O|  |TAMS 0x0000000712800000, 0x0000000712800000| Untracked 
| 148|0x0000000712800000, 0x0000000712a00000, 0x0000000712a00000|100%| O|  |TAMS 0x0000000712a00000, 0x0000000712a00000| Untracked 
| 149|0x0000000712a00000, 0x0000000712c00000, 0x0000000712c00000|100%| O|  |TAMS 0x0000000712c00000, 0x0000000712c00000| Untracked 
| 150|0x0000000712c00000, 0x0000000712e00000, 0x0000000712e00000|100%| O|  |TAMS 0x0000000712e00000, 0x0000000712e00000| Untracked 
| 151|0x0000000712e00000, 0x0000000713000000, 0x0000000713000000|100%| O|  |TAMS 0x0000000713000000, 0x0000000713000000| Untracked 
| 152|0x0000000713000000, 0x0000000713200000, 0x0000000713200000|100%| O|  |TAMS 0x0000000713200000, 0x0000000713200000| Untracked 
| 153|0x0000000713200000, 0x0000000713400000, 0x0000000713400000|100%| O|  |TAMS 0x0000000713400000, 0x0000000713400000| Untracked 
| 154|0x0000000713400000, 0x0000000713600000, 0x0000000713600000|100%| O|  |TAMS 0x0000000713600000, 0x0000000713600000| Untracked 
| 155|0x0000000713600000, 0x0000000713800000, 0x0000000713800000|100%| O|  |TAMS 0x0000000713800000, 0x0000000713800000| Untracked 
| 156|0x0000000713800000, 0x0000000713a00000, 0x0000000713a00000|100%| O|  |TAMS 0x0000000713a00000, 0x0000000713a00000| Untracked 
| 157|0x0000000713a00000, 0x0000000713a00000, 0x0000000713c00000|  0%| F|  |TAMS 0x0000000713a00000, 0x0000000713a00000| Untracked 
| 158|0x0000000713c00000, 0x0000000713c00000, 0x0000000713e00000|  0%| F|  |TAMS 0x0000000713c00000, 0x0000000713c00000| Untracked 
| 159|0x0000000713e00000, 0x0000000713e00000, 0x0000000727000000|  0%| F|  |TAMS 0x0000000713e00000, 0x0000000713e00000| Untracked
| 160|0x0000000727000000, 0x0000000714200000, 0x0000000714200000|100%| O|  |TAMS 0x0000000714200000, 0x0000000714200000| Untracked
| 161|0x0000000714200000, 0x0000000714400000, 0x0000000714400000|100%| O|  |TAMS 0x0000000714400000, 0x0000000714400000| Untracked 
| 162|0x0000000714400000, 0x0000000714600000, 0x0000000714600000|100%| O|  |TAMS 0x0000000714600000, 0x0000000714600000| Untracked 
| 163|0x0000000714600000, 0x0000000714800000, 0x0000000714800000|100%| O|  |TAMS 0x0000000714800000, 0x0000000714800000| Untracked 
| 164|0x0000000714800000, 0x0000000714a00000, 0x0000000714a00000|100%| O|  |TAMS 0x0000000714800000, 0x0000000714a00000| Untracked 
| 165|0x0000000714a00000, 0x0000000714c00000, 0x0000000714c00000|100%| O|  |TAMS 0x0000000714c00000, 0x0000000714c00000| Untracked 
| 166|0x0000000714c00000, 0x0000000714e00000, 0x0000000714e00000|100%| O|  |TAMS 0x0000000714e00000, 0x0000000714e00000| Untracked 
| 167|0x0000000714e00000, 0x0000000715000000, 0x0000000715000000|100%| O|  |TAMS 0x0000000715000000, 0x0000000715000000| Untracked 
| 168|0x0000000715000000, 0x0000000715200000, 0x0000000715200000|100%| O|  |TAMS 0x0000000715200000, 0x0000000715200000| Untracked 
| 169|0x0000000715200000, 0x0000000715400000, 0x0000000715400000|100%| O|  |TAMS 0x0000000715400000, 0x0000000715400000| Untracked 
| 170|0x0000000715400000, 0x0000000715600000, 0x0000000715600000|100%| O|  |TAMS 0x0000000715600000, 0x0000000715600000| Untracked 
| 171|0x0000000715600000, 0x0000000715800000, 0x0000000715800000|100%| O|  |TAMS 0x0000000715800000, 0x0000000715800000| Untracked 
| 172|0x0000000715800000, 0x0000000715a00000, 0x0000000715a00000|100%| O|  |TAMS 0x0000000715a00000, 0x0000000715a00000| Untracked 
| 173|0x0000000715a00000, 0x0000000715c00000, 0x0000000715c00000|100%| O|  |TAMS 0x0000000715c00000, 0x0000000715c00000| Untracked 
| 174|0x0000000715c00000, 0x0000000715c00000, 0x0000000715e00000|  0%| F|  |TAMS 0x0000000715c00000, 0x0000000715c00000| Untracked 
| 175|0x0000000715e00000, 0x0000000727000000, 0x0000000727000000|100%| O|  |TAMS 0x0000000727000000, 0x0000000727000000| Untracked
| 176|0x0000000727000000, 0x0000000716200000, 0x0000000716200000|100%| O|  |TAMS 0x0000000716200000, 0x0000000716200000| Untracked
| 177|0x0000000716200000, 0x0000000716200000, 0x0000000716400000|  0%| F|  |TAMS 0x0000000716200000, 0x0000000716200000| Untracked 
| 178|0x0000000716400000, 0x0000000716600000, 0x0000000716600000|100%| O|  |TAMS 0x0000000716600000, 0x0000000716600000| Untracked 
| 179|0x0000000716600000, 0x0000000716800000, 0x0000000716800000|100%| O|  |TAMS 0x0000000716800000, 0x0000000716800000| Untracked 
| 180|0x0000000716800000, 0x0000000716a00000, 0x0000000716a00000|100%|HS|  |TAMS 0x0000000716a00000, 0x0000000716a00000| Complete 
| 181|0x0000000716a00000, 0x0000000716c00000, 0x0000000716c00000|100%|HS|  |TAMS 0x0000000716c00000, 0x0000000716c00000| Complete 
| 182|0x0000000716c00000, 0x0000000716e00000, 0x0000000716e00000|100%| O|  |TAMS 0x0000000716e00000, 0x0000000716e00000| Untracked 
| 183|0x0000000716e00000, 0x0000000717000000, 0x0000000717000000|100%| O|  |TAMS 0x0000000717000000, 0x0000000717000000| Untracked 
| 184|0x0000000717000000, 0x0000000717200000, 0x0000000717200000|100%| O|  |TAMS 0x0000000717200000, 0x0000000717200000| Untracked 
| 185|0x0000000717200000, 0x0000000717400000, 0x0000000717400000|100%| O|  |TAMS 0x0000000717400000, 0x0000000717400000| Untracked 
| 186|0x0000000717400000, 0x0000000717600000, 0x0000000717600000|100%| O|  |TAMS 0x0000000717600000, 0x0000000717600000| Untracked 
| 187|0x0000000717600000, 0x0000000717800000, 0x0000000717800000|100%| O|  |TAMS 0x0000000717800000, 0x0000000717800000| Untracked 
| 188|0x0000000717800000, 0x0000000717a00000, 0x0000000717a00000|100%| O|  |TAMS 0x0000000717a00000, 0x0000000717a00000| Untracked 
| 189|0x0000000717a00000, 0x0000000717c00000, 0x0000000717c00000|100%| O|  |TAMS 0x0000000717a00000, 0x0000000717c00000| Untracked 
| 190|0x0000000717c00000, 0x0000000717e00000, 0x0000000717e00000|100%| O|  |TAMS 0x0000000717e00000, 0x0000000717e00000| Untracked 
| 191|0x0000000717e00000, 0x0000000718000000, 0x0000000718000000|100%| O|  |TAMS 0x0000000718000000, 0x0000000718000000| Untracked 
| 192|0x0000000718000000, 0x0000000718200000, 0x0000000718200000|100%| O|  |TAMS 0x0000000718200000, 0x0000000718200000| Untracked 
| 193|0x0000000718200000, 0x0000000718400000, 0x0000000718400000|100%| O|  |TAMS 0x0000000718400000, 0x0000000718400000| Untracked 
| 194|0x0000000718400000, 0x0000000718400000, 0x0000000718600000|  0%| F|  |TAMS 0x0000000718400000, 0x0000000718400000| Untracked 
| 195|0x0000000718600000, 0x0000000718800000, 0x0000000718800000|100%| O|  |TAMS 0x0000000718800000, 0x0000000718800000| Untracked 
| 196|0x0000000718800000, 0x0000000718800000, 0x0000000718a00000|  0%| F|  |TAMS 0x0000000718800000, 0x0000000718800000| Untracked 
| 197|0x0000000718a00000, 0x0000000718c00000, 0x0000000718c00000|100%| O|  |TAMS 0x0000000718c00000, 0x0000000718c00000| Untracked 
| 198|0x0000000718c00000, 0x0000000718c00000, 0x0000000718e00000|  0%| F|  |TAMS 0x0000000718c00000, 0x0000000718c00000| Untracked 
| 199|0x0000000718e00000, 0x0000000719000000, 0x0000000719000000|100%| O|  |TAMS 0x0000000719000000, 0x0000000719000000| Untracked 
| 200|0x0000000719000000, 0x0000000719200000, 0x0000000719200000|100%| O|  |TAMS 0x0000000719200000, 0x0000000719200000| Untracked 
| 201|0x0000000719200000, 0x0000000719400000, 0x0000000719400000|100%| O|  |TAMS 0x0000000719400000, 0x0000000719400000| Untracked 
| 202|0x0000000719400000, 0x0000000719600000, 0x0000000719600000|100%| O|  |TAMS 0x0000000719600000, 0x0000000719600000| Untracked 
| 203|0x0000000719600000, 0x0000000719800000, 0x0000000719800000|100%| O|  |TAMS 0x0000000719800000, 0x0000000719800000| Untracked 
| 204|0x0000000719800000, 0x0000000719a00000, 0x0000000719a00000|100%| O|  |TAMS 0x0000000719a00000, 0x0000000719a00000| Untracked 
| 205|0x0000000719a00000, 0x0000000719c00000, 0x0000000719c00000|100%| O|  |TAMS 0x0000000719c00000, 0x0000000719c00000| Untracked 
| 206|0x0000000719c00000, 0x0000000719e00000, 0x0000000719e00000|100%| O|  |TAMS 0x0000000719e00000, 0x0000000719e00000| Untracked 
| 207|0x0000000719e00000, 0x000000071a000000, 0x000000071a000000|100%| O|  |TAMS 0x000000071a000000, 0x000000071a000000| Untracked 
| 208|0x000000071a000000, 0x000000071a200000, 0x000000071a200000|100%| O|  |TAMS 0x000000071a200000, 0x000000071a200000| Untracked 
| 209|0x000000071a200000, 0x000000071a400000, 0x000000071a400000|100%| O|  |TAMS 0x000000071a400000, 0x000000071a400000| Untracked 
| 210|0x000000071a400000, 0x000000071a600000, 0x000000071a600000|100%| O|  |TAMS 0x000000071a600000, 0x000000071a600000| Untracked 
| 211|0x000000071a600000, 0x000000071a800000, 0x000000071a800000|100%| O|  |TAMS 0x000000071a800000, 0x000000071a800000| Untracked 
| 212|0x000000071a800000, 0x000000071aa00000, 0x000000071aa00000|100%| O|  |TAMS 0x000000071aa00000, 0x000000071aa00000| Untracked 
| 213|0x000000071aa00000, 0x000000071ac00000, 0x000000071ac00000|100%| O|  |TAMS 0x000000071ac00000, 0x000000071ac00000| Untracked 
| 214|0x000000071ac00000, 0x000000071ae00000, 0x000000071ae00000|100%| O|  |TAMS 0x000000071ae00000, 0x000000071ae00000| Untracked 
| 215|0x000000071ae00000, 0x000000071b000000, 0x000000071b000000|100%| O|  |TAMS 0x000000071ae00000, 0x000000071b000000| Untracked 
| 216|0x000000071b000000, 0x000000071b200000, 0x000000071b200000|100%| O|  |TAMS 0x000000071b200000, 0x000000071b200000| Untracked 
| 217|0x000000071b200000, 0x000000071b400000, 0x000000071b400000|100%| O|  |TAMS 0x000000071b400000, 0x000000071b400000| Untracked 
| 218|0x000000071b400000, 0x000000071b600000, 0x000000071b600000|100%| O|  |TAMS 0x000000071b600000, 0x000000071b600000| Untracked 
| 219|0x000000071b600000, 0x000000071b800000, 0x000000071b800000|100%| O|  |TAMS 0x000000071b800000, 0x000000071b800000| Untracked 
| 220|0x000000071b800000, 0x000000071ba00000, 0x000000071ba00000|100%| O|  |TAMS 0x000000071ba00000, 0x000000071ba00000| Untracked 
| 221|0x000000071ba00000, 0x000000071bc00000, 0x000000071bc00000|100%| O|  |TAMS 0x000000071bc00000, 0x000000071bc00000| Untracked 
| 222|0x000000071bc00000, 0x000000071be00000, 0x000000071be00000|100%| O|  |TAMS 0x000000071be00000, 0x000000071be00000| Untracked 
| 223|0x000000071be00000, 0x000000071c000000, 0x000000071c000000|100%| O|  |TAMS 0x000000071c000000, 0x000000071c000000| Untracked 
| 224|0x000000071c000000, 0x000000071c200000, 0x000000071c200000|100%| O|  |TAMS 0x000000071c200000, 0x000000071c200000| Untracked 
| 225|0x000000071c200000, 0x000000071c400000, 0x000000071c400000|100%| O|  |TAMS 0x000000071c400000, 0x000000071c400000| Untracked 
| 226|0x000000071c400000, 0x000000071c400000, 0x000000071c600000|  0%| F|  |TAMS 0x000000071c400000, 0x000000071c400000| Untracked 
| 227|0x000000071c600000, 0x000000071c600000, 0x000000071c800000|  0%| F|  |TAMS 0x000000071c600000, 0x000000071c600000| Untracked 
| 228|0x000000071c800000, 0x000000071ca00000, 0x000000071ca00000|100%| O|  |TAMS 0x000000071ca00000, 0x000000071ca00000| Untracked 
| 229|0x000000071ca00000, 0x000000071cc00000, 0x000000071cc00000|100%| O|  |TAMS 0x000000071cc00000, 0x000000071cc00000| Untracked 
| 230|0x000000071cc00000, 0x000000071ce00000, 0x000000071ce00000|100%| O|  |TAMS 0x000000071ce00000, 0x000000071ce00000| Untracked 
| 231|0x000000071ce00000, 0x000000071d000000, 0x000000071d000000|100%| O|  |TAMS 0x000000071d000000, 0x000000071d000000| Untracked 
| 232|0x000000071d000000, 0x000000071d200000, 0x000000071d200000|100%| O|  |TAMS 0x000000071d200000, 0x000000071d200000| Untracked 
| 233|0x000000071d200000, 0x000000071d200000, 0x000000071d400000|  0%| F|  |TAMS 0x000000071d200000, 0x000000071d200000| Untracked 
| 234|0x000000071d400000, 0x000000071d600000, 0x000000071d600000|100%| O|  |TAMS 0x000000071d600000, 0x000000071d600000| Untracked 
| 235|0x000000071d600000, 0x000000071d800000, 0x000000071d800000|100%| O|  |TAMS 0x000000071d800000, 0x000000071d800000| Untracked 
| 236|0x000000071d800000, 0x000000071da00000, 0x000000071da00000|100%| O|  |TAMS 0x000000071da00000, 0x000000071da00000| Untracked 
| 237|0x000000071da00000, 0x000000071dc00000, 0x000000071dc00000|100%| O|  |TAMS 0x000000071dc00000, 0x000000071dc00000| Untracked 
| 238|0x000000071dc00000, 0x000000071de00000, 0x000000071de00000|100%| O|  |TAMS 0x000000071de00000, 0x000000071de00000| Untracked 
| 239|0x000000071de00000, 0x000000071e000000, 0x000000071e000000|100%| O|  |TAMS 0x000000071e000000, 0x000000071e000000| Untracked 
| 240|0x000000071e000000, 0x000000071e200000, 0x000000071e200000|100%| O|  |TAMS 0x000000071e200000, 0x000000071e200000| Untracked 
| 241|0x000000071e200000, 0x000000071e400000, 0x000000071e400000|100%| O|  |TAMS 0x000000071e400000, 0x000000071e400000| Untracked 
| 242|0x000000071e400000, 0x000000071e600000, 0x000000071e600000|100%| O|  |TAMS 0x000000071e600000, 0x000000071e600000| Untracked 
| 243|0x000000071e600000, 0x000000071e800000, 0x000000071e800000|100%| O|  |TAMS 0x000000071e800000, 0x000000071e800000| Untracked 
| 244|0x000000071e800000, 0x000000071ea00000, 0x000000071ea00000|100%| O|  |TAMS 0x000000071ea00000, 0x000000071ea00000| Untracked 
| 245|0x000000071ea00000, 0x000000071ec00000, 0x000000071ec00000|100%| O|  |TAMS 0x000000071ec00000, 0x000000071ec00000| Untracked 
| 246|0x000000071ec00000, 0x000000071ee00000, 0x000000071ee00000|100%| O|  |TAMS 0x000000071ee00000, 0x000000071ee00000| Untracked 
| 247|0x000000071ee00000, 0x000000071f000000, 0x000000071f000000|100%| O|  |TAMS 0x000000071f000000, 0x000000071f000000| Untracked 
| 248|0x000000071f000000, 0x000000071f200000, 0x000000071f200000|100%| O|  |TAMS 0x000000071f200000, 0x000000071f200000| Untracked 
| 249|0x000000071f200000, 0x000000071f400000, 0x000000071f400000|100%| O|  |TAMS 0x000000071f400000, 0x000000071f400000| Untracked 
| 250|0x000000071f400000, 0x000000071f600000, 0x000000071f600000|100%| O|  |TAMS 0x000000071f600000, 0x000000071f600000| Untracked 
| 251|0x000000071f600000, 0x000000071f800000, 0x000000071f800000|100%| O|  |TAMS 0x000000071f800000, 0x000000071f800000| Untracked 
| 252|0x000000071f800000, 0x000000071fa00000, 0x000000071fa00000|100%| O|  |TAMS 0x000000071fa00000, 0x000000071fa00000| Untracked 
| 253|0x000000071fa00000, 0x000000071fc00000, 0x000000071fc00000|100%| O|  |TAMS 0x000000071fc00000, 0x000000071fc00000| Untracked 
| 254|0x000000071fc00000, 0x000000071fe00000, 0x000000071fe00000|100%| O|  |TAMS 0x000000071fe00000, 0x000000071fe00000| Untracked 
| 255|0x000000071fe00000, 0x0000000727000000, 0x0000000727000000|100%| O|  |TAMS 0x0000000727000000, 0x0000000727000000| Untracked
| 256|0x0000000727000000, 0x0000000720200000, 0x0000000720200000|100%| O|  |TAMS 0x0000000720200000, 0x0000000720200000| Untracked
| 257|0x0000000720200000, 0x0000000720400000, 0x0000000720400000|100%| O|  |TAMS 0x0000000720400000, 0x0000000720400000| Untracked 
| 258|0x0000000720400000, 0x0000000720600000, 0x0000000720600000|100%| O|  |TAMS 0x0000000720600000, 0x0000000720600000| Untracked 
| 259|0x0000000720600000, 0x0000000720800000, 0x0000000720800000|100%| O|  |TAMS 0x0000000720800000, 0x0000000720800000| Untracked 
| 260|0x0000000720800000, 0x0000000720a00000, 0x0000000720a00000|100%| O|  |TAMS 0x0000000720a00000, 0x0000000720a00000| Untracked 
| 261|0x0000000720a00000, 0x0000000720c00000, 0x0000000720c00000|100%| O|  |TAMS 0x0000000720c00000, 0x0000000720c00000| Untracked 
| 262|0x0000000720c00000, 0x0000000720c00000, 0x0000000720e00000|  0%| F|  |TAMS 0x0000000720c00000, 0x0000000720c00000| Untracked 
| 263|0x0000000720e00000, 0x0000000721000000, 0x0000000721000000|100%| O|  |TAMS 0x0000000721000000, 0x0000000721000000| Untracked 
| 264|0x0000000721000000, 0x0000000721200000, 0x0000000721200000|100%| O|  |TAMS 0x0000000721200000, 0x0000000721200000| Untracked 
| 265|0x0000000721200000, 0x0000000721400000, 0x0000000721400000|100%| O|  |TAMS 0x0000000721400000, 0x0000000721400000| Untracked 
| 266|0x0000000721400000, 0x0000000721600000, 0x0000000721600000|100%| O|  |TAMS 0x0000000721600000, 0x0000000721600000| Untracked 
| 267|0x0000000721600000, 0x0000000721600000, 0x0000000721800000|  0%| F|  |TAMS 0x0000000721600000, 0x0000000721600000| Untracked 
| 268|0x0000000721800000, 0x0000000721a00000, 0x0000000721a00000|100%| O|  |TAMS 0x0000000721a00000, 0x0000000721a00000| Untracked 
| 269|0x0000000721a00000, 0x0000000721c00000, 0x0000000721c00000|100%| O|  |TAMS 0x0000000721c00000, 0x0000000721c00000| Untracked 
| 270|0x0000000721c00000, 0x0000000721e00000, 0x0000000721e00000|100%| O|  |TAMS 0x0000000721e00000, 0x0000000721e00000| Untracked 
| 271|0x0000000721e00000, 0x0000000721e00000, 0x0000000727000000|  0%| F|  |TAMS 0x0000000721e00000, 0x0000000721e00000| Untracked
| 272|0x0000000727000000, 0x0000000722200000, 0x0000000722200000|100%| O|  |TAMS 0x0000000722200000, 0x0000000722200000| Untracked
| 273|0x0000000722200000, 0x0000000722400000, 0x0000000722400000|100%| O|  |TAMS 0x0000000722400000, 0x0000000722400000| Untracked 
| 274|0x0000000722400000, 0x0000000722600000, 0x0000000722600000|100%| O|  |TAMS 0x0000000722600000, 0x0000000722600000| Untracked 
| 275|0x0000000722600000, 0x0000000722800000, 0x0000000722800000|100%|HS|  |TAMS 0x0000000722800000, 0x0000000722800000| Complete 
| 276|0x0000000722800000, 0x0000000722800000, 0x0000000722a00000|  0%| F|  |TAMS 0x0000000722800000, 0x0000000722800000| Untracked 
| 277|0x0000000722a00000, 0x0000000722c00000, 0x0000000722c00000|100%| O|  |TAMS 0x0000000722c00000, 0x0000000722c00000| Untracked 
| 278|0x0000000722c00000, 0x0000000722e00000, 0x0000000722e00000|100%| O|  |TAMS 0x0000000722c00000, 0x0000000722e00000| Untracked 
| 279|0x0000000722e00000, 0x0000000723000000, 0x0000000723000000|100%| O|  |TAMS 0x0000000723000000, 0x0000000723000000| Untracked 
| 280|0x0000000723000000, 0x0000000723200000, 0x0000000723200000|100%| O|  |TAMS 0x0000000723200000, 0x0000000723200000| Untracked 
| 281|0x0000000723200000, 0x0000000723400000, 0x0000000723400000|100%| O|  |TAMS 0x0000000723400000, 0x0000000723400000| Untracked 
| 282|0x0000000723400000, 0x0000000723400000, 0x0000000723600000|  0%| F|  |TAMS 0x0000000723400000, 0x0000000723400000| Untracked 
| 283|0x0000000723600000, 0x0000000723800000, 0x0000000723800000|100%| O|  |TAMS 0x0000000723800000, 0x0000000723800000| Untracked 
| 284|0x0000000723800000, 0x0000000723a00000, 0x0000000723a00000|100%| O|  |TAMS 0x0000000723a00000, 0x0000000723a00000| Untracked 
| 285|0x0000000723a00000, 0x0000000723a00000, 0x0000000723c00000|  0%| F|  |TAMS 0x0000000723a00000, 0x0000000723a00000| Untracked 
| 286|0x0000000723c00000, 0x0000000723e00000, 0x0000000723e00000|100%| O|  |TAMS 0x0000000723e00000, 0x0000000723e00000| Untracked 
| 287|0x0000000723e00000, 0x0000000727000000, 0x0000000727000000|100%| O|  |TAMS 0x0000000723e00000, 0x0000000727000000| Untracked
| 288|0x0000000727000000, 0x0000000727000000, 0x0000000724200000|  0%| F|  |TAMS 0x0000000727000000, 0x0000000727000000| Untracked
| 289|0x0000000724200000, 0x0000000724400000, 0x0000000724400000|100%| O|  |TAMS 0x0000000724400000, 0x0000000724400000| Untracked 
| 290|0x0000000724400000, 0x0000000724600000, 0x0000000724600000|100%| O|  |TAMS 0x0000000724400000, 0x0000000724600000| Untracked 
| 291|0x0000000724600000, 0x0000000724800000, 0x0000000724800000|100%| O|  |TAMS 0x0000000724800000, 0x0000000724800000| Untracked 
| 292|0x0000000724800000, 0x0000000724800000, 0x0000000724a00000|  0%| F|  |TAMS 0x0000000724800000, 0x0000000724800000| Untracked 
| 293|0x0000000724a00000, 0x0000000724c00000, 0x0000000724c00000|100%| O|  |TAMS 0x0000000724a00000, 0x0000000724c00000| Untracked 
| 294|0x0000000724c00000, 0x0000000724e00000, 0x0000000724e00000|100%| O|  |TAMS 0x0000000724c00000, 0x0000000724e00000| Untracked 
| 295|0x0000000724e00000, 0x0000000724e00000, 0x0000000725000000|  0%| F|  |TAMS 0x0000000724e00000, 0x0000000724e00000| Untracked 
| 296|0x0000000725000000, 0x0000000725200000, 0x0000000725200000|100%| O|  |TAMS 0x0000000725000000, 0x0000000725200000| Untracked 
| 297|0x0000000725200000, 0x0000000725400000, 0x0000000725400000|100%| O|  |TAMS 0x0000000725400000, 0x0000000725400000| Untracked 
| 298|0x0000000725400000, 0x0000000725600000, 0x0000000725600000|100%| O|  |TAMS 0x0000000725400000, 0x0000000725600000| Untracked 
| 299|0x0000000725600000, 0x0000000725800000, 0x0000000725800000|100%| O|  |TAMS 0x0000000725600000, 0x0000000725800000| Untracked 
| 300|0x0000000725800000, 0x0000000725a00000, 0x0000000725a00000|100%| O|  |TAMS 0x0000000725800000, 0x0000000725a00000| Untracked 
| 301|0x0000000725a00000, 0x0000000725c00000, 0x0000000725c00000|100%| O|  |TAMS 0x0000000725a00000, 0x0000000725c00000| Untracked 
| 302|0x0000000725c00000, 0x0000000725e00000, 0x0000000725e00000|100%| O|  |TAMS 0x0000000725c00000, 0x0000000725e00000| Untracked 
| 303|0x0000000725e00000, 0x0000000726000000, 0x0000000726000000|100%| O|  |TAMS 0x0000000725e00000, 0x0000000726000000| Untracked 
| 304|0x0000000726000000, 0x0000000726200000, 0x0000000726200000|100%| O|  |TAMS 0x0000000726000000, 0x0000000726200000| Untracked 
| 305|0x0000000726200000, 0x0000000726400000, 0x0000000726400000|100%| O|  |TAMS 0x0000000726200000, 0x0000000726400000| Untracked 
| 306|0x0000000726400000, 0x0000000726600000, 0x0000000726600000|100%| O|  |TAMS 0x0000000726600000, 0x0000000726600000| Untracked 
| 307|0x0000000726600000, 0x0000000726780a00, 0x0000000726800000| 75%| O|  |TAMS 0x0000000726600000, 0x0000000726780a00| Untracked 
| 308|0x0000000726800000, 0x0000000726800000, 0x0000000726a00000|  0%| F|  |TAMS 0x0000000726800000, 0x0000000726800000| Untracked 
| 309|0x0000000726a00000, 0x0000000726a00000, 0x0000000726c00000|  0%| F|  |TAMS 0x0000000726a00000, 0x0000000726a00000| Untracked 
| 310|0x0000000726c00000, 0x0000000726e00000, 0x0000000726e00000|100%| O|  |TAMS 0x0000000726e00000, 0x0000000726e00000| Untracked 
| 311|0x0000000726e00000, 0x0000000727000000, 0x0000000727000000|100%| O|  |TAMS 0x0000000727000000, 0x0000000727000000| Untracked 
| 312|0x0000000727000000, 0x0000000727200000, 0x0000000727200000|100%| O|  |TAMS 0x0000000727200000, 0x0000000727200000| Untracked 
| 313|0x0000000727200000, 0x0000000727400000, 0x0000000727400000|100%| O|  |TAMS 0x0000000727400000, 0x0000000727400000| Untracked 
| 314|0x0000000727400000, 0x0000000727600000, 0x0000000727600000|100%| O|  |TAMS 0x0000000727600000, 0x0000000727600000| Untracked 
| 315|0x0000000727600000, 0x0000000727800000, 0x0000000727800000|100%| O|  |TAMS 0x0000000727800000, 0x0000000727800000| Untracked 
| 316|0x0000000727800000, 0x0000000727a00000, 0x0000000727a00000|100%| O|  |TAMS 0x0000000727a00000, 0x0000000727a00000| Untracked 
| 317|0x0000000727a00000, 0x0000000727c00000, 0x0000000727c00000|100%| O|  |TAMS 0x0000000727c00000, 0x0000000727c00000| Untracked 
| 318|0x0000000727c00000, 0x0000000727e00000, 0x0000000727e00000|100%| O|  |TAMS 0x0000000727e00000, 0x0000000727e00000| Untracked 
| 319|0x0000000727e00000, 0x0000000728000000, 0x0000000728000000|100%| O|  |TAMS 0x0000000728000000, 0x0000000728000000| Untracked 
| 320|0x0000000728000000, 0x0000000728200000, 0x0000000728200000|100%| O|  |TAMS 0x0000000728200000, 0x0000000728200000| Untracked 
| 321|0x0000000728200000, 0x0000000728400000, 0x0000000728400000|100%| O|  |TAMS 0x0000000728400000, 0x0000000728400000| Untracked 
| 322|0x0000000728400000, 0x0000000728600000, 0x0000000728600000|100%| O|  |TAMS 0x0000000728600000, 0x0000000728600000| Untracked 
| 323|0x0000000728600000, 0x0000000728800000, 0x0000000728800000|100%| O|  |TAMS 0x0000000728800000, 0x0000000728800000| Untracked 
| 324|0x0000000728800000, 0x0000000728800000, 0x0000000728a00000|  0%| F|  |TAMS 0x0000000728800000, 0x0000000728800000| Untracked 
| 325|0x0000000728a00000, 0x0000000728c00000, 0x0000000728c00000|100%| O|  |TAMS 0x0000000728c00000, 0x0000000728c00000| Untracked 
| 326|0x0000000728c00000, 0x0000000728e00000, 0x0000000728e00000|100%| O|  |TAMS 0x0000000728e00000, 0x0000000728e00000| Untracked 
| 327|0x0000000728e00000, 0x0000000728e00000, 0x0000000729000000|  0%| F|  |TAMS 0x0000000728e00000, 0x0000000728e00000| Untracked 
| 328|0x0000000729000000, 0x0000000729200000, 0x0000000729200000|100%| O|  |TAMS 0x0000000729200000, 0x0000000729200000| Untracked 
| 329|0x0000000729200000, 0x0000000729200000, 0x0000000729400000|  0%| F|  |TAMS 0x0000000729200000, 0x0000000729200000| Untracked 
| 330|0x0000000729400000, 0x0000000729400000, 0x0000000729600000|  0%| F|  |TAMS 0x0000000729400000, 0x0000000729400000| Untracked 
| 331|0x0000000729600000, 0x0000000729600000, 0x0000000729800000|  0%| F|  |TAMS 0x0000000729600000, 0x0000000729600000| Untracked 
| 332|0x0000000729800000, 0x0000000729800000, 0x0000000729a00000|  0%| F|  |TAMS 0x0000000729800000, 0x0000000729800000| Untracked 
| 333|0x0000000729a00000, 0x0000000729c00000, 0x0000000729c00000|100%| O|  |TAMS 0x0000000729c00000, 0x0000000729c00000| Untracked 
| 334|0x0000000729c00000, 0x0000000729e00000, 0x0000000729e00000|100%| O|  |TAMS 0x0000000729e00000, 0x0000000729e00000| Untracked 
| 335|0x0000000729e00000, 0x000000072a000000, 0x000000072a000000|100%| O|  |TAMS 0x000000072a000000, 0x000000072a000000| Untracked 
| 336|0x000000072a000000, 0x000000072a200000, 0x000000072a200000|100%| O|  |TAMS 0x000000072a200000, 0x000000072a200000| Untracked 
| 337|0x000000072a200000, 0x000000072a400000, 0x000000072a400000|100%| O|  |TAMS 0x000000072a400000, 0x000000072a400000| Untracked 
| 338|0x000000072a400000, 0x000000072a600000, 0x000000072a600000|100%| O|  |TAMS 0x000000072a600000, 0x000000072a600000| Untracked 
| 339|0x000000072a600000, 0x000000072a800000, 0x000000072a800000|100%| O|  |TAMS 0x000000072a800000, 0x000000072a800000| Untracked 
| 340|0x000000072a800000, 0x000000072aa00000, 0x000000072aa00000|100%| O|  |TAMS 0x000000072aa00000, 0x000000072aa00000| Untracked 
| 341|0x000000072aa00000, 0x000000072ac00000, 0x000000072ac00000|100%| O|  |TAMS 0x000000072ac00000, 0x000000072ac00000| Untracked 
| 342|0x000000072ac00000, 0x000000072ae00000, 0x000000072ae00000|100%| O|  |TAMS 0x000000072ae00000, 0x000000072ae00000| Untracked 
| 343|0x000000072ae00000, 0x000000072b000000, 0x000000072b000000|100%| O|  |TAMS 0x000000072af16200, 0x000000072b000000| Untracked 
| 344|0x000000072b000000, 0x000000072b000000, 0x000000072b200000|  0%| F|  |TAMS 0x000000072b000000, 0x000000072b000000| Untracked 
| 345|0x000000072b200000, 0x000000072b200000, 0x000000072b400000|  0%| F|  |TAMS 0x000000072b200000, 0x000000072b200000| Untracked 
| 346|0x000000072b400000, 0x000000072b400000, 0x000000072b600000|  0%| F|  |TAMS 0x000000072b400000, 0x000000072b400000| Untracked 
| 347|0x000000072b600000, 0x000000072b600000, 0x000000072b800000|  0%| F|  |TAMS 0x000000072b600000, 0x000000072b600000| Untracked 
| 348|0x000000072b800000, 0x000000072b800000, 0x000000072ba00000|  0%| F|  |TAMS 0x000000072b800000, 0x000000072b800000| Untracked 
| 349|0x000000072ba00000, 0x000000072ba00000, 0x000000072bc00000|  0%| F|  |TAMS 0x000000072ba00000, 0x000000072ba00000| Untracked 
| 350|0x000000072bc00000, 0x000000072bc00000, 0x000000072be00000|  0%| F|  |TAMS 0x000000072bc00000, 0x000000072bc00000| Untracked 
| 351|0x000000072be00000, 0x000000072be00000, 0x000000072c000000|  0%| F|  |TAMS 0x000000072be00000, 0x000000072be00000| Untracked 
| 352|0x000000072c000000, 0x000000072c000000, 0x000000072c200000|  0%| F|  |TAMS 0x000000072c000000, 0x000000072c000000| Untracked 
| 353|0x000000072c200000, 0x000000072c200000, 0x000000072c400000|  0%| F|  |TAMS 0x000000072c200000, 0x000000072c200000| Untracked 
| 354|0x000000072c400000, 0x000000072c400000, 0x000000072c600000|  0%| F|  |TAMS 0x000000072c400000, 0x000000072c400000| Untracked 
| 355|0x000000072c600000, 0x000000072c600000, 0x000000072c800000|  0%| F|  |TAMS 0x000000072c600000, 0x000000072c600000| Untracked 
| 356|0x000000072c800000, 0x000000072c800000, 0x000000072ca00000|  0%| F|  |TAMS 0x000000072c800000, 0x000000072c800000| Untracked 
| 357|0x000000072ca00000, 0x000000072ca00000, 0x000000072cc00000|  0%| F|  |TAMS 0x000000072ca00000, 0x000000072ca00000| Untracked 
| 358|0x000000072cc00000, 0x000000072cc00000, 0x000000072ce00000|  0%| F|  |TAMS 0x000000072cc00000, 0x000000072cc00000| Untracked 
| 359|0x000000072ce00000, 0x000000072ce00000, 0x000000072d000000|  0%| F|  |TAMS 0x000000072ce00000, 0x000000072ce00000| Untracked 
| 360|0x000000072d000000, 0x000000072d000000, 0x000000072d200000|  0%| F|  |TAMS 0x000000072d000000, 0x000000072d000000| Untracked 
| 361|0x000000072d200000, 0x000000072d200000, 0x000000072d400000|  0%| F|  |TAMS 0x000000072d200000, 0x000000072d200000| Untracked 
| 362|0x000000072d400000, 0x000000072d400000, 0x000000072d600000|  0%| F|  |TAMS 0x000000072d400000, 0x000000072d400000| Untracked 
| 363|0x000000072d600000, 0x000000072d600000, 0x000000072d800000|  0%| F|  |TAMS 0x000000072d600000, 0x000000072d600000| Untracked 
| 364|0x000000072d800000, 0x000000072d800000, 0x000000072da00000|  0%| F|  |TAMS 0x000000072d800000, 0x000000072d800000| Untracked 
| 365|0x000000072da00000, 0x000000072dc00000, 0x000000072dc00000|100%| O|  |TAMS 0x000000072dc00000, 0x000000072dc00000| Untracked 
| 366|0x000000072dc00000, 0x000000072de00000, 0x000000072de00000|100%| O|  |TAMS 0x000000072de00000, 0x000000072de00000| Untracked 
| 367|0x000000072de00000, 0x000000072e000000, 0x000000072e000000|100%| O|  |TAMS 0x000000072e000000, 0x000000072e000000| Untracked 
| 368|0x000000072e000000, 0x000000072e200000, 0x000000072e200000|100%| O|  |TAMS 0x000000072e200000, 0x000000072e200000| Untracked 
| 369|0x000000072e200000, 0x000000072e400000, 0x000000072e400000|100%| O|  |TAMS 0x000000072e400000, 0x000000072e400000| Untracked 
| 370|0x000000072e400000, 0x000000072e600000, 0x000000072e600000|100%| O|  |TAMS 0x000000072e600000, 0x000000072e600000| Untracked 
| 371|0x000000072e600000, 0x000000072e800000, 0x000000072e800000|100%| O|  |TAMS 0x000000072e800000, 0x000000072e800000| Untracked 
| 372|0x000000072e800000, 0x000000072ea00000, 0x000000072ea00000|100%| O|  |TAMS 0x000000072ea00000, 0x000000072ea00000| Untracked 
| 373|0x000000072ea00000, 0x000000072ea00000, 0x000000072ec00000|  0%| F|  |TAMS 0x000000072ea00000, 0x000000072ea00000| Untracked 
| 374|0x000000072ec00000, 0x000000072ec00000, 0x000000072ee00000|  0%| F|  |TAMS 0x000000072ec00000, 0x000000072ec00000| Untracked 
| 375|0x000000072ee00000, 0x000000072ee00000, 0x000000072f000000|  0%| F|  |TAMS 0x000000072ee00000, 0x000000072ee00000| Untracked 
| 376|0x000000072f000000, 0x000000072f000000, 0x000000072f200000|  0%| F|  |TAMS 0x000000072f000000, 0x000000072f000000| Untracked 
| 377|0x000000072f200000, 0x000000072f200000, 0x000000072f400000|  0%| F|  |TAMS 0x000000072f200000, 0x000000072f200000| Untracked 
| 378|0x000000072f400000, 0x000000072f400000, 0x000000072f600000|  0%| F|  |TAMS 0x000000072f400000, 0x000000072f400000| Untracked 
| 379|0x000000072f600000, 0x000000072f600000, 0x000000072f800000|  0%| F|  |TAMS 0x000000072f600000, 0x000000072f600000| Untracked 
| 380|0x000000072f800000, 0x000000072f800000, 0x000000072fa00000|  0%| F|  |TAMS 0x000000072f800000, 0x000000072f800000| Untracked 
| 381|0x000000072fa00000, 0x000000072fa00000, 0x000000072fc00000|  0%| F|  |TAMS 0x000000072fa00000, 0x000000072fa00000| Untracked 
| 382|0x000000072fc00000, 0x000000072fc00000, 0x000000072fe00000|  0%| F|  |TAMS 0x000000072fc00000, 0x000000072fc00000| Untracked 
| 383|0x000000072fe00000, 0x000000072fe00000, 0x0000000730000000|  0%| F|  |TAMS 0x000000072fe00000, 0x000000072fe00000| Untracked 
| 384|0x0000000730000000, 0x0000000730000000, 0x0000000730200000|  0%| F|  |TAMS 0x0000000730000000, 0x0000000730000000| Untracked 
| 385|0x0000000730200000, 0x0000000730200000, 0x0000000730400000|  0%| F|  |TAMS 0x0000000730200000, 0x0000000730200000| Untracked 
| 386|0x0000000730400000, 0x0000000730400000, 0x0000000730600000|  0%| F|  |TAMS 0x0000000730400000, 0x0000000730400000| Untracked 
| 387|0x0000000730600000, 0x0000000730600000, 0x0000000730800000|  0%| F|  |TAMS 0x0000000730600000, 0x0000000730600000| Untracked 
| 388|0x0000000730800000, 0x0000000730800000, 0x0000000730a00000|  0%| F|  |TAMS 0x0000000730800000, 0x0000000730800000| Untracked 
| 389|0x0000000730a00000, 0x0000000730a00000, 0x0000000730c00000|  0%| F|  |TAMS 0x0000000730a00000, 0x0000000730a00000| Untracked 
| 390|0x0000000730c00000, 0x0000000730c00000, 0x0000000730e00000|  0%| F|  |TAMS 0x0000000730c00000, 0x0000000730c00000| Untracked 
| 391|0x0000000730e00000, 0x0000000730e00000, 0x0000000731000000|  0%| F|  |TAMS 0x0000000730e00000, 0x0000000730e00000| Untracked 
| 392|0x0000000731000000, 0x0000000731000000, 0x0000000731200000|  0%| F|  |TAMS 0x0000000731000000, 0x0000000731000000| Untracked 
| 393|0x0000000731200000, 0x0000000731200000, 0x0000000731400000|  0%| F|  |TAMS 0x0000000731200000, 0x0000000731200000| Untracked 
| 394|0x0000000731400000, 0x0000000731400000, 0x0000000731600000|  0%| F|  |TAMS 0x0000000731400000, 0x0000000731400000| Untracked 
| 395|0x0000000731600000, 0x0000000731600000, 0x0000000731800000|  0%| F|  |TAMS 0x0000000731600000, 0x0000000731600000| Untracked 
| 396|0x0000000731800000, 0x0000000731800000, 0x0000000731a00000|  0%| F|  |TAMS 0x0000000731800000, 0x0000000731800000| Untracked 
| 397|0x0000000731a00000, 0x0000000731a00000, 0x0000000731c00000|  0%| F|  |TAMS 0x0000000731a00000, 0x0000000731a00000| Untracked 
| 398|0x0000000731c00000, 0x0000000731c00000, 0x0000000731e00000|  0%| F|  |TAMS 0x0000000731c00000, 0x0000000731c00000| Untracked 
| 399|0x0000000731e00000, 0x0000000731e00000, 0x0000000732000000|  0%| F|  |TAMS 0x0000000731e00000, 0x0000000731e00000| Untracked 
| 400|0x0000000732000000, 0x0000000732000000, 0x0000000732200000|  0%| F|  |TAMS 0x0000000732000000, 0x0000000732000000| Untracked 
| 401|0x0000000732200000, 0x0000000732200000, 0x0000000732400000|  0%| F|  |TAMS 0x0000000732200000, 0x0000000732200000| Untracked 
| 402|0x0000000732400000, 0x0000000732400000, 0x0000000732600000|  0%| F|  |TAMS 0x0000000732400000, 0x0000000732400000| Untracked 
| 403|0x0000000732600000, 0x0000000732600000, 0x0000000732800000|  0%| F|  |TAMS 0x0000000732600000, 0x0000000732600000| Untracked 
| 404|0x0000000732800000, 0x0000000732800000, 0x0000000732a00000|  0%| F|  |TAMS 0x0000000732800000, 0x0000000732800000| Untracked 
| 405|0x0000000732a00000, 0x0000000732a00000, 0x0000000732c00000|  0%| F|  |TAMS 0x0000000732a00000, 0x0000000732a00000| Untracked 
| 406|0x0000000732c00000, 0x0000000732c00000, 0x0000000732e00000|  0%| F|  |TAMS 0x0000000732c00000, 0x0000000732c00000| Untracked 
| 407|0x0000000732e00000, 0x0000000732e00000, 0x0000000733000000|  0%| F|  |TAMS 0x0000000732e00000, 0x0000000732e00000| Untracked 
| 408|0x0000000733000000, 0x0000000733000000, 0x0000000733200000|  0%| F|  |TAMS 0x0000000733000000, 0x0000000733000000| Untracked 
| 409|0x0000000733200000, 0x0000000733200000, 0x0000000733400000|  0%| F|  |TAMS 0x0000000733200000, 0x0000000733200000| Untracked 
| 410|0x0000000733400000, 0x0000000733400000, 0x0000000733600000|  0%| F|  |TAMS 0x0000000733400000, 0x0000000733400000| Untracked 
| 411|0x0000000733600000, 0x0000000733600000, 0x0000000733800000|  0%| F|  |TAMS 0x0000000733600000, 0x0000000733600000| Untracked 
| 412|0x0000000733800000, 0x0000000733800000, 0x0000000733a00000|  0%| F|  |TAMS 0x0000000733800000, 0x0000000733800000| Untracked 
| 413|0x0000000733a00000, 0x0000000733a00000, 0x0000000733c00000|  0%| F|  |TAMS 0x0000000733a00000, 0x0000000733a00000| Untracked 
| 414|0x0000000733c00000, 0x0000000733c00000, 0x0000000733e00000|  0%| F|  |TAMS 0x0000000733c00000, 0x0000000733c00000| Untracked 
| 415|0x0000000733e00000, 0x0000000733e00000, 0x0000000734000000|  0%| F|  |TAMS 0x0000000733e00000, 0x0000000733e00000| Untracked 
| 416|0x0000000734000000, 0x0000000734000000, 0x0000000734200000|  0%| F|  |TAMS 0x0000000734000000, 0x0000000734000000| Untracked 
| 417|0x0000000734200000, 0x0000000734200000, 0x0000000734400000|  0%| F|  |TAMS 0x0000000734200000, 0x0000000734200000| Untracked 
| 418|0x0000000734400000, 0x0000000734400000, 0x0000000734600000|  0%| F|  |TAMS 0x0000000734400000, 0x0000000734400000| Untracked 
| 419|0x0000000734600000, 0x0000000734600000, 0x0000000734800000|  0%| F|  |TAMS 0x0000000734600000, 0x0000000734600000| Untracked 
| 420|0x0000000734800000, 0x0000000734800000, 0x0000000734a00000|  0%| F|  |TAMS 0x0000000734800000, 0x0000000734800000| Untracked 
| 421|0x0000000734a00000, 0x0000000734a00000, 0x0000000734c00000|  0%| F|  |TAMS 0x0000000734a00000, 0x0000000734a00000| Untracked 
| 422|0x0000000734c00000, 0x0000000734c00000, 0x0000000734e00000|  0%| F|  |TAMS 0x0000000734c00000, 0x0000000734c00000| Untracked 
| 423|0x0000000734e00000, 0x0000000734e00000, 0x0000000735000000|  0%| F|  |TAMS 0x0000000734e00000, 0x0000000734e00000| Untracked 
| 424|0x0000000735000000, 0x0000000735000000, 0x0000000735200000|  0%| F|  |TAMS 0x0000000735000000, 0x0000000735000000| Untracked 
| 425|0x0000000735200000, 0x0000000735200000, 0x0000000735400000|  0%| F|  |TAMS 0x0000000735200000, 0x0000000735200000| Untracked 
| 426|0x0000000735400000, 0x0000000735400000, 0x0000000735600000|  0%| F|  |TAMS 0x0000000735400000, 0x0000000735400000| Untracked 
| 427|0x0000000735600000, 0x0000000735600000, 0x0000000735800000|  0%| F|  |TAMS 0x0000000735600000, 0x0000000735600000| Untracked 
| 428|0x0000000735800000, 0x0000000735800000, 0x0000000735a00000|  0%| F|  |TAMS 0x0000000735800000, 0x0000000735800000| Untracked 
| 429|0x0000000735a00000, 0x0000000735a00000, 0x0000000735c00000|  0%| F|  |TAMS 0x0000000735a00000, 0x0000000735a00000| Untracked 
| 430|0x0000000735c00000, 0x0000000735c00000, 0x0000000735e00000|  0%| F|  |TAMS 0x0000000735c00000, 0x0000000735c00000| Untracked 
| 431|0x0000000735e00000, 0x0000000735e00000, 0x0000000736000000|  0%| F|  |TAMS 0x0000000735e00000, 0x0000000735e00000| Untracked 
| 432|0x0000000736000000, 0x0000000736000000, 0x0000000736200000|  0%| F|  |TAMS 0x0000000736000000, 0x0000000736000000| Untracked 
| 433|0x0000000736200000, 0x0000000736200000, 0x0000000736400000|  0%| F|  |TAMS 0x0000000736200000, 0x0000000736200000| Untracked 
| 434|0x0000000736400000, 0x0000000736400000, 0x0000000736600000|  0%| F|  |TAMS 0x0000000736400000, 0x0000000736400000| Untracked 
| 435|0x0000000736600000, 0x0000000736600000, 0x0000000736800000|  0%| F|  |TAMS 0x0000000736600000, 0x0000000736600000| Untracked 
| 436|0x0000000736800000, 0x0000000736800000, 0x0000000736a00000|  0%| F|  |TAMS 0x0000000736800000, 0x0000000736800000| Untracked 
| 437|0x0000000736a00000, 0x0000000736a00000, 0x0000000736c00000|  0%| F|  |TAMS 0x0000000736a00000, 0x0000000736a00000| Untracked 
| 438|0x0000000736c00000, 0x0000000736c00000, 0x0000000736e00000|  0%| F|  |TAMS 0x0000000736c00000, 0x0000000736c00000| Untracked 
| 439|0x0000000736e00000, 0x0000000736e00000, 0x0000000737000000|  0%| F|  |TAMS 0x0000000736e00000, 0x0000000736e00000| Untracked 
| 440|0x0000000737000000, 0x0000000737000000, 0x0000000737200000|  0%| F|  |TAMS 0x0000000737000000, 0x0000000737000000| Untracked 
| 441|0x0000000737200000, 0x0000000737200000, 0x0000000737400000|  0%| F|  |TAMS 0x0000000737200000, 0x0000000737200000| Untracked 
| 442|0x0000000737400000, 0x0000000737400000, 0x0000000737600000|  0%| F|  |TAMS 0x0000000737400000, 0x0000000737400000| Untracked 
| 443|0x0000000737600000, 0x0000000737600000, 0x0000000737800000|  0%| F|  |TAMS 0x0000000737600000, 0x0000000737600000| Untracked 
| 444|0x0000000737800000, 0x0000000737800000, 0x0000000737a00000|  0%| F|  |TAMS 0x0000000737800000, 0x0000000737800000| Untracked 
| 445|0x0000000737a00000, 0x0000000737a00000, 0x0000000737c00000|  0%| F|  |TAMS 0x0000000737a00000, 0x0000000737a00000| Untracked 
| 446|0x0000000737c00000, 0x0000000737c00000, 0x0000000737e00000|  0%| F|  |TAMS 0x0000000737c00000, 0x0000000737c00000| Untracked 
| 447|0x0000000737e00000, 0x0000000737e00000, 0x0000000738000000|  0%| F|  |TAMS 0x0000000737e00000, 0x0000000737e00000| Untracked 
| 448|0x0000000738000000, 0x0000000738000000, 0x0000000738200000|  0%| F|  |TAMS 0x0000000738000000, 0x0000000738000000| Untracked 
| 449|0x0000000738200000, 0x0000000738200000, 0x0000000738400000|  0%| F|  |TAMS 0x0000000738200000, 0x0000000738200000| Untracked 
| 450|0x0000000738400000, 0x0000000738400000, 0x0000000738600000|  0%| F|  |TAMS 0x0000000738400000, 0x0000000738400000| Untracked 
| 451|0x0000000738600000, 0x0000000738600000, 0x0000000738800000|  0%| F|  |TAMS 0x0000000738600000, 0x0000000738600000| Untracked 
| 452|0x0000000738800000, 0x0000000738800000, 0x0000000738a00000|  0%| F|  |TAMS 0x0000000738800000, 0x0000000738800000| Untracked 
| 453|0x0000000738a00000, 0x0000000738a00000, 0x0000000738c00000|  0%| F|  |TAMS 0x0000000738a00000, 0x0000000738a00000| Untracked 
| 454|0x0000000738c00000, 0x0000000738c00000, 0x0000000738e00000|  0%| F|  |TAMS 0x0000000738c00000, 0x0000000738c00000| Untracked 
| 455|0x0000000738e00000, 0x0000000738e00000, 0x0000000739000000|  0%| F|  |TAMS 0x0000000738e00000, 0x0000000738e00000| Untracked 
| 456|0x0000000739000000, 0x0000000739000000, 0x0000000739200000|  0%| F|  |TAMS 0x0000000739000000, 0x0000000739000000| Untracked 
| 457|0x0000000739200000, 0x0000000739200000, 0x0000000739400000|  0%| F|  |TAMS 0x0000000739200000, 0x0000000739200000| Untracked 
| 458|0x0000000739400000, 0x0000000739400000, 0x0000000739600000|  0%| F|  |TAMS 0x0000000739400000, 0x0000000739400000| Untracked 
| 459|0x0000000739600000, 0x0000000739600000, 0x0000000739800000|  0%| F|  |TAMS 0x0000000739600000, 0x0000000739600000| Untracked 
| 460|0x0000000739800000, 0x0000000739800000, 0x0000000739a00000|  0%| F|  |TAMS 0x0000000739800000, 0x0000000739800000| Untracked 
| 461|0x0000000739a00000, 0x0000000739a00000, 0x0000000739c00000|  0%| F|  |TAMS 0x0000000739a00000, 0x0000000739a00000| Untracked 
| 462|0x0000000739c00000, 0x0000000739c00000, 0x0000000739e00000|  0%| F|  |TAMS 0x0000000739c00000, 0x0000000739c00000| Untracked 
| 463|0x0000000739e00000, 0x0000000739e00000, 0x000000073a000000|  0%| F|  |TAMS 0x0000000739e00000, 0x0000000739e00000| Untracked 
| 464|0x000000073a000000, 0x000000073a000000, 0x000000073a200000|  0%| F|  |TAMS 0x000000073a000000, 0x000000073a000000| Untracked 
| 465|0x000000073a200000, 0x000000073a200000, 0x000000073a400000|  0%| F|  |TAMS 0x000000073a200000, 0x000000073a200000| Untracked 
| 466|0x000000073a400000, 0x000000073a400000, 0x000000073a600000|  0%| F|  |TAMS 0x000000073a400000, 0x000000073a400000| Untracked 
| 467|0x000000073a600000, 0x000000073a600000, 0x000000073a800000|  0%| F|  |TAMS 0x000000073a600000, 0x000000073a600000| Untracked 
| 468|0x000000073a800000, 0x000000073a800000, 0x000000073aa00000|  0%| F|  |TAMS 0x000000073a800000, 0x000000073a800000| Untracked 
| 469|0x000000073aa00000, 0x000000073aa00000, 0x000000073ac00000|  0%| F|  |TAMS 0x000000073aa00000, 0x000000073aa00000| Untracked 
| 470|0x000000073ac00000, 0x000000073ac00000, 0x000000073ae00000|  0%| F|  |TAMS 0x000000073ac00000, 0x000000073ac00000| Untracked 
| 471|0x000000073ae00000, 0x000000073ae00000, 0x000000073b000000|  0%| F|  |TAMS 0x000000073ae00000, 0x000000073ae00000| Untracked 
| 472|0x000000073b000000, 0x000000073b000000, 0x000000073b200000|  0%| F|  |TAMS 0x000000073b000000, 0x000000073b000000| Untracked 
| 473|0x000000073b200000, 0x000000073b200000, 0x000000073b400000|  0%| F|  |TAMS 0x000000073b200000, 0x000000073b200000| Untracked 
| 474|0x000000073b400000, 0x000000073b400000, 0x000000073b600000|  0%| F|  |TAMS 0x000000073b400000, 0x000000073b400000| Untracked 
| 475|0x000000073b600000, 0x000000073b600000, 0x000000073b800000|  0%| F|  |TAMS 0x000000073b600000, 0x000000073b600000| Untracked 
| 476|0x000000073b800000, 0x000000073b800000, 0x000000073ba00000|  0%| F|  |TAMS 0x000000073b800000, 0x000000073b800000| Untracked 
| 477|0x000000073ba00000, 0x000000073ba00000, 0x000000073bc00000|  0%| F|  |TAMS 0x000000073ba00000, 0x000000073ba00000| Untracked 
| 478|0x000000073bc00000, 0x000000073bc00000, 0x000000073be00000|  0%| F|  |TAMS 0x000000073bc00000, 0x000000073bc00000| Untracked 
| 479|0x000000073be00000, 0x000000073be00000, 0x000000073c000000|  0%| F|  |TAMS 0x000000073be00000, 0x000000073be00000| Untracked 
| 480|0x000000073c000000, 0x000000073c000000, 0x000000073c200000|  0%| F|  |TAMS 0x000000073c000000, 0x000000073c000000| Untracked 
| 481|0x000000073c200000, 0x000000073c200000, 0x000000073c400000|  0%| F|  |TAMS 0x000000073c200000, 0x000000073c200000| Untracked 
| 482|0x000000073c400000, 0x000000073c400000, 0x000000073c600000|  0%| F|  |TAMS 0x000000073c400000, 0x000000073c400000| Untracked 
| 483|0x000000073c600000, 0x000000073c600000, 0x000000073c800000|  0%| F|  |TAMS 0x000000073c600000, 0x000000073c600000| Untracked 
| 484|0x000000073c800000, 0x000000073c800000, 0x000000073ca00000|  0%| F|  |TAMS 0x000000073c800000, 0x000000073c800000| Untracked 
| 485|0x000000073ca00000, 0x000000073ca00000, 0x000000073cc00000|  0%| F|  |TAMS 0x000000073ca00000, 0x000000073ca00000| Untracked 
| 486|0x000000073cc00000, 0x000000073cc00000, 0x000000073ce00000|  0%| F|  |TAMS 0x000000073cc00000, 0x000000073cc00000| Untracked 
| 487|0x000000073ce00000, 0x000000073ce00000, 0x000000073d000000|  0%| F|  |TAMS 0x000000073ce00000, 0x000000073ce00000| Untracked 
| 488|0x000000073d000000, 0x000000073d000000, 0x000000073d200000|  0%| F|  |TAMS 0x000000073d000000, 0x000000073d000000| Untracked 
| 489|0x000000073d200000, 0x000000073d200000, 0x000000073d400000|  0%| F|  |TAMS 0x000000073d200000, 0x000000073d200000| Untracked 
| 490|0x000000073d400000, 0x000000073d400000, 0x000000073d600000|  0%| F|  |TAMS 0x000000073d400000, 0x000000073d400000| Untracked 
| 491|0x000000073d600000, 0x000000073d600000, 0x000000073d800000|  0%| F|  |TAMS 0x000000073d600000, 0x000000073d600000| Untracked 
| 492|0x000000073d800000, 0x000000073d800000, 0x000000073da00000|  0%| F|  |TAMS 0x000000073d800000, 0x000000073d800000| Untracked 
| 493|0x000000073da00000, 0x000000073da00000, 0x000000073dc00000|  0%| F|  |TAMS 0x000000073da00000, 0x000000073da00000| Untracked 
| 494|0x000000073dc00000, 0x000000073dc00000, 0x000000073de00000|  0%| F|  |TAMS 0x000000073dc00000, 0x000000073dc00000| Untracked 
| 495|0x000000073de00000, 0x000000073de00000, 0x000000073e000000|  0%| F|  |TAMS 0x000000073de00000, 0x000000073de00000| Untracked 
| 496|0x000000073e000000, 0x000000073e000000, 0x000000073e200000|  0%| F|  |TAMS 0x000000073e000000, 0x000000073e000000| Untracked 
| 497|0x000000073e200000, 0x000000073e200000, 0x000000073e400000|  0%| F|  |TAMS 0x000000073e200000, 0x000000073e200000| Untracked 
| 498|0x000000073e400000, 0x000000073e400000, 0x000000073e600000|  0%| F|  |TAMS 0x000000073e400000, 0x000000073e400000| Untracked 
| 499|0x000000073e600000, 0x000000073e600000, 0x000000073e800000|  0%| F|  |TAMS 0x000000073e600000, 0x000000073e600000| Untracked 
| 500|0x000000073e800000, 0x000000073e800000, 0x000000073ea00000|  0%| F|  |TAMS 0x000000073e800000, 0x000000073e800000| Untracked 
| 501|0x000000073ea00000, 0x000000073ea00000, 0x000000073ec00000|  0%| F|  |TAMS 0x000000073ea00000, 0x000000073ea00000| Untracked 
| 502|0x000000073ec00000, 0x000000073ec00000, 0x000000073ee00000|  0%| F|  |TAMS 0x000000073ec00000, 0x000000073ec00000| Untracked 
| 503|0x000000073ee00000, 0x000000073ee00000, 0x000000073f000000|  0%| F|  |TAMS 0x000000073ee00000, 0x000000073ee00000| Untracked 
| 504|0x000000073f000000, 0x000000073f000000, 0x000000073f200000|  0%| F|  |TAMS 0x000000073f000000, 0x000000073f000000| Untracked 
| 505|0x000000073f200000, 0x000000073f200000, 0x000000073f400000|  0%| F|  |TAMS 0x000000073f200000, 0x000000073f200000| Untracked 
| 506|0x000000073f400000, 0x000000073f400000, 0x000000073f600000|  0%| F|  |TAMS 0x000000073f400000, 0x000000073f400000| Untracked 
| 507|0x000000073f600000, 0x000000073f600000, 0x000000073f800000|  0%| F|  |TAMS 0x000000073f600000, 0x000000073f600000| Untracked 
| 508|0x000000073f800000, 0x000000073f800000, 0x000000073fa00000|  0%| F|  |TAMS 0x000000073f800000, 0x000000073f800000| Untracked 
| 509|0x000000073fa00000, 0x000000073fa00000, 0x000000073fc00000|  0%| F|  |TAMS 0x000000073fa00000, 0x000000073fa00000| Untracked 
| 510|0x000000073fc00000, 0x000000073fc00000, 0x000000073fe00000|  0%| F|  |TAMS 0x000000073fc00000, 0x000000073fc00000| Untracked 
| 511|0x000000073fe00000, 0x000000073fe00000, 0x0000000740000000|  0%| F|  |TAMS 0x000000073fe00000, 0x000000073fe00000| Untracked 
| 512|0x0000000740000000, 0x0000000740000000, 0x0000000740200000|  0%| F|  |TAMS 0x0000000740000000, 0x0000000740000000| Untracked 
| 513|0x0000000740200000, 0x0000000740200000, 0x0000000740400000|  0%| F|  |TAMS 0x0000000740200000, 0x0000000740200000| Untracked 
| 514|0x0000000740400000, 0x0000000740400000, 0x0000000740600000|  0%| F|  |TAMS 0x0000000740400000, 0x0000000740400000| Untracked 
| 515|0x0000000740600000, 0x0000000740600000, 0x0000000740800000|  0%| F|  |TAMS 0x0000000740600000, 0x0000000740600000| Untracked 
| 516|0x0000000740800000, 0x0000000740800000, 0x0000000740a00000|  0%| F|  |TAMS 0x0000000740800000, 0x0000000740800000| Untracked 
| 517|0x0000000740a00000, 0x0000000740a00000, 0x0000000740c00000|  0%| F|  |TAMS 0x0000000740a00000, 0x0000000740a00000| Untracked 
| 518|0x0000000740c00000, 0x0000000740c00000, 0x0000000740e00000|  0%| F|  |TAMS 0x0000000740c00000, 0x0000000740c00000| Untracked 
| 519|0x0000000740e00000, 0x0000000740e00000, 0x0000000741000000|  0%| F|  |TAMS 0x0000000740e00000, 0x0000000740e00000| Untracked 
| 520|0x0000000741000000, 0x0000000741000000, 0x0000000741200000|  0%| F|  |TAMS 0x0000000741000000, 0x0000000741000000| Untracked 
| 521|0x0000000741200000, 0x0000000741200000, 0x0000000741400000|  0%| F|  |TAMS 0x0000000741200000, 0x0000000741200000| Untracked 
| 522|0x0000000741400000, 0x0000000741400000, 0x0000000741600000|  0%| F|  |TAMS 0x0000000741400000, 0x0000000741400000| Untracked 
| 523|0x0000000741600000, 0x0000000741600000, 0x0000000741800000|  0%| F|  |TAMS 0x0000000741600000, 0x0000000741600000| Untracked 
| 524|0x0000000741800000, 0x0000000741800000, 0x0000000741a00000|  0%| F|  |TAMS 0x0000000741800000, 0x0000000741800000| Untracked 
| 525|0x0000000741a00000, 0x0000000741a00000, 0x0000000741c00000|  0%| F|  |TAMS 0x0000000741a00000, 0x0000000741a00000| Untracked 
| 526|0x0000000741c00000, 0x0000000741c00000, 0x0000000741e00000|  0%| F|  |TAMS 0x0000000741c00000, 0x0000000741c00000| Untracked 
| 527|0x0000000741e00000, 0x0000000741e00000, 0x0000000742000000|  0%| F|  |TAMS 0x0000000741e00000, 0x0000000741e00000| Untracked 
| 528|0x0000000742000000, 0x0000000742000000, 0x0000000742200000|  0%| F|  |TAMS 0x0000000742000000, 0x0000000742000000| Untracked 
| 529|0x0000000742200000, 0x0000000742200000, 0x0000000742400000|  0%| F|  |TAMS 0x0000000742200000, 0x0000000742200000| Untracked 
| 530|0x0000000742400000, 0x0000000742400000, 0x0000000742600000|  0%| F|  |TAMS 0x0000000742400000, 0x0000000742400000| Untracked 
| 531|0x0000000742600000, 0x0000000742600000, 0x0000000742800000|  0%| F|  |TAMS 0x0000000742600000, 0x0000000742600000| Untracked 
| 532|0x0000000742800000, 0x0000000742800000, 0x0000000742a00000|  0%| F|  |TAMS 0x0000000742800000, 0x0000000742800000| Untracked 
| 533|0x0000000742a00000, 0x0000000742a00000, 0x0000000742c00000|  0%| F|  |TAMS 0x0000000742a00000, 0x0000000742a00000| Untracked 
| 534|0x0000000742c00000, 0x0000000742c00000, 0x0000000742e00000|  0%| F|  |TAMS 0x0000000742c00000, 0x0000000742c00000| Untracked 
| 535|0x0000000742e00000, 0x0000000742e00000, 0x0000000743000000|  0%| F|  |TAMS 0x0000000742e00000, 0x0000000742e00000| Untracked 
| 536|0x0000000743000000, 0x0000000743000000, 0x0000000743200000|  0%| F|  |TAMS 0x0000000743000000, 0x0000000743000000| Untracked 
| 537|0x0000000743200000, 0x0000000743200000, 0x0000000743400000|  0%| F|  |TAMS 0x0000000743200000, 0x0000000743200000| Untracked 
| 538|0x0000000743400000, 0x0000000743400000, 0x0000000743600000|  0%| F|  |TAMS 0x0000000743400000, 0x0000000743400000| Untracked 
| 539|0x0000000743600000, 0x0000000743600000, 0x0000000743800000|  0%| F|  |TAMS 0x0000000743600000, 0x0000000743600000| Untracked 
| 540|0x0000000743800000, 0x0000000743800000, 0x0000000743a00000|  0%| F|  |TAMS 0x0000000743800000, 0x0000000743800000| Untracked 
| 541|0x0000000743a00000, 0x0000000743a00000, 0x0000000743c00000|  0%| F|  |TAMS 0x0000000743a00000, 0x0000000743a00000| Untracked 
| 542|0x0000000743c00000, 0x0000000743c00000, 0x0000000743e00000|  0%| F|  |TAMS 0x0000000743c00000, 0x0000000743c00000| Untracked 
| 543|0x0000000743e00000, 0x0000000743e00000, 0x0000000744000000|  0%| F|  |TAMS 0x0000000743e00000, 0x0000000743e00000| Untracked 
| 544|0x0000000744000000, 0x0000000744000000, 0x0000000744200000|  0%| F|  |TAMS 0x0000000744000000, 0x0000000744000000| Untracked 
| 545|0x0000000744200000, 0x0000000744200000, 0x0000000744400000|  0%| F|  |TAMS 0x0000000744200000, 0x0000000744200000| Untracked 
| 546|0x0000000744400000, 0x0000000744400000, 0x0000000744600000|  0%| F|  |TAMS 0x0000000744400000, 0x0000000744400000| Untracked 
| 547|0x0000000744600000, 0x0000000744600000, 0x0000000744800000|  0%| F|  |TAMS 0x0000000744600000, 0x0000000744600000| Untracked 
| 548|0x0000000744800000, 0x0000000744800000, 0x0000000744a00000|  0%| F|  |TAMS 0x0000000744800000, 0x0000000744800000| Untracked 
| 549|0x0000000744a00000, 0x0000000744a00000, 0x0000000744c00000|  0%| F|  |TAMS 0x0000000744a00000, 0x0000000744a00000| Untracked 
| 550|0x0000000744c00000, 0x0000000744c00000, 0x0000000744e00000|  0%| F|  |TAMS 0x0000000744c00000, 0x0000000744c00000| Untracked 
| 551|0x0000000744e00000, 0x0000000744e00000, 0x0000000745000000|  0%| F|  |TAMS 0x0000000744e00000, 0x0000000744e00000| Untracked 
| 552|0x0000000745000000, 0x0000000745000000, 0x0000000745200000|  0%| F|  |TAMS 0x0000000745000000, 0x0000000745000000| Untracked 
| 553|0x0000000745200000, 0x0000000745200000, 0x0000000745400000|  0%| F|  |TAMS 0x0000000745200000, 0x0000000745200000| Untracked 
| 554|0x0000000745400000, 0x0000000745400000, 0x0000000745600000|  0%| F|  |TAMS 0x0000000745400000, 0x0000000745400000| Untracked 
| 555|0x0000000745600000, 0x0000000745600000, 0x0000000745800000|  0%| F|  |TAMS 0x0000000745600000, 0x0000000745600000| Untracked 
| 556|0x0000000745800000, 0x0000000745800000, 0x0000000745a00000|  0%| F|  |TAMS 0x0000000745800000, 0x0000000745800000| Untracked 
| 557|0x0000000745a00000, 0x0000000745a00000, 0x0000000745c00000|  0%| F|  |TAMS 0x0000000745a00000, 0x0000000745a00000| Untracked 
| 558|0x0000000745c00000, 0x0000000745c00000, 0x0000000745e00000|  0%| F|  |TAMS 0x0000000745c00000, 0x0000000745c00000| Untracked 
| 559|0x0000000745e00000, 0x0000000745f235f0, 0x0000000746000000| 56%| S|CS|TAMS 0x0000000745e00000, 0x0000000745e00000| Complete 
| 560|0x0000000746000000, 0x0000000746200000, 0x0000000746200000|100%| S|CS|TAMS 0x0000000746000000, 0x0000000746000000| Complete 
| 561|0x0000000746200000, 0x0000000746400000, 0x0000000746400000|100%| S|CS|TAMS 0x0000000746200000, 0x0000000746200000| Complete 
| 562|0x0000000746400000, 0x0000000746600000, 0x0000000746600000|100%| S|CS|TAMS 0x0000000746400000, 0x0000000746400000| Complete 
| 563|0x0000000746600000, 0x0000000746600000, 0x0000000746800000|  0%| F|  |TAMS 0x0000000746600000, 0x0000000746600000| Untracked 
| 564|0x0000000746800000, 0x0000000746800000, 0x0000000746a00000|  0%| F|  |TAMS 0x0000000746800000, 0x0000000746800000| Untracked 
| 565|0x0000000746a00000, 0x0000000746a00000, 0x0000000746c00000|  0%| F|  |TAMS 0x0000000746a00000, 0x0000000746a00000| Untracked 
| 566|0x0000000746c00000, 0x0000000746c00000, 0x0000000746e00000|  0%| F|  |TAMS 0x0000000746c00000, 0x0000000746c00000| Untracked 
| 567|0x0000000746e00000, 0x0000000746e00000, 0x0000000747000000|  0%| F|  |TAMS 0x0000000746e00000, 0x0000000746e00000| Untracked 
| 568|0x0000000747000000, 0x0000000747000000, 0x0000000747200000|  0%| F|  |TAMS 0x0000000747000000, 0x0000000747000000| Untracked 
| 569|0x0000000747200000, 0x0000000747200000, 0x0000000747400000|  0%| F|  |TAMS 0x0000000747200000, 0x0000000747200000| Untracked 
| 570|0x0000000747400000, 0x0000000747400000, 0x0000000747600000|  0%| F|  |TAMS 0x0000000747400000, 0x0000000747400000| Untracked 
| 571|0x0000000747600000, 0x0000000747600000, 0x0000000747800000|  0%| F|  |TAMS 0x0000000747600000, 0x0000000747600000| Untracked 
| 572|0x0000000747800000, 0x0000000747800000, 0x0000000747a00000|  0%| F|  |TAMS 0x0000000747800000, 0x0000000747800000| Untracked 
| 573|0x0000000747a00000, 0x0000000747a00000, 0x0000000747c00000|  0%| F|  |TAMS 0x0000000747a00000, 0x0000000747a00000| Untracked 
| 574|0x0000000747c00000, 0x0000000747c00000, 0x0000000747e00000|  0%| F|  |TAMS 0x0000000747c00000, 0x0000000747c00000| Untracked 
| 575|0x0000000747e00000, 0x0000000747e00000, 0x0000000748000000|  0%| F|  |TAMS 0x0000000747e00000, 0x0000000747e00000| Untracked 
| 576|0x0000000748000000, 0x0000000748000000, 0x0000000748200000|  0%| F|  |TAMS 0x0000000748000000, 0x0000000748000000| Untracked 
| 577|0x0000000748200000, 0x0000000748200000, 0x0000000748400000|  0%| F|  |TAMS 0x0000000748200000, 0x0000000748200000| Untracked 
| 578|0x0000000748400000, 0x0000000748400000, 0x0000000748600000|  0%| F|  |TAMS 0x0000000748400000, 0x0000000748400000| Untracked 
| 579|0x0000000748600000, 0x0000000748600000, 0x0000000748800000|  0%| F|  |TAMS 0x0000000748600000, 0x0000000748600000| Untracked 
| 580|0x0000000748800000, 0x0000000748800000, 0x0000000748a00000|  0%| F|  |TAMS 0x0000000748800000, 0x0000000748800000| Untracked 
| 581|0x0000000748a00000, 0x0000000748a00000, 0x0000000748c00000|  0%| F|  |TAMS 0x0000000748a00000, 0x0000000748a00000| Untracked 
| 582|0x0000000748c00000, 0x0000000748c00000, 0x0000000748e00000|  0%| F|  |TAMS 0x0000000748c00000, 0x0000000748c00000| Untracked 
| 583|0x0000000748e00000, 0x0000000748e00000, 0x0000000749000000|  0%| F|  |TAMS 0x0000000748e00000, 0x0000000748e00000| Untracked 
| 584|0x0000000749000000, 0x0000000749000000, 0x0000000749200000|  0%| F|  |TAMS 0x0000000749000000, 0x0000000749000000| Untracked 
| 585|0x0000000749200000, 0x0000000749200000, 0x0000000749400000|  0%| F|  |TAMS 0x0000000749200000, 0x0000000749200000| Untracked 
| 586|0x0000000749400000, 0x0000000749400000, 0x0000000749600000|  0%| F|  |TAMS 0x0000000749400000, 0x0000000749400000| Untracked 
| 587|0x0000000749600000, 0x0000000749600000, 0x0000000749800000|  0%| F|  |TAMS 0x0000000749600000, 0x0000000749600000| Untracked 
| 588|0x0000000749800000, 0x0000000749800000, 0x0000000749a00000|  0%| F|  |TAMS 0x0000000749800000, 0x0000000749800000| Untracked 
| 589|0x0000000749a00000, 0x0000000749a00000, 0x0000000749c00000|  0%| F|  |TAMS 0x0000000749a00000, 0x0000000749a00000| Untracked 
| 590|0x0000000749c00000, 0x0000000749c00000, 0x0000000749e00000|  0%| F|  |TAMS 0x0000000749c00000, 0x0000000749c00000| Untracked 
| 591|0x0000000749e00000, 0x0000000749e00000, 0x000000074a000000|  0%| F|  |TAMS 0x0000000749e00000, 0x0000000749e00000| Untracked 
| 592|0x000000074a000000, 0x000000074a000000, 0x000000074a200000|  0%| F|  |TAMS 0x000000074a000000, 0x000000074a000000| Untracked 
| 593|0x000000074a200000, 0x000000074a200000, 0x000000074a400000|  0%| F|  |TAMS 0x000000074a200000, 0x000000074a200000| Untracked 
| 594|0x000000074a400000, 0x000000074a400000, 0x000000074a600000|  0%| F|  |TAMS 0x000000074a400000, 0x000000074a400000| Untracked 
| 595|0x000000074a600000, 0x000000074a600000, 0x000000074a800000|  0%| F|  |TAMS 0x000000074a600000, 0x000000074a600000| Untracked 
| 596|0x000000074a800000, 0x000000074a800000, 0x000000074aa00000|  0%| F|  |TAMS 0x000000074a800000, 0x000000074a800000| Untracked 
| 597|0x000000074aa00000, 0x000000074aa00000, 0x000000074ac00000|  0%| F|  |TAMS 0x000000074aa00000, 0x000000074aa00000| Untracked 
| 598|0x000000074ac00000, 0x000000074ac00000, 0x000000074ae00000|  0%| F|  |TAMS 0x000000074ac00000, 0x000000074ac00000| Untracked 
| 599|0x000000074ae00000, 0x000000074ae00000, 0x000000074b000000|  0%| F|  |TAMS 0x000000074ae00000, 0x000000074ae00000| Untracked 
| 600|0x000000074b000000, 0x000000074b000000, 0x000000074b200000|  0%| F|  |TAMS 0x000000074b000000, 0x000000074b000000| Untracked 
| 601|0x000000074b200000, 0x000000074b200000, 0x000000074b400000|  0%| F|  |TAMS 0x000000074b200000, 0x000000074b200000| Untracked 
| 602|0x000000074b400000, 0x000000074b400000, 0x000000074b600000|  0%| F|  |TAMS 0x000000074b400000, 0x000000074b400000| Untracked 
| 603|0x000000074b600000, 0x000000074b600000, 0x000000074b800000|  0%| F|  |TAMS 0x000000074b600000, 0x000000074b600000| Untracked 
| 604|0x000000074b800000, 0x000000074b800000, 0x000000074ba00000|  0%| F|  |TAMS 0x000000074b800000, 0x000000074b800000| Untracked 
| 605|0x000000074ba00000, 0x000000074ba00000, 0x000000074bc00000|  0%| F|  |TAMS 0x000000074ba00000, 0x000000074ba00000| Untracked 
| 606|0x000000074bc00000, 0x000000074bc00000, 0x000000074be00000|  0%| F|  |TAMS 0x000000074bc00000, 0x000000074bc00000| Untracked 
| 607|0x000000074be00000, 0x000000074be00000, 0x000000074c000000|  0%| F|  |TAMS 0x000000074be00000, 0x000000074be00000| Untracked 
| 608|0x000000074c000000, 0x000000074c000000, 0x000000074c200000|  0%| F|  |TAMS 0x000000074c000000, 0x000000074c000000| Untracked 
| 609|0x000000074c200000, 0x000000074c200000, 0x000000074c400000|  0%| F|  |TAMS 0x000000074c200000, 0x000000074c200000| Untracked 
| 610|0x000000074c400000, 0x000000074c400000, 0x000000074c600000|  0%| F|  |TAMS 0x000000074c400000, 0x000000074c400000| Untracked 
| 611|0x000000074c600000, 0x000000074c600000, 0x000000074c800000|  0%| F|  |TAMS 0x000000074c600000, 0x000000074c600000| Untracked 
| 612|0x000000074c800000, 0x000000074c800000, 0x000000074ca00000|  0%| F|  |TAMS 0x000000074c800000, 0x000000074c800000| Untracked 
| 613|0x000000074ca00000, 0x000000074ca00000, 0x000000074cc00000|  0%| F|  |TAMS 0x000000074ca00000, 0x000000074ca00000| Untracked 
| 614|0x000000074cc00000, 0x000000074cc00000, 0x000000074ce00000|  0%| F|  |TAMS 0x000000074cc00000, 0x000000074cc00000| Untracked 
| 615|0x000000074ce00000, 0x000000074ce00000, 0x000000074d000000|  0%| F|  |TAMS 0x000000074ce00000, 0x000000074ce00000| Untracked 
| 616|0x000000074d000000, 0x000000074d000000, 0x000000074d200000|  0%| F|  |TAMS 0x000000074d000000, 0x000000074d000000| Untracked 
| 617|0x000000074d200000, 0x000000074d200000, 0x000000074d400000|  0%| F|  |TAMS 0x000000074d200000, 0x000000074d200000| Untracked 
| 618|0x000000074d400000, 0x000000074d400000, 0x000000074d600000|  0%| F|  |TAMS 0x000000074d400000, 0x000000074d400000| Untracked 
| 619|0x000000074d600000, 0x000000074d600000, 0x000000074d800000|  0%| F|  |TAMS 0x000000074d600000, 0x000000074d600000| Untracked 
| 620|0x000000074d800000, 0x000000074d800000, 0x000000074da00000|  0%| F|  |TAMS 0x000000074d800000, 0x000000074d800000| Untracked 
| 621|0x000000074da00000, 0x000000074da00000, 0x000000074dc00000|  0%| F|  |TAMS 0x000000074da00000, 0x000000074da00000| Untracked 
| 622|0x000000074dc00000, 0x000000074dc00000, 0x000000074de00000|  0%| F|  |TAMS 0x000000074dc00000, 0x000000074dc00000| Untracked 
| 623|0x000000074de00000, 0x000000074de00000, 0x000000074e000000|  0%| F|  |TAMS 0x000000074de00000, 0x000000074de00000| Untracked 
| 624|0x000000074e000000, 0x000000074e000000, 0x000000074e200000|  0%| F|  |TAMS 0x000000074e000000, 0x000000074e000000| Untracked 
| 625|0x000000074e200000, 0x000000074e200000, 0x000000074e400000|  0%| F|  |TAMS 0x000000074e200000, 0x000000074e200000| Untracked 
| 626|0x000000074e400000, 0x000000074e400000, 0x000000074e600000|  0%| F|  |TAMS 0x000000074e400000, 0x000000074e400000| Untracked 
| 627|0x000000074e600000, 0x000000074e600000, 0x000000074e800000|  0%| F|  |TAMS 0x000000074e600000, 0x000000074e600000| Untracked 
| 628|0x000000074e800000, 0x000000074e800000, 0x000000074ea00000|  0%| F|  |TAMS 0x000000074e800000, 0x000000074e800000| Untracked 
| 629|0x000000074ea00000, 0x000000074ea00000, 0x000000074ec00000|  0%| F|  |TAMS 0x000000074ea00000, 0x000000074ea00000| Untracked 
| 630|0x000000074ec00000, 0x000000074ec00000, 0x000000074ee00000|  0%| F|  |TAMS 0x000000074ec00000, 0x000000074ec00000| Untracked 
| 631|0x000000074ee00000, 0x000000074ee00000, 0x000000074f000000|  0%| F|  |TAMS 0x000000074ee00000, 0x000000074ee00000| Untracked 
| 632|0x000000074f000000, 0x000000074f000000, 0x000000074f200000|  0%| F|  |TAMS 0x000000074f000000, 0x000000074f000000| Untracked 
| 633|0x000000074f200000, 0x000000074f200000, 0x000000074f400000|  0%| F|  |TAMS 0x000000074f200000, 0x000000074f200000| Untracked 
| 634|0x000000074f400000, 0x000000074f400000, 0x000000074f600000|  0%| F|  |TAMS 0x000000074f400000, 0x000000074f400000| Untracked 
| 635|0x000000074f600000, 0x000000074f600000, 0x000000074f800000|  0%| F|  |TAMS 0x000000074f600000, 0x000000074f600000| Untracked 
| 636|0x000000074f800000, 0x000000074f800000, 0x000000074fa00000|  0%| F|  |TAMS 0x000000074f800000, 0x000000074f800000| Untracked 
| 637|0x000000074fa00000, 0x000000074fa00000, 0x000000074fc00000|  0%| F|  |TAMS 0x000000074fa00000, 0x000000074fa00000| Untracked 
| 638|0x000000074fc00000, 0x000000074fc00000, 0x000000074fe00000|  0%| F|  |TAMS 0x000000074fc00000, 0x000000074fc00000| Untracked 
| 639|0x000000074fe00000, 0x000000074fe00000, 0x0000000750000000|  0%| F|  |TAMS 0x000000074fe00000, 0x000000074fe00000| Untracked 
| 640|0x0000000750000000, 0x0000000750000000, 0x0000000750200000|  0%| F|  |TAMS 0x0000000750000000, 0x0000000750000000| Untracked 
| 641|0x0000000750200000, 0x0000000750200000, 0x0000000750400000|  0%| F|  |TAMS 0x0000000750200000, 0x0000000750200000| Untracked 
| 642|0x0000000750400000, 0x0000000750400000, 0x0000000750600000|  0%| F|  |TAMS 0x0000000750400000, 0x0000000750400000| Untracked 
| 643|0x0000000750600000, 0x0000000750600000, 0x0000000750800000|  0%| F|  |TAMS 0x0000000750600000, 0x0000000750600000| Untracked 
| 644|0x0000000750800000, 0x0000000750800000, 0x0000000750a00000|  0%| F|  |TAMS 0x0000000750800000, 0x0000000750800000| Untracked 
| 645|0x0000000750a00000, 0x0000000750a00000, 0x0000000750c00000|  0%| F|  |TAMS 0x0000000750a00000, 0x0000000750a00000| Untracked 
| 646|0x0000000750c00000, 0x0000000750c00000, 0x0000000750e00000|  0%| F|  |TAMS 0x0000000750c00000, 0x0000000750c00000| Untracked 
| 647|0x0000000750e00000, 0x0000000750e00000, 0x0000000751000000|  0%| F|  |TAMS 0x0000000750e00000, 0x0000000750e00000| Untracked 
| 648|0x0000000751000000, 0x0000000751000000, 0x0000000751200000|  0%| F|  |TAMS 0x0000000751000000, 0x0000000751000000| Untracked 
| 649|0x0000000751200000, 0x0000000751200000, 0x0000000751400000|  0%| F|  |TAMS 0x0000000751200000, 0x0000000751200000| Untracked 
| 650|0x0000000751400000, 0x0000000751400000, 0x0000000751600000|  0%| F|  |TAMS 0x0000000751400000, 0x0000000751400000| Untracked 
| 651|0x0000000751600000, 0x0000000751600000, 0x0000000751800000|  0%| F|  |TAMS 0x0000000751600000, 0x0000000751600000| Untracked 
| 652|0x0000000751800000, 0x0000000751800000, 0x0000000751a00000|  0%| F|  |TAMS 0x0000000751800000, 0x0000000751800000| Untracked 
| 653|0x0000000751a00000, 0x0000000751a00000, 0x0000000751c00000|  0%| F|  |TAMS 0x0000000751a00000, 0x0000000751a00000| Untracked 
| 654|0x0000000751c00000, 0x0000000751c00000, 0x0000000751e00000|  0%| F|  |TAMS 0x0000000751c00000, 0x0000000751c00000| Untracked 
| 655|0x0000000751e00000, 0x0000000751e00000, 0x0000000752000000|  0%| F|  |TAMS 0x0000000751e00000, 0x0000000751e00000| Untracked 
| 656|0x0000000752000000, 0x0000000752000000, 0x0000000752200000|  0%| F|  |TAMS 0x0000000752000000, 0x0000000752000000| Untracked 
| 657|0x0000000752200000, 0x0000000752200000, 0x0000000752400000|  0%| F|  |TAMS 0x0000000752200000, 0x0000000752200000| Untracked 
| 658|0x0000000752400000, 0x0000000752400000, 0x0000000752600000|  0%| F|  |TAMS 0x0000000752400000, 0x0000000752400000| Untracked 
| 659|0x0000000752600000, 0x0000000752600000, 0x0000000752800000|  0%| F|  |TAMS 0x0000000752600000, 0x0000000752600000| Untracked 
| 660|0x0000000752800000, 0x0000000752800000, 0x0000000752a00000|  0%| F|  |TAMS 0x0000000752800000, 0x0000000752800000| Untracked 
| 661|0x0000000752a00000, 0x0000000752a00000, 0x0000000752c00000|  0%| F|  |TAMS 0x0000000752a00000, 0x0000000752a00000| Untracked 
| 662|0x0000000752c00000, 0x0000000752c00000, 0x0000000752e00000|  0%| F|  |TAMS 0x0000000752c00000, 0x0000000752c00000| Untracked 
| 663|0x0000000752e00000, 0x0000000752e00000, 0x0000000753000000|  0%| F|  |TAMS 0x0000000752e00000, 0x0000000752e00000| Untracked 
| 664|0x0000000753000000, 0x0000000753000000, 0x0000000753200000|  0%| F|  |TAMS 0x0000000753000000, 0x0000000753000000| Untracked 
| 665|0x0000000753200000, 0x0000000753200000, 0x0000000753400000|  0%| F|  |TAMS 0x0000000753200000, 0x0000000753200000| Untracked 
| 666|0x0000000753400000, 0x0000000753400000, 0x0000000753600000|  0%| F|  |TAMS 0x0000000753400000, 0x0000000753400000| Untracked 
| 667|0x0000000753600000, 0x0000000753600000, 0x0000000753800000|  0%| F|  |TAMS 0x0000000753600000, 0x0000000753600000| Untracked 
| 668|0x0000000753800000, 0x0000000753800000, 0x0000000753a00000|  0%| F|  |TAMS 0x0000000753800000, 0x0000000753800000| Untracked 
| 669|0x0000000753a00000, 0x0000000753a00000, 0x0000000753c00000|  0%| F|  |TAMS 0x0000000753a00000, 0x0000000753a00000| Untracked 
| 670|0x0000000753c00000, 0x0000000753c00000, 0x0000000753e00000|  0%| F|  |TAMS 0x0000000753c00000, 0x0000000753c00000| Untracked 
| 671|0x0000000753e00000, 0x0000000753e00000, 0x0000000754000000|  0%| F|  |TAMS 0x0000000753e00000, 0x0000000753e00000| Untracked 
| 672|0x0000000754000000, 0x0000000754000000, 0x0000000754200000|  0%| F|  |TAMS 0x0000000754000000, 0x0000000754000000| Untracked 
| 673|0x0000000754200000, 0x0000000754200000, 0x0000000754400000|  0%| F|  |TAMS 0x0000000754200000, 0x0000000754200000| Untracked 
| 674|0x0000000754400000, 0x0000000754400000, 0x0000000754600000|  0%| F|  |TAMS 0x0000000754400000, 0x0000000754400000| Untracked 
| 675|0x0000000754600000, 0x0000000754600000, 0x0000000754800000|  0%| F|  |TAMS 0x0000000754600000, 0x0000000754600000| Untracked 
| 676|0x0000000754800000, 0x0000000754800000, 0x0000000754a00000|  0%| F|  |TAMS 0x0000000754800000, 0x0000000754800000| Untracked 
| 677|0x0000000754a00000, 0x0000000754a00000, 0x0000000754c00000|  0%| F|  |TAMS 0x0000000754a00000, 0x0000000754a00000| Untracked 
| 678|0x0000000754c00000, 0x0000000754c00000, 0x0000000754e00000|  0%| F|  |TAMS 0x0000000754c00000, 0x0000000754c00000| Untracked 
| 679|0x0000000754e00000, 0x0000000754e00000, 0x0000000755000000|  0%| F|  |TAMS 0x0000000754e00000, 0x0000000754e00000| Untracked 
| 680|0x0000000755000000, 0x0000000755000000, 0x0000000755200000|  0%| F|  |TAMS 0x0000000755000000, 0x0000000755000000| Untracked 
| 681|0x0000000755200000, 0x0000000755200000, 0x0000000755400000|  0%| F|  |TAMS 0x0000000755200000, 0x0000000755200000| Untracked 
| 682|0x0000000755400000, 0x0000000755400000, 0x0000000755600000|  0%| F|  |TAMS 0x0000000755400000, 0x0000000755400000| Untracked 
| 683|0x0000000755600000, 0x0000000755600000, 0x0000000755800000|  0%| F|  |TAMS 0x0000000755600000, 0x0000000755600000| Untracked 
| 684|0x0000000755800000, 0x0000000755800000, 0x0000000755a00000|  0%| F|  |TAMS 0x0000000755800000, 0x0000000755800000| Untracked 
| 685|0x0000000755a00000, 0x0000000755a00000, 0x0000000755c00000|  0%| F|  |TAMS 0x0000000755a00000, 0x0000000755a00000| Untracked 
| 686|0x0000000755c00000, 0x0000000755c00000, 0x0000000755e00000|  0%| F|  |TAMS 0x0000000755c00000, 0x0000000755c00000| Untracked 
| 687|0x0000000755e00000, 0x0000000755e00000, 0x0000000756000000|  0%| F|  |TAMS 0x0000000755e00000, 0x0000000755e00000| Untracked 
| 688|0x0000000756000000, 0x0000000756000000, 0x0000000756200000|  0%| F|  |TAMS 0x0000000756000000, 0x0000000756000000| Untracked 
| 689|0x0000000756200000, 0x0000000756200000, 0x0000000756400000|  0%| F|  |TAMS 0x0000000756200000, 0x0000000756200000| Untracked 
| 690|0x0000000756400000, 0x0000000756400000, 0x0000000756600000|  0%| F|  |TAMS 0x0000000756400000, 0x0000000756400000| Untracked 
| 691|0x0000000756600000, 0x0000000756600000, 0x0000000756800000|  0%| F|  |TAMS 0x0000000756600000, 0x0000000756600000| Untracked 
| 692|0x0000000756800000, 0x0000000756800000, 0x0000000756a00000|  0%| F|  |TAMS 0x0000000756800000, 0x0000000756800000| Untracked 
| 693|0x0000000756a00000, 0x0000000756a00000, 0x0000000756c00000|  0%| F|  |TAMS 0x0000000756a00000, 0x0000000756a00000| Untracked 
| 694|0x0000000756c00000, 0x0000000756c00000, 0x0000000756e00000|  0%| F|  |TAMS 0x0000000756c00000, 0x0000000756c00000| Untracked 
| 695|0x0000000756e00000, 0x0000000756e00000, 0x0000000757000000|  0%| F|  |TAMS 0x0000000756e00000, 0x0000000756e00000| Untracked 
| 696|0x0000000757000000, 0x0000000757000000, 0x0000000757200000|  0%| F|  |TAMS 0x0000000757000000, 0x0000000757000000| Untracked 
| 697|0x0000000757200000, 0x0000000757200000, 0x0000000757400000|  0%| F|  |TAMS 0x0000000757200000, 0x0000000757200000| Untracked 
| 698|0x0000000757400000, 0x0000000757400000, 0x0000000757600000|  0%| F|  |TAMS 0x0000000757400000, 0x0000000757400000| Untracked 
| 699|0x0000000757600000, 0x0000000757600000, 0x0000000757800000|  0%| F|  |TAMS 0x0000000757600000, 0x0000000757600000| Untracked 
| 700|0x0000000757800000, 0x0000000757800000, 0x0000000757a00000|  0%| F|  |TAMS 0x0000000757800000, 0x0000000757800000| Untracked 
| 701|0x0000000757a00000, 0x0000000757a00000, 0x0000000757c00000|  0%| F|  |TAMS 0x0000000757a00000, 0x0000000757a00000| Untracked 
| 702|0x0000000757c00000, 0x0000000757c00000, 0x0000000757e00000|  0%| F|  |TAMS 0x0000000757c00000, 0x0000000757c00000| Untracked 
| 703|0x0000000757e00000, 0x0000000757e00000, 0x0000000758000000|  0%| F|  |TAMS 0x0000000757e00000, 0x0000000757e00000| Untracked 
| 704|0x0000000758000000, 0x0000000758000000, 0x0000000758200000|  0%| F|  |TAMS 0x0000000758000000, 0x0000000758000000| Untracked 
| 705|0x0000000758200000, 0x0000000758200000, 0x0000000758400000|  0%| F|  |TAMS 0x0000000758200000, 0x0000000758200000| Untracked 
| 706|0x0000000758400000, 0x0000000758400000, 0x0000000758600000|  0%| F|  |TAMS 0x0000000758400000, 0x0000000758400000| Untracked 
| 707|0x0000000758600000, 0x0000000758600000, 0x0000000758800000|  0%| F|  |TAMS 0x0000000758600000, 0x0000000758600000| Untracked 
| 708|0x0000000758800000, 0x0000000758800000, 0x0000000758a00000|  0%| F|  |TAMS 0x0000000758800000, 0x0000000758800000| Untracked 
| 709|0x0000000758a00000, 0x0000000758a00000, 0x0000000758c00000|  0%| F|  |TAMS 0x0000000758a00000, 0x0000000758a00000| Untracked 
| 710|0x0000000758c00000, 0x0000000758c00000, 0x0000000758e00000|  0%| F|  |TAMS 0x0000000758c00000, 0x0000000758c00000| Untracked 
| 711|0x0000000758e00000, 0x0000000758e00000, 0x0000000759000000|  0%| F|  |TAMS 0x0000000758e00000, 0x0000000758e00000| Untracked 
| 712|0x0000000759000000, 0x0000000759000000, 0x0000000759200000|  0%| F|  |TAMS 0x0000000759000000, 0x0000000759000000| Untracked 
| 713|0x0000000759200000, 0x0000000759200000, 0x0000000759400000|  0%| F|  |TAMS 0x0000000759200000, 0x0000000759200000| Untracked 
| 714|0x0000000759400000, 0x0000000759400000, 0x0000000759600000|  0%| F|  |TAMS 0x0000000759400000, 0x0000000759400000| Untracked 
| 715|0x0000000759600000, 0x0000000759600000, 0x0000000759800000|  0%| F|  |TAMS 0x0000000759600000, 0x0000000759600000| Untracked 
| 716|0x0000000759800000, 0x0000000759800000, 0x0000000759a00000|  0%| F|  |TAMS 0x0000000759800000, 0x0000000759800000| Untracked 
| 717|0x0000000759a00000, 0x0000000759a00000, 0x0000000759c00000|  0%| F|  |TAMS 0x0000000759a00000, 0x0000000759a00000| Untracked 
| 718|0x0000000759c00000, 0x0000000759c00000, 0x0000000759e00000|  0%| F|  |TAMS 0x0000000759c00000, 0x0000000759c00000| Untracked 
| 719|0x0000000759e00000, 0x0000000759e00000, 0x000000075a000000|  0%| F|  |TAMS 0x0000000759e00000, 0x0000000759e00000| Untracked 
| 720|0x000000075a000000, 0x000000075a000000, 0x000000075a200000|  0%| F|  |TAMS 0x000000075a000000, 0x000000075a000000| Untracked 
| 721|0x000000075a200000, 0x000000075a200000, 0x000000075a400000|  0%| F|  |TAMS 0x000000075a200000, 0x000000075a200000| Untracked 
| 722|0x000000075a400000, 0x000000075a400000, 0x000000075a600000|  0%| F|  |TAMS 0x000000075a400000, 0x000000075a400000| Untracked 
| 723|0x000000075a600000, 0x000000075a600000, 0x000000075a800000|  0%| F|  |TAMS 0x000000075a600000, 0x000000075a600000| Untracked 
| 724|0x000000075a800000, 0x000000075a800000, 0x000000075aa00000|  0%| F|  |TAMS 0x000000075a800000, 0x000000075a800000| Untracked 
| 725|0x000000075aa00000, 0x000000075aa00000, 0x000000075ac00000|  0%| F|  |TAMS 0x000000075aa00000, 0x000000075aa00000| Untracked 
| 726|0x000000075ac00000, 0x000000075ac00000, 0x000000075ae00000|  0%| F|  |TAMS 0x000000075ac00000, 0x000000075ac00000| Untracked 
| 727|0x000000075ae00000, 0x000000075ae00000, 0x000000075b000000|  0%| F|  |TAMS 0x000000075ae00000, 0x000000075ae00000| Untracked 
| 728|0x000000075b000000, 0x000000075b000000, 0x000000075b200000|  0%| F|  |TAMS 0x000000075b000000, 0x000000075b000000| Untracked 
| 729|0x000000075b200000, 0x000000075b200000, 0x000000075b400000|  0%| F|  |TAMS 0x000000075b200000, 0x000000075b200000| Untracked 
| 730|0x000000075b400000, 0x000000075b400000, 0x000000075b600000|  0%| F|  |TAMS 0x000000075b400000, 0x000000075b400000| Untracked 
| 731|0x000000075b600000, 0x000000075b600000, 0x000000075b800000|  0%| F|  |TAMS 0x000000075b600000, 0x000000075b600000| Untracked 
| 732|0x000000075b800000, 0x000000075b800000, 0x000000075ba00000|  0%| F|  |TAMS 0x000000075b800000, 0x000000075b800000| Untracked 
| 733|0x000000075ba00000, 0x000000075ba00000, 0x000000075bc00000|  0%| F|  |TAMS 0x000000075ba00000, 0x000000075ba00000| Untracked 
| 734|0x000000075bc00000, 0x000000075bc00000, 0x000000075be00000|  0%| F|  |TAMS 0x000000075bc00000, 0x000000075bc00000| Untracked 
| 735|0x000000075be00000, 0x000000075be00000, 0x000000075c000000|  0%| F|  |TAMS 0x000000075be00000, 0x000000075be00000| Untracked 
| 736|0x000000075c000000, 0x000000075c000000, 0x000000075c200000|  0%| F|  |TAMS 0x000000075c000000, 0x000000075c000000| Untracked 
| 737|0x000000075c200000, 0x000000075c200000, 0x000000075c400000|  0%| F|  |TAMS 0x000000075c200000, 0x000000075c200000| Untracked 
| 738|0x000000075c400000, 0x000000075c400000, 0x000000075c600000|  0%| F|  |TAMS 0x000000075c400000, 0x000000075c400000| Untracked 
| 739|0x000000075c600000, 0x000000075c600000, 0x000000075c800000|  0%| F|  |TAMS 0x000000075c600000, 0x000000075c600000| Untracked 
| 740|0x000000075c800000, 0x000000075c800000, 0x000000075ca00000|  0%| F|  |TAMS 0x000000075c800000, 0x000000075c800000| Untracked 
| 741|0x000000075ca00000, 0x000000075ca00000, 0x000000075cc00000|  0%| F|  |TAMS 0x000000075ca00000, 0x000000075ca00000| Untracked 
| 742|0x000000075cc00000, 0x000000075cc00000, 0x000000075ce00000|  0%| F|  |TAMS 0x000000075cc00000, 0x000000075cc00000| Untracked 
| 743|0x000000075ce00000, 0x000000075ce00000, 0x000000075d000000|  0%| F|  |TAMS 0x000000075ce00000, 0x000000075ce00000| Untracked 
| 744|0x000000075d000000, 0x000000075d000000, 0x000000075d200000|  0%| F|  |TAMS 0x000000075d000000, 0x000000075d000000| Untracked 
| 745|0x000000075d200000, 0x000000075d200000, 0x000000075d400000|  0%| F|  |TAMS 0x000000075d200000, 0x000000075d200000| Untracked 
| 746|0x000000075d400000, 0x000000075d400000, 0x000000075d600000|  0%| F|  |TAMS 0x000000075d400000, 0x000000075d400000| Untracked 
| 747|0x000000075d600000, 0x000000075d600000, 0x000000075d800000|  0%| F|  |TAMS 0x000000075d600000, 0x000000075d600000| Untracked 
| 748|0x000000075d800000, 0x000000075d800000, 0x000000075da00000|  0%| F|  |TAMS 0x000000075d800000, 0x000000075d800000| Untracked 
| 749|0x000000075da00000, 0x000000075da00000, 0x000000075dc00000|  0%| F|  |TAMS 0x000000075da00000, 0x000000075da00000| Untracked 
| 750|0x000000075dc00000, 0x000000075dc00000, 0x000000075de00000|  0%| F|  |TAMS 0x000000075dc00000, 0x000000075dc00000| Untracked 
| 751|0x000000075de00000, 0x000000075de00000, 0x000000075e000000|  0%| F|  |TAMS 0x000000075de00000, 0x000000075de00000| Untracked 
| 752|0x000000075e000000, 0x000000075e000000, 0x000000075e200000|  0%| F|  |TAMS 0x000000075e000000, 0x000000075e000000| Untracked 
| 753|0x000000075e200000, 0x000000075e200000, 0x000000075e400000|  0%| F|  |TAMS 0x000000075e200000, 0x000000075e200000| Untracked 
| 754|0x000000075e400000, 0x000000075e400000, 0x000000075e600000|  0%| F|  |TAMS 0x000000075e400000, 0x000000075e400000| Untracked 
| 755|0x000000075e600000, 0x000000075e600000, 0x000000075e800000|  0%| F|  |TAMS 0x000000075e600000, 0x000000075e600000| Untracked 
| 756|0x000000075e800000, 0x000000075e800000, 0x000000075ea00000|  0%| F|  |TAMS 0x000000075e800000, 0x000000075e800000| Untracked 
| 757|0x000000075ea00000, 0x000000075ea00000, 0x000000075ec00000|  0%| F|  |TAMS 0x000000075ea00000, 0x000000075ea00000| Untracked 
| 758|0x000000075ec00000, 0x000000075ec00000, 0x000000075ee00000|  0%| F|  |TAMS 0x000000075ec00000, 0x000000075ec00000| Untracked 
| 759|0x000000075ee00000, 0x000000075ee00000, 0x000000075f000000|  0%| F|  |TAMS 0x000000075ee00000, 0x000000075ee00000| Untracked 
| 760|0x000000075f000000, 0x000000075f000000, 0x000000075f200000|  0%| F|  |TAMS 0x000000075f000000, 0x000000075f000000| Untracked 
| 761|0x000000075f200000, 0x000000075f200000, 0x000000075f400000|  0%| F|  |TAMS 0x000000075f200000, 0x000000075f200000| Untracked 
| 762|0x000000075f400000, 0x000000075f400000, 0x000000075f600000|  0%| F|  |TAMS 0x000000075f400000, 0x000000075f400000| Untracked 
| 763|0x000000075f600000, 0x000000075f600000, 0x000000075f800000|  0%| F|  |TAMS 0x000000075f600000, 0x000000075f600000| Untracked 
| 764|0x000000075f800000, 0x000000075f800000, 0x000000075fa00000|  0%| F|  |TAMS 0x000000075f800000, 0x000000075f800000| Untracked 
| 765|0x000000075fa00000, 0x000000075fa00000, 0x000000075fc00000|  0%| F|  |TAMS 0x000000075fa00000, 0x000000075fa00000| Untracked 
| 766|0x000000075fc00000, 0x000000075fc00000, 0x000000075fe00000|  0%| F|  |TAMS 0x000000075fc00000, 0x000000075fc00000| Untracked 
| 767|0x000000075fe00000, 0x000000075fe00000, 0x0000000760000000|  0%| F|  |TAMS 0x000000075fe00000, 0x000000075fe00000| Untracked 
| 768|0x0000000760000000, 0x0000000760000000, 0x0000000760200000|  0%| F|  |TAMS 0x0000000760000000, 0x0000000760000000| Untracked 
| 769|0x0000000760200000, 0x0000000760200000, 0x0000000760400000|  0%| F|  |TAMS 0x0000000760200000, 0x0000000760200000| Untracked 
| 770|0x0000000760400000, 0x0000000760400000, 0x0000000760600000|  0%| F|  |TAMS 0x0000000760400000, 0x0000000760400000| Untracked 
| 771|0x0000000760600000, 0x0000000760600000, 0x0000000760800000|  0%| F|  |TAMS 0x0000000760600000, 0x0000000760600000| Untracked 
| 772|0x0000000760800000, 0x0000000760800000, 0x0000000760a00000|  0%| F|  |TAMS 0x0000000760800000, 0x0000000760800000| Untracked 
| 773|0x0000000760a00000, 0x0000000760a00000, 0x0000000760c00000|  0%| F|  |TAMS 0x0000000760a00000, 0x0000000760a00000| Untracked 
| 774|0x0000000760c00000, 0x0000000760c00000, 0x0000000760e00000|  0%| F|  |TAMS 0x0000000760c00000, 0x0000000760c00000| Untracked 
| 775|0x0000000760e00000, 0x0000000760e00000, 0x0000000761000000|  0%| F|  |TAMS 0x0000000760e00000, 0x0000000760e00000| Untracked 
| 776|0x0000000761000000, 0x0000000761000000, 0x0000000761200000|  0%| F|  |TAMS 0x0000000761000000, 0x0000000761000000| Untracked 
| 777|0x0000000761200000, 0x0000000761200000, 0x0000000761400000|  0%| F|  |TAMS 0x0000000761200000, 0x0000000761200000| Untracked 
| 778|0x0000000761400000, 0x0000000761400000, 0x0000000761600000|  0%| F|  |TAMS 0x0000000761400000, 0x0000000761400000| Untracked 
| 779|0x0000000761600000, 0x0000000761600000, 0x0000000761800000|  0%| F|  |TAMS 0x0000000761600000, 0x0000000761600000| Untracked 
| 780|0x0000000761800000, 0x0000000761800000, 0x0000000761a00000|  0%| F|  |TAMS 0x0000000761800000, 0x0000000761800000| Untracked 
| 781|0x0000000761a00000, 0x0000000761a00000, 0x0000000761c00000|  0%| F|  |TAMS 0x0000000761a00000, 0x0000000761a00000| Untracked 
| 782|0x0000000761c00000, 0x0000000761c00000, 0x0000000761e00000|  0%| F|  |TAMS 0x0000000761c00000, 0x0000000761c00000| Untracked 
| 783|0x0000000761e00000, 0x0000000761e00000, 0x0000000762000000|  0%| F|  |TAMS 0x0000000761e00000, 0x0000000761e00000| Untracked 
| 784|0x0000000762000000, 0x0000000762000000, 0x0000000762200000|  0%| F|  |TAMS 0x0000000762000000, 0x0000000762000000| Untracked 
| 785|0x0000000762200000, 0x0000000762200000, 0x0000000762400000|  0%| F|  |TAMS 0x0000000762200000, 0x0000000762200000| Untracked 
| 786|0x0000000762400000, 0x0000000762400000, 0x0000000762600000|  0%| F|  |TAMS 0x0000000762400000, 0x0000000762400000| Untracked 
| 787|0x0000000762600000, 0x0000000762600000, 0x0000000762800000|  0%| F|  |TAMS 0x0000000762600000, 0x0000000762600000| Untracked 
| 788|0x0000000762800000, 0x0000000762800000, 0x0000000762a00000|  0%| F|  |TAMS 0x0000000762800000, 0x0000000762800000| Untracked 
| 789|0x0000000762a00000, 0x0000000762a00000, 0x0000000762c00000|  0%| F|  |TAMS 0x0000000762a00000, 0x0000000762a00000| Untracked 
| 790|0x0000000762c00000, 0x0000000762c00000, 0x0000000762e00000|  0%| F|  |TAMS 0x0000000762c00000, 0x0000000762c00000| Untracked 
| 791|0x0000000762e00000, 0x0000000762e00000, 0x0000000763000000|  0%| F|  |TAMS 0x0000000762e00000, 0x0000000762e00000| Untracked 
| 792|0x0000000763000000, 0x0000000763000000, 0x0000000763200000|  0%| F|  |TAMS 0x0000000763000000, 0x0000000763000000| Untracked 
| 793|0x0000000763200000, 0x0000000763200000, 0x0000000763400000|  0%| F|  |TAMS 0x0000000763200000, 0x0000000763200000| Untracked 
| 794|0x0000000763400000, 0x0000000763400000, 0x0000000763600000|  0%| F|  |TAMS 0x0000000763400000, 0x0000000763400000| Untracked 
| 795|0x0000000763600000, 0x0000000763600000, 0x0000000763800000|  0%| F|  |TAMS 0x0000000763600000, 0x0000000763600000| Untracked 
| 796|0x0000000763800000, 0x0000000763800000, 0x0000000763a00000|  0%| F|  |TAMS 0x0000000763800000, 0x0000000763800000| Untracked 
| 797|0x0000000763a00000, 0x0000000763a00000, 0x0000000763c00000|  0%| F|  |TAMS 0x0000000763a00000, 0x0000000763a00000| Untracked 
| 798|0x0000000763c00000, 0x0000000763c00000, 0x0000000763e00000|  0%| F|  |TAMS 0x0000000763c00000, 0x0000000763c00000| Untracked 
| 799|0x0000000763e00000, 0x0000000763e00000, 0x0000000764000000|  0%| F|  |TAMS 0x0000000763e00000, 0x0000000763e00000| Untracked 
| 800|0x0000000764000000, 0x0000000764000000, 0x0000000764200000|  0%| F|  |TAMS 0x0000000764000000, 0x0000000764000000| Untracked 
| 801|0x0000000764200000, 0x0000000764200000, 0x0000000764400000|  0%| F|  |TAMS 0x0000000764200000, 0x0000000764200000| Untracked 
| 802|0x0000000764400000, 0x0000000764400000, 0x0000000764600000|  0%| F|  |TAMS 0x0000000764400000, 0x0000000764400000| Untracked 
| 803|0x0000000764600000, 0x0000000764600000, 0x0000000764800000|  0%| F|  |TAMS 0x0000000764600000, 0x0000000764600000| Untracked 
| 804|0x0000000764800000, 0x0000000764800000, 0x0000000764a00000|  0%| F|  |TAMS 0x0000000764800000, 0x0000000764800000| Untracked 
| 805|0x0000000764a00000, 0x0000000764a00000, 0x0000000764c00000|  0%| F|  |TAMS 0x0000000764a00000, 0x0000000764a00000| Untracked 
| 806|0x0000000764c00000, 0x0000000764c00000, 0x0000000764e00000|  0%| F|  |TAMS 0x0000000764c00000, 0x0000000764c00000| Untracked 
| 807|0x0000000764e00000, 0x0000000764e00000, 0x0000000765000000|  0%| F|  |TAMS 0x0000000764e00000, 0x0000000764e00000| Untracked 
| 808|0x0000000765000000, 0x0000000765000000, 0x0000000765200000|  0%| F|  |TAMS 0x0000000765000000, 0x0000000765000000| Untracked 
| 809|0x0000000765200000, 0x0000000765200000, 0x0000000765400000|  0%| F|  |TAMS 0x0000000765200000, 0x0000000765200000| Untracked 
| 810|0x0000000765400000, 0x0000000765400000, 0x0000000765600000|  0%| F|  |TAMS 0x0000000765400000, 0x0000000765400000| Untracked 
| 811|0x0000000765600000, 0x0000000765600000, 0x0000000765800000|  0%| F|  |TAMS 0x0000000765600000, 0x0000000765600000| Untracked 
| 812|0x0000000765800000, 0x0000000765800000, 0x0000000765a00000|  0%| F|  |TAMS 0x0000000765800000, 0x0000000765800000| Untracked 
| 813|0x0000000765a00000, 0x0000000765a00000, 0x0000000765c00000|  0%| F|  |TAMS 0x0000000765a00000, 0x0000000765a00000| Untracked 
| 814|0x0000000765c00000, 0x0000000765c00000, 0x0000000765e00000|  0%| F|  |TAMS 0x0000000765c00000, 0x0000000765c00000| Untracked 
| 815|0x0000000765e00000, 0x0000000765e00000, 0x0000000766000000|  0%| F|  |TAMS 0x0000000765e00000, 0x0000000765e00000| Untracked 
| 816|0x0000000766000000, 0x0000000766000000, 0x0000000766200000|  0%| F|  |TAMS 0x0000000766000000, 0x0000000766000000| Untracked 
| 817|0x0000000766200000, 0x0000000766200000, 0x0000000766400000|  0%| F|  |TAMS 0x0000000766200000, 0x0000000766200000| Untracked 
| 818|0x0000000766400000, 0x0000000766400000, 0x0000000766600000|  0%| F|  |TAMS 0x0000000766400000, 0x0000000766400000| Untracked 
| 819|0x0000000766600000, 0x0000000766600000, 0x0000000766800000|  0%| F|  |TAMS 0x0000000766600000, 0x0000000766600000| Untracked 
| 820|0x0000000766800000, 0x0000000766800000, 0x0000000766a00000|  0%| F|  |TAMS 0x0000000766800000, 0x0000000766800000| Untracked 
| 821|0x0000000766a00000, 0x0000000766a00000, 0x0000000766c00000|  0%| F|  |TAMS 0x0000000766a00000, 0x0000000766a00000| Untracked 
| 822|0x0000000766c00000, 0x0000000766c00000, 0x0000000766e00000|  0%| F|  |TAMS 0x0000000766c00000, 0x0000000766c00000| Untracked 
| 823|0x0000000766e00000, 0x0000000766e00000, 0x0000000767000000|  0%| F|  |TAMS 0x0000000766e00000, 0x0000000766e00000| Untracked 
| 824|0x0000000767000000, 0x0000000767000000, 0x0000000767200000|  0%| F|  |TAMS 0x0000000767000000, 0x0000000767000000| Untracked 
| 825|0x0000000767200000, 0x0000000767200000, 0x0000000767400000|  0%| F|  |TAMS 0x0000000767200000, 0x0000000767200000| Untracked 
| 826|0x0000000767400000, 0x0000000767400000, 0x0000000767600000|  0%| F|  |TAMS 0x0000000767400000, 0x0000000767400000| Untracked 
| 827|0x0000000767600000, 0x0000000767600000, 0x0000000767800000|  0%| F|  |TAMS 0x0000000767600000, 0x0000000767600000| Untracked 
| 828|0x0000000767800000, 0x0000000767800000, 0x0000000767a00000|  0%| F|  |TAMS 0x0000000767800000, 0x0000000767800000| Untracked 
| 829|0x0000000767a00000, 0x0000000767a00000, 0x0000000767c00000|  0%| F|  |TAMS 0x0000000767a00000, 0x0000000767a00000| Untracked 
| 830|0x0000000767c00000, 0x0000000767c00000, 0x0000000767e00000|  0%| F|  |TAMS 0x0000000767c00000, 0x0000000767c00000| Untracked 
| 831|0x0000000767e00000, 0x0000000767e00000, 0x0000000768000000|  0%| F|  |TAMS 0x0000000767e00000, 0x0000000767e00000| Untracked 
| 832|0x0000000768000000, 0x0000000768000000, 0x0000000768200000|  0%| F|  |TAMS 0x0000000768000000, 0x0000000768000000| Untracked 
| 833|0x0000000768200000, 0x0000000768200000, 0x0000000768400000|  0%| F|  |TAMS 0x0000000768200000, 0x0000000768200000| Untracked 
| 834|0x0000000768400000, 0x0000000768400000, 0x0000000768600000|  0%| F|  |TAMS 0x0000000768400000, 0x0000000768400000| Untracked 
| 835|0x0000000768600000, 0x0000000768600000, 0x0000000768800000|  0%| F|  |TAMS 0x0000000768600000, 0x0000000768600000| Untracked 
| 836|0x0000000768800000, 0x0000000768800000, 0x0000000768a00000|  0%| F|  |TAMS 0x0000000768800000, 0x0000000768800000| Untracked 
| 837|0x0000000768a00000, 0x0000000768a00000, 0x0000000768c00000|  0%| F|  |TAMS 0x0000000768a00000, 0x0000000768a00000| Untracked 
| 838|0x0000000768c00000, 0x0000000768c00000, 0x0000000768e00000|  0%| F|  |TAMS 0x0000000768c00000, 0x0000000768c00000| Untracked 
| 839|0x0000000768e00000, 0x0000000768e00000, 0x0000000769000000|  0%| F|  |TAMS 0x0000000768e00000, 0x0000000768e00000| Untracked 
| 840|0x0000000769000000, 0x0000000769000000, 0x0000000769200000|  0%| F|  |TAMS 0x0000000769000000, 0x0000000769000000| Untracked 
| 841|0x0000000769200000, 0x0000000769200000, 0x0000000769400000|  0%| F|  |TAMS 0x0000000769200000, 0x0000000769200000| Untracked 
| 842|0x0000000769400000, 0x0000000769400000, 0x0000000769600000|  0%| F|  |TAMS 0x0000000769400000, 0x0000000769400000| Untracked 
| 843|0x0000000769600000, 0x0000000769600000, 0x0000000769800000|  0%| F|  |TAMS 0x0000000769600000, 0x0000000769600000| Untracked 
| 844|0x0000000769800000, 0x0000000769800000, 0x0000000769a00000|  0%| F|  |TAMS 0x0000000769800000, 0x0000000769800000| Untracked 
| 845|0x0000000769a00000, 0x0000000769a00000, 0x0000000769c00000|  0%| F|  |TAMS 0x0000000769a00000, 0x0000000769a00000| Untracked 
| 846|0x0000000769c00000, 0x0000000769c00000, 0x0000000769e00000|  0%| F|  |TAMS 0x0000000769c00000, 0x0000000769c00000| Untracked 
| 847|0x0000000769e00000, 0x0000000769e00000, 0x000000076a000000|  0%| F|  |TAMS 0x0000000769e00000, 0x0000000769e00000| Untracked 
| 848|0x000000076a000000, 0x000000076a000000, 0x000000076a200000|  0%| F|  |TAMS 0x000000076a000000, 0x000000076a000000| Untracked 
| 849|0x000000076a200000, 0x000000076a200000, 0x000000076a400000|  0%| F|  |TAMS 0x000000076a200000, 0x000000076a200000| Untracked 
| 850|0x000000076a400000, 0x000000076a400000, 0x000000076a600000|  0%| F|  |TAMS 0x000000076a400000, 0x000000076a400000| Untracked 
| 851|0x000000076a600000, 0x000000076a600000, 0x000000076a800000|  0%| F|  |TAMS 0x000000076a600000, 0x000000076a600000| Untracked 
| 852|0x000000076a800000, 0x000000076a800000, 0x000000076aa00000|  0%| F|  |TAMS 0x000000076a800000, 0x000000076a800000| Untracked 
| 853|0x000000076aa00000, 0x000000076aa00000, 0x000000076ac00000|  0%| F|  |TAMS 0x000000076aa00000, 0x000000076aa00000| Untracked 
| 854|0x000000076ac00000, 0x000000076ac00000, 0x000000076ae00000|  0%| F|  |TAMS 0x000000076ac00000, 0x000000076ac00000| Untracked 
| 855|0x000000076ae00000, 0x000000076ae00000, 0x000000076b000000|  0%| F|  |TAMS 0x000000076ae00000, 0x000000076ae00000| Untracked 
| 856|0x000000076b000000, 0x000000076b000000, 0x000000076b200000|  0%| F|  |TAMS 0x000000076b000000, 0x000000076b000000| Untracked 
| 857|0x000000076b200000, 0x000000076b200000, 0x000000076b400000|  0%| F|  |TAMS 0x000000076b200000, 0x000000076b200000| Untracked 
| 858|0x000000076b400000, 0x000000076b400000, 0x000000076b600000|  0%| F|  |TAMS 0x000000076b400000, 0x000000076b400000| Untracked 
| 859|0x000000076b600000, 0x000000076b600000, 0x000000076b800000|  0%| F|  |TAMS 0x000000076b600000, 0x000000076b600000| Untracked 
| 860|0x000000076b800000, 0x000000076b800000, 0x000000076ba00000|  0%| F|  |TAMS 0x000000076b800000, 0x000000076b800000| Untracked 
| 861|0x000000076ba00000, 0x000000076ba00000, 0x000000076bc00000|  0%| F|  |TAMS 0x000000076ba00000, 0x000000076ba00000| Untracked 
| 862|0x000000076bc00000, 0x000000076bc00000, 0x000000076be00000|  0%| F|  |TAMS 0x000000076bc00000, 0x000000076bc00000| Untracked 
| 863|0x000000076be00000, 0x000000076be00000, 0x000000076c000000|  0%| F|  |TAMS 0x000000076be00000, 0x000000076be00000| Untracked 
| 864|0x000000076c000000, 0x000000076c000000, 0x000000076c200000|  0%| F|  |TAMS 0x000000076c000000, 0x000000076c000000| Untracked 
| 865|0x000000076c200000, 0x000000076c200000, 0x000000076c400000|  0%| F|  |TAMS 0x000000076c200000, 0x000000076c200000| Untracked 
| 866|0x000000076c400000, 0x000000076c400000, 0x000000076c600000|  0%| F|  |TAMS 0x000000076c400000, 0x000000076c400000| Untracked 
| 867|0x000000076c600000, 0x000000076c600000, 0x000000076c800000|  0%| F|  |TAMS 0x000000076c600000, 0x000000076c600000| Untracked 
| 868|0x000000076c800000, 0x000000076c800000, 0x000000076ca00000|  0%| F|  |TAMS 0x000000076c800000, 0x000000076c800000| Untracked 
| 869|0x000000076ca00000, 0x000000076ca00000, 0x000000076cc00000|  0%| F|  |TAMS 0x000000076ca00000, 0x000000076ca00000| Untracked 
| 870|0x000000076cc00000, 0x000000076cc00000, 0x000000076ce00000|  0%| F|  |TAMS 0x000000076cc00000, 0x000000076cc00000| Untracked 
| 871|0x000000076ce00000, 0x000000076ce00000, 0x000000076d000000|  0%| F|  |TAMS 0x000000076ce00000, 0x000000076ce00000| Untracked 
| 872|0x000000076d000000, 0x000000076d000000, 0x000000076d200000|  0%| F|  |TAMS 0x000000076d000000, 0x000000076d000000| Untracked 
| 873|0x000000076d200000, 0x000000076d200000, 0x000000076d400000|  0%| F|  |TAMS 0x000000076d200000, 0x000000076d200000| Untracked 
| 874|0x000000076d400000, 0x000000076d400000, 0x000000076d600000|  0%| F|  |TAMS 0x000000076d400000, 0x000000076d400000| Untracked 
| 875|0x000000076d600000, 0x000000076d600000, 0x000000076d800000|  0%| F|  |TAMS 0x000000076d600000, 0x000000076d600000| Untracked 
| 876|0x000000076d800000, 0x000000076d800000, 0x000000076da00000|  0%| F|  |TAMS 0x000000076d800000, 0x000000076d800000| Untracked 
| 877|0x000000076da00000, 0x000000076da00000, 0x000000076dc00000|  0%| F|  |TAMS 0x000000076da00000, 0x000000076da00000| Untracked 
| 878|0x000000076dc00000, 0x000000076dc00000, 0x000000076de00000|  0%| F|  |TAMS 0x000000076dc00000, 0x000000076dc00000| Untracked 
| 879|0x000000076de00000, 0x000000076de00000, 0x000000076e000000|  0%| F|  |TAMS 0x000000076de00000, 0x000000076de00000| Untracked 
| 880|0x000000076e000000, 0x000000076e000000, 0x000000076e200000|  0%| F|  |TAMS 0x000000076e000000, 0x000000076e000000| Untracked 
| 881|0x000000076e200000, 0x000000076e200000, 0x000000076e400000|  0%| F|  |TAMS 0x000000076e200000, 0x000000076e200000| Untracked 
| 882|0x000000076e400000, 0x000000076e400000, 0x000000076e600000|  0%| F|  |TAMS 0x000000076e400000, 0x000000076e400000| Untracked 
| 883|0x000000076e600000, 0x000000076e600000, 0x000000076e800000|  0%| F|  |TAMS 0x000000076e600000, 0x000000076e600000| Untracked 
| 884|0x000000076e800000, 0x000000076e800000, 0x000000076ea00000|  0%| F|  |TAMS 0x000000076e800000, 0x000000076e800000| Untracked 
| 885|0x000000076ea00000, 0x000000076ea00000, 0x000000076ec00000|  0%| F|  |TAMS 0x000000076ea00000, 0x000000076ea00000| Untracked 
| 886|0x000000076ec00000, 0x000000076ec00000, 0x000000076ee00000|  0%| F|  |TAMS 0x000000076ec00000, 0x000000076ec00000| Untracked 
| 887|0x000000076ee00000, 0x000000076ee00000, 0x000000076f000000|  0%| F|  |TAMS 0x000000076ee00000, 0x000000076ee00000| Untracked 
| 888|0x000000076f000000, 0x000000076f000000, 0x000000076f200000|  0%| F|  |TAMS 0x000000076f000000, 0x000000076f000000| Untracked 
| 889|0x000000076f200000, 0x000000076f200000, 0x000000076f400000|  0%| F|  |TAMS 0x000000076f200000, 0x000000076f200000| Untracked 
| 890|0x000000076f400000, 0x000000076f400000, 0x000000076f600000|  0%| F|  |TAMS 0x000000076f400000, 0x000000076f400000| Untracked 
| 891|0x000000076f600000, 0x000000076f600000, 0x000000076f800000|  0%| F|  |TAMS 0x000000076f600000, 0x000000076f600000| Untracked 
| 892|0x000000076f800000, 0x000000076f800000, 0x000000076fa00000|  0%| F|  |TAMS 0x000000076f800000, 0x000000076f800000| Untracked 
| 893|0x000000076fa00000, 0x000000076fa00000, 0x000000076fc00000|  0%| F|  |TAMS 0x000000076fa00000, 0x000000076fa00000| Untracked 
| 894|0x000000076fc00000, 0x000000076fc00000, 0x000000076fe00000|  0%| F|  |TAMS 0x000000076fc00000, 0x000000076fc00000| Untracked 
| 895|0x000000076fe00000, 0x000000076fe00000, 0x0000000770000000|  0%| F|  |TAMS 0x000000076fe00000, 0x000000076fe00000| Untracked 
| 896|0x0000000770000000, 0x0000000770000000, 0x0000000770200000|  0%| F|  |TAMS 0x0000000770000000, 0x0000000770000000| Untracked 
| 897|0x0000000770200000, 0x0000000770200000, 0x0000000770400000|  0%| F|  |TAMS 0x0000000770200000, 0x0000000770200000| Untracked 
| 898|0x0000000770400000, 0x0000000770400000, 0x0000000770600000|  0%| F|  |TAMS 0x0000000770400000, 0x0000000770400000| Untracked 
| 899|0x0000000770600000, 0x0000000770600000, 0x0000000771600000|  0%| F|  |TAMS 0x0000000770600000, 0x0000000770600000| Untracked
| 900|0x0000000771600000, 0x0000000771600000, 0x0000000770a00000|  0%| F|  |TAMS 0x0000000771600000, 0x0000000771600000| Untracked
| 901|0x0000000770a00000, 0x0000000770a00000, 0x0000000770c00000|  0%| F|  |TAMS 0x0000000770a00000, 0x0000000770a00000| Untracked 
| 902|0x0000000770c00000, 0x0000000770c00000, 0x0000000770e00000|  0%| F|  |TAMS 0x0000000770c00000, 0x0000000770c00000| Untracked 
| 903|0x0000000770e00000, 0x0000000770e00000, 0x0000000771000000|  0%| F|  |TAMS 0x0000000770e00000, 0x0000000770e00000| Untracked 
| 904|0x0000000771000000, 0x0000000771000000, 0x0000000771200000|  0%| F|  |TAMS 0x0000000771000000, 0x0000000771000000| Untracked 
| 905|0x0000000771200000, 0x0000000771200000, 0x0000000771600000|  0%| F|  |TAMS 0x0000000771200000, 0x0000000771200000| Untracked
| 906|0x0000000771600000, 0x0000000771600000, 0x0000000771600000|  0%| F|  |TAMS 0x0000000771600000, 0x0000000771600000| Untracked
| 907|0x0000000771600000, 0x0000000771600000, 0x0000000771800000|  0%| F|  |TAMS 0x0000000771600000, 0x0000000771600000| Untracked 
| 908|0x0000000771800000, 0x0000000771800000, 0x0000000771a00000|  0%| F|  |TAMS 0x0000000771800000, 0x0000000771800000| Untracked 
| 909|0x0000000771a00000, 0x0000000771a00000, 0x0000000771c00000|  0%| F|  |TAMS 0x0000000771a00000, 0x0000000771a00000| Untracked 
| 910|0x0000000771c00000, 0x0000000771c00000, 0x0000000771e00000|  0%| F|  |TAMS 0x0000000771c00000, 0x0000000771c00000| Untracked 
| 911|0x0000000771e00000, 0x0000000771e00000, 0x0000000772000000|  0%| F|  |TAMS 0x0000000771e00000, 0x0000000771e00000| Untracked 
| 912|0x0000000772000000, 0x0000000772000000, 0x0000000772200000|  0%| F|  |TAMS 0x0000000772000000, 0x0000000772000000| Untracked 
| 913|0x0000000772200000, 0x0000000772200000, 0x0000000772400000|  0%| F|  |TAMS 0x0000000772200000, 0x0000000772200000| Untracked 
| 914|0x0000000772400000, 0x0000000772400000, 0x0000000772600000|  0%| F|  |TAMS 0x0000000772400000, 0x0000000772400000| Untracked 
| 915|0x0000000772600000, 0x0000000772600000, 0x0000000772800000|  0%| F|  |TAMS 0x0000000772600000, 0x0000000772600000| Untracked 
| 916|0x0000000772800000, 0x0000000772800000, 0x0000000772a00000|  0%| F|  |TAMS 0x0000000772800000, 0x0000000772800000| Untracked 
| 917|0x0000000772a00000, 0x0000000772a00000, 0x0000000772c00000|  0%| F|  |TAMS 0x0000000772a00000, 0x0000000772a00000| Untracked 
| 918|0x0000000772c00000, 0x0000000772c00000, 0x0000000772e00000|  0%| F|  |TAMS 0x0000000772c00000, 0x0000000772c00000| Untracked 
| 919|0x0000000772e00000, 0x0000000772e00000, 0x0000000773000000|  0%| F|  |TAMS 0x0000000772e00000, 0x0000000772e00000| Untracked 
| 920|0x0000000773000000, 0x0000000773000000, 0x0000000773200000|  0%| F|  |TAMS 0x0000000773000000, 0x0000000773000000| Untracked 
| 921|0x0000000773200000, 0x0000000773200000, 0x0000000773400000|  0%| F|  |TAMS 0x0000000773200000, 0x0000000773200000| Untracked 
| 922|0x0000000773400000, 0x0000000773400000, 0x0000000773600000|  0%| F|  |TAMS 0x0000000773400000, 0x0000000773400000| Untracked 
| 923|0x0000000773600000, 0x0000000773600000, 0x0000000773800000|  0%| F|  |TAMS 0x0000000773600000, 0x0000000773600000| Untracked 
| 924|0x0000000773800000, 0x0000000773800000, 0x0000000773a00000|  0%| F|  |TAMS 0x0000000773800000, 0x0000000773800000| Untracked 
| 925|0x0000000773a00000, 0x0000000773a00000, 0x0000000773c00000|  0%| F|  |TAMS 0x0000000773a00000, 0x0000000773a00000| Untracked 
| 926|0x0000000773c00000, 0x0000000773c00000, 0x0000000773e00000|  0%| F|  |TAMS 0x0000000773c00000, 0x0000000773c00000| Untracked 
| 927|0x0000000773e00000, 0x0000000773e00000, 0x0000000774000000|  0%| F|  |TAMS 0x0000000773e00000, 0x0000000773e00000| Untracked 
| 928|0x0000000774000000, 0x0000000774000000, 0x0000000774200000|  0%| F|  |TAMS 0x0000000774000000, 0x0000000774000000| Untracked 
| 929|0x0000000774200000, 0x0000000774200000, 0x0000000774400000|  0%| F|  |TAMS 0x0000000774200000, 0x0000000774200000| Untracked 
| 930|0x0000000774400000, 0x0000000774400000, 0x0000000774600000|  0%| F|  |TAMS 0x0000000774400000, 0x0000000774400000| Untracked 
| 931|0x0000000774600000, 0x0000000774600000, 0x0000000774800000|  0%| F|  |TAMS 0x0000000774600000, 0x0000000774600000| Untracked 
| 932|0x0000000774800000, 0x0000000774800000, 0x0000000774a00000|  0%| F|  |TAMS 0x0000000774800000, 0x0000000774800000| Untracked 
| 933|0x0000000774a00000, 0x0000000774a00000, 0x0000000774c00000|  0%| F|  |TAMS 0x0000000774a00000, 0x0000000774a00000| Untracked 
| 934|0x0000000774c00000, 0x0000000774c00000, 0x0000000774e00000|  0%| F|  |TAMS 0x0000000774c00000, 0x0000000774c00000| Untracked 
| 935|0x0000000774e00000, 0x0000000774e00000, 0x0000000775000000|  0%| F|  |TAMS 0x0000000774e00000, 0x0000000774e00000| Untracked 
| 936|0x0000000775000000, 0x0000000775000000, 0x0000000775200000|  0%| F|  |TAMS 0x0000000775000000, 0x0000000775000000| Untracked 
| 937|0x0000000775200000, 0x0000000775200000, 0x0000000775400000|  0%| F|  |TAMS 0x0000000775200000, 0x0000000775200000| Untracked 
| 938|0x0000000775400000, 0x0000000775400000, 0x0000000775600000|  0%| F|  |TAMS 0x0000000775400000, 0x0000000775400000| Untracked 
| 939|0x0000000775600000, 0x0000000775600000, 0x0000000775800000|  0%| F|  |TAMS 0x0000000775600000, 0x0000000775600000| Untracked 
| 940|0x0000000775800000, 0x0000000775800000, 0x0000000775a00000|  0%| F|  |TAMS 0x0000000775800000, 0x0000000775800000| Untracked 
| 941|0x0000000775a00000, 0x0000000775a00000, 0x0000000775c00000|  0%| F|  |TAMS 0x0000000775a00000, 0x0000000775a00000| Untracked 
| 942|0x0000000775c00000, 0x0000000775c00000, 0x0000000775e00000|  0%| F|  |TAMS 0x0000000775c00000, 0x0000000775c00000| Untracked 
| 943|0x0000000775e00000, 0x0000000775e00000, 0x0000000776000000|  0%| F|  |TAMS 0x0000000775e00000, 0x0000000775e00000| Untracked 
| 944|0x0000000776000000, 0x0000000776000000, 0x0000000776200000|  0%| F|  |TAMS 0x0000000776000000, 0x0000000776000000| Untracked 
| 945|0x0000000776200000, 0x0000000776200000, 0x0000000776400000|  0%| F|  |TAMS 0x0000000776200000, 0x0000000776200000| Untracked 
| 946|0x0000000776400000, 0x0000000776400000, 0x0000000776600000|  0%| F|  |TAMS 0x0000000776400000, 0x0000000776400000| Untracked 
| 947|0x0000000776600000, 0x0000000776600000, 0x0000000776800000|  0%| F|  |TAMS 0x0000000776600000, 0x0000000776600000| Untracked 
| 948|0x0000000776800000, 0x0000000776800000, 0x0000000776a00000|  0%| F|  |TAMS 0x0000000776800000, 0x0000000776800000| Untracked 
| 949|0x0000000776a00000, 0x0000000776a00000, 0x0000000776c00000|  0%| F|  |TAMS 0x0000000776a00000, 0x0000000776a00000| Untracked 
| 950|0x0000000776c00000, 0x0000000776c00000, 0x0000000776e00000|  0%| F|  |TAMS 0x0000000776c00000, 0x0000000776c00000| Untracked 
| 951|0x0000000776e00000, 0x0000000776e00000, 0x0000000777000000|  0%| F|  |TAMS 0x0000000776e00000, 0x0000000776e00000| Untracked 
| 952|0x0000000777000000, 0x0000000777000000, 0x0000000777200000|  0%| F|  |TAMS 0x0000000777000000, 0x0000000777000000| Untracked 
| 953|0x0000000777200000, 0x0000000777200000, 0x0000000777400000|  0%| F|  |TAMS 0x0000000777200000, 0x0000000777200000| Untracked 
| 954|0x0000000777400000, 0x0000000777400000, 0x0000000777600000|  0%| F|  |TAMS 0x0000000777400000, 0x0000000777400000| Untracked 
| 955|0x0000000777600000, 0x0000000777600000, 0x0000000777800000|  0%| F|  |TAMS 0x0000000777600000, 0x0000000777600000| Untracked 
| 956|0x0000000777800000, 0x0000000777800000, 0x0000000777a00000|  0%| F|  |TAMS 0x0000000777800000, 0x0000000777800000| Untracked 
| 957|0x0000000777a00000, 0x0000000777a00000, 0x0000000777c00000|  0%| F|  |TAMS 0x0000000777a00000, 0x0000000777a00000| Untracked 
| 958|0x0000000777c00000, 0x0000000777c00000, 0x0000000777e00000|  0%| F|  |TAMS 0x0000000777c00000, 0x0000000777c00000| Untracked 
| 959|0x0000000777e00000, 0x0000000777e00000, 0x0000000778000000|  0%| F|  |TAMS 0x0000000777e00000, 0x0000000777e00000| Untracked 
| 960|0x0000000778000000, 0x0000000778000000, 0x0000000778200000|  0%| F|  |TAMS 0x0000000778000000, 0x0000000778000000| Untracked 
| 961|0x0000000778200000, 0x0000000778200000, 0x0000000778400000|  0%| F|  |TAMS 0x0000000778200000, 0x0000000778200000| Untracked 
| 962|0x0000000778400000, 0x0000000778400000, 0x0000000778600000|  0%| F|  |TAMS 0x0000000778400000, 0x0000000778400000| Untracked 
| 963|0x0000000778600000, 0x0000000778600000, 0x0000000778800000|  0%| F|  |TAMS 0x0000000778600000, 0x0000000778600000| Untracked 
| 964|0x0000000778800000, 0x0000000778800000, 0x0000000778a00000|  0%| F|  |TAMS 0x0000000778800000, 0x0000000778800000| Untracked 
| 965|0x0000000778a00000, 0x0000000778a00000, 0x0000000778c00000|  0%| F|  |TAMS 0x0000000778a00000, 0x0000000778a00000| Untracked 
| 966|0x0000000778c00000, 0x0000000778c00000, 0x0000000778e00000|  0%| F|  |TAMS 0x0000000778c00000, 0x0000000778c00000| Untracked 
| 967|0x0000000778e00000, 0x0000000778e00000, 0x0000000779000000|  0%| F|  |TAMS 0x0000000778e00000, 0x0000000778e00000| Untracked 
| 968|0x0000000779000000, 0x0000000779000000, 0x0000000779200000|  0%| F|  |TAMS 0x0000000779000000, 0x0000000779000000| Untracked 
| 969|0x0000000779200000, 0x0000000779200000, 0x0000000779400000|  0%| F|  |TAMS 0x0000000779200000, 0x0000000779200000| Untracked 
| 970|0x0000000779400000, 0x0000000779400000, 0x0000000779600000|  0%| F|  |TAMS 0x0000000779400000, 0x0000000779400000| Untracked 
| 971|0x0000000779600000, 0x0000000779600000, 0x0000000779800000|  0%| F|  |TAMS 0x0000000779600000, 0x0000000779600000| Untracked 
| 972|0x0000000779800000, 0x0000000779800000, 0x0000000779a00000|  0%| F|  |TAMS 0x0000000779800000, 0x0000000779800000| Untracked 
| 973|0x0000000779a00000, 0x0000000779a00000, 0x0000000779c00000|  0%| F|  |TAMS 0x0000000779a00000, 0x0000000779a00000| Untracked 
| 974|0x0000000779c00000, 0x0000000779c00000, 0x0000000779e00000|  0%| F|  |TAMS 0x0000000779c00000, 0x0000000779c00000| Untracked 
| 975|0x0000000779e00000, 0x0000000779e00000, 0x000000077a000000|  0%| F|  |TAMS 0x0000000779e00000, 0x0000000779e00000| Untracked 
| 976|0x000000077a000000, 0x000000077a000000, 0x000000077a200000|  0%| F|  |TAMS 0x000000077a000000, 0x000000077a000000| Untracked 
| 977|0x000000077a200000, 0x000000077a200000, 0x000000077a400000|  0%| F|  |TAMS 0x000000077a200000, 0x000000077a200000| Untracked 
| 978|0x000000077a400000, 0x000000077a400000, 0x000000077a600000|  0%| F|  |TAMS 0x000000077a400000, 0x000000077a400000| Untracked 
| 979|0x000000077a600000, 0x000000077a600000, 0x000000077a800000|  0%| F|  |TAMS 0x000000077a600000, 0x000000077a600000| Untracked 
| 980|0x000000077a800000, 0x000000077a800000, 0x000000077aa00000|  0%| F|  |TAMS 0x000000077a800000, 0x000000077a800000| Untracked 
| 981|0x000000077aa00000, 0x000000077aa00000, 0x000000077ac00000|  0%| F|  |TAMS 0x000000077aa00000, 0x000000077aa00000| Untracked 
| 982|0x000000077ac00000, 0x000000077ac00000, 0x000000077ae00000|  0%| F|  |TAMS 0x000000077ac00000, 0x000000077ac00000| Untracked 
| 983|0x000000077ae00000, 0x000000077ae00000, 0x000000077b000000|  0%| F|  |TAMS 0x000000077ae00000, 0x000000077ae00000| Untracked 
| 984|0x000000077b000000, 0x000000077b000000, 0x000000077b200000|  0%| F|  |TAMS 0x000000077b000000, 0x000000077b000000| Untracked 
| 985|0x000000077b200000, 0x000000077b200000, 0x000000077b400000|  0%| F|  |TAMS 0x000000077b200000, 0x000000077b200000| Untracked 
| 986|0x000000077b400000, 0x000000077b400000, 0x000000077b600000|  0%| F|  |TAMS 0x000000077b400000, 0x000000077b400000| Untracked 
| 987|0x000000077b600000, 0x000000077b600000, 0x000000077b800000|  0%| F|  |TAMS 0x000000077b600000, 0x000000077b600000| Untracked 
| 988|0x000000077b800000, 0x000000077b800000, 0x000000077ba00000|  0%| F|  |TAMS 0x000000077b800000, 0x000000077b800000| Untracked 
| 989|0x000000077ba00000, 0x000000077ba00000, 0x000000077bc00000|  0%| F|  |TAMS 0x000000077ba00000, 0x000000077ba00000| Untracked 
| 990|0x000000077bc00000, 0x000000077bc00000, 0x000000077be00000|  0%| F|  |TAMS 0x000000077bc00000, 0x000000077bc00000| Untracked 
| 991|0x000000077be00000, 0x000000077be00000, 0x000000077c000000|  0%| F|  |TAMS 0x000000077be00000, 0x000000077be00000| Untracked 
| 992|0x000000077c000000, 0x000000077c000000, 0x000000077c200000|  0%| F|  |TAMS 0x000000077c000000, 0x000000077c000000| Untracked 
| 993|0x000000077c200000, 0x000000077c200000, 0x000000077c400000|  0%| F|  |TAMS 0x000000077c200000, 0x000000077c200000| Untracked 
| 994|0x000000077c400000, 0x000000077c400000, 0x000000077c600000|  0%| F|  |TAMS 0x000000077c400000, 0x000000077c400000| Untracked 
| 995|0x000000077c600000, 0x000000077c600000, 0x000000077c800000|  0%| F|  |TAMS 0x000000077c600000, 0x000000077c600000| Untracked 
| 996|0x000000077c800000, 0x000000077c800000, 0x000000077ca00000|  0%| F|  |TAMS 0x000000077c800000, 0x000000077c800000| Untracked 
| 997|0x000000077ca00000, 0x000000077ca00000, 0x000000077cc00000|  0%| F|  |TAMS 0x000000077ca00000, 0x000000077ca00000| Untracked 
| 998|0x000000077cc00000, 0x000000077cc00000, 0x000000077ce00000|  0%| F|  |TAMS 0x000000077cc00000, 0x000000077cc00000| Untracked 
| 999|0x000000077ce00000, 0x000000077ce00000, 0x000000077d000000|  0%| F|  |TAMS 0x000000077ce00000, 0x000000077ce00000| Untracked 
|1000|0x000000077d000000, 0x000000077d000000, 0x000000077d200000|  0%| F|  |TAMS 0x000000077d000000, 0x000000077d000000| Untracked 
|1001|0x000000077d200000, 0x000000077d200000, 0x000000077d400000|  0%| F|  |TAMS 0x000000077d200000, 0x000000077d200000| Untracked 
|1002|0x000000077d400000, 0x000000077d400000, 0x000000077d600000|  0%| F|  |TAMS 0x000000077d400000, 0x000000077d400000| Untracked 
|1003|0x000000077d600000, 0x000000077d600000, 0x000000077d800000|  0%| F|  |TAMS 0x000000077d600000, 0x000000077d600000| Untracked 
|1004|0x000000077d800000, 0x000000077d800000, 0x000000077da00000|  0%| F|  |TAMS 0x000000077d800000, 0x000000077d800000| Untracked 
|1005|0x000000077da00000, 0x000000077da00000, 0x000000077dc00000|  0%| F|  |TAMS 0x000000077da00000, 0x000000077da00000| Untracked 
|1006|0x000000077dc00000, 0x000000077dc00000, 0x000000077de00000|  0%| F|  |TAMS 0x000000077dc00000, 0x000000077dc00000| Untracked 
|1007|0x000000077de00000, 0x000000077de00000, 0x000000077e000000|  0%| F|  |TAMS 0x000000077de00000, 0x000000077de00000| Untracked 
|1008|0x000000077e000000, 0x000000077e000000, 0x000000077e200000|  0%| F|  |TAMS 0x000000077e000000, 0x000000077e000000| Untracked 
|1009|0x000000077e200000, 0x000000077e200000, 0x000000077e400000|  0%| F|  |TAMS 0x000000077e200000, 0x000000077e200000| Untracked 
|1010|0x000000077e400000, 0x000000077e400000, 0x000000077e600000|  0%| F|  |TAMS 0x000000077e400000, 0x000000077e400000| Untracked 
|1011|0x000000077e600000, 0x000000077e600000, 0x000000077e800000|  0%| F|  |TAMS 0x000000077e600000, 0x000000077e600000| Untracked 
|1012|0x000000077e800000, 0x000000077e800000, 0x000000077ea00000|  0%| F|  |TAMS 0x000000077e800000, 0x000000077e800000| Untracked 
|1013|0x000000077ea00000, 0x000000077ea00000, 0x000000077ec00000|  0%| F|  |TAMS 0x000000077ea00000, 0x000000077ea00000| Untracked 
|1014|0x000000077ec00000, 0x000000077ec00000, 0x000000077ee00000|  0%| F|  |TAMS 0x000000077ec00000, 0x000000077ec00000| Untracked 
|1015|0x000000077ee00000, 0x000000077ee00000, 0x000000077f000000|  0%| F|  |TAMS 0x000000077ee00000, 0x000000077ee00000| Untracked 
|1016|0x000000077f000000, 0x000000077f000000, 0x000000077f200000|  0%| F|  |TAMS 0x000000077f000000, 0x000000077f000000| Untracked 
|1017|0x000000077f200000, 0x000000077f200000, 0x000000077f400000|  0%| F|  |TAMS 0x000000077f200000, 0x000000077f200000| Untracked 
|1018|0x000000077f400000, 0x000000077f400000, 0x000000077f600000|  0%| F|  |TAMS 0x000000077f400000, 0x000000077f400000| Untracked 
|1019|0x000000077f600000, 0x000000077f600000, 0x000000077f800000|  0%| F|  |TAMS 0x000000077f600000, 0x000000077f600000| Untracked 
|1020|0x000000077f800000, 0x000000077f800000, 0x000000077fa00000|  0%| F|  |TAMS 0x000000077f800000, 0x000000077f800000| Untracked 
|1021|0x000000077fa00000, 0x000000077fa00000, 0x000000077fc00000|  0%| F|  |TAMS 0x000000077fa00000, 0x000000077fa00000| Untracked 
|1022|0x000000077fc00000, 0x000000077fc00000, 0x000000077fe00000|  0%| F|  |TAMS 0x000000077fc00000, 0x000000077fc00000| Untracked 
|1023|0x000000077fe00000, 0x000000077fe00000, 0x0000000780000000|  0%| F|  |TAMS 0x000000077fe00000, 0x000000077fe00000| Untracked 
|1024|0x0000000780000000, 0x0000000780000000, 0x0000000780200000|  0%| F|  |TAMS 0x0000000780000000, 0x0000000780000000| Untracked 
|1025|0x0000000780200000, 0x0000000780200000, 0x0000000780400000|  0%| F|  |TAMS 0x0000000780200000, 0x0000000780200000| Untracked 
|1026|0x0000000780400000, 0x0000000780400000, 0x0000000780600000|  0%| F|  |TAMS 0x0000000780400000, 0x0000000780400000| Untracked 
|1027|0x0000000780600000, 0x0000000780600000, 0x0000000780800000|  0%| F|  |TAMS 0x0000000780600000, 0x0000000780600000| Untracked 
|1028|0x0000000780800000, 0x0000000780800000, 0x0000000780a00000|  0%| F|  |TAMS 0x0000000780800000, 0x0000000780800000| Untracked 
|1029|0x0000000780a00000, 0x0000000780a00000, 0x0000000780c00000|  0%| F|  |TAMS 0x0000000780a00000, 0x0000000780a00000| Untracked 
|1030|0x0000000780c00000, 0x0000000780c00000, 0x0000000780e00000|  0%| F|  |TAMS 0x0000000780c00000, 0x0000000780c00000| Untracked 
|1031|0x0000000780e00000, 0x0000000780e00000, 0x0000000781000000|  0%| F|  |TAMS 0x0000000780e00000, 0x0000000780e00000| Untracked 
|1032|0x0000000781000000, 0x0000000781000000, 0x0000000781200000|  0%| F|  |TAMS 0x0000000781000000, 0x0000000781000000| Untracked 
|1033|0x0000000781200000, 0x0000000781200000, 0x0000000781400000|  0%| F|  |TAMS 0x0000000781200000, 0x0000000781200000| Untracked 
|1034|0x0000000781400000, 0x0000000781400000, 0x0000000781600000|  0%| F|  |TAMS 0x0000000781400000, 0x0000000781400000| Untracked 
|1035|0x0000000781600000, 0x0000000781600000, 0x0000000781800000|  0%| F|  |TAMS 0x0000000781600000, 0x0000000781600000| Untracked 
|1036|0x0000000781800000, 0x0000000781800000, 0x0000000781a00000|  0%| F|  |TAMS 0x0000000781800000, 0x0000000781800000| Untracked 
|1037|0x0000000781a00000, 0x0000000781a00000, 0x0000000781c00000|  0%| F|  |TAMS 0x0000000781a00000, 0x0000000781a00000| Untracked 
|1038|0x0000000781c00000, 0x0000000781c00000, 0x0000000781e00000|  0%| F|  |TAMS 0x0000000781c00000, 0x0000000781c00000| Untracked 
|1039|0x0000000781e00000, 0x0000000781e00000, 0x0000000782000000|  0%| F|  |TAMS 0x0000000781e00000, 0x0000000781e00000| Untracked 
|1040|0x0000000782000000, 0x0000000782000000, 0x0000000782200000|  0%| F|  |TAMS 0x0000000782000000, 0x0000000782000000| Untracked 
|1041|0x0000000782200000, 0x0000000782200000, 0x0000000782400000|  0%| F|  |TAMS 0x0000000782200000, 0x0000000782200000| Untracked 
|1042|0x0000000782400000, 0x0000000782400000, 0x0000000782600000|  0%| F|  |TAMS 0x0000000782400000, 0x0000000782400000| Untracked 
|1043|0x0000000782600000, 0x0000000782600000, 0x0000000782800000|  0%| F|  |TAMS 0x0000000782600000, 0x0000000782600000| Untracked 
|1044|0x0000000782800000, 0x0000000782800000, 0x0000000782a00000|  0%| F|  |TAMS 0x0000000782800000, 0x0000000782800000| Untracked 
|1045|0x0000000782a00000, 0x0000000782a00000, 0x0000000782c00000|  0%| F|  |TAMS 0x0000000782a00000, 0x0000000782a00000| Untracked 
|1046|0x0000000782c00000, 0x0000000782c00000, 0x0000000782e00000|  0%| F|  |TAMS 0x0000000782c00000, 0x0000000782c00000| Untracked 
|1047|0x0000000782e00000, 0x0000000782e00000, 0x0000000783000000|  0%| F|  |TAMS 0x0000000782e00000, 0x0000000782e00000| Untracked 
|1048|0x0000000783000000, 0x0000000783000000, 0x0000000783200000|  0%| F|  |TAMS 0x0000000783000000, 0x0000000783000000| Untracked 
|1049|0x0000000783200000, 0x0000000783200000, 0x0000000783400000|  0%| F|  |TAMS 0x0000000783200000, 0x0000000783200000| Untracked 
|1050|0x0000000783400000, 0x0000000783400000, 0x0000000783600000|  0%| F|  |TAMS 0x0000000783400000, 0x0000000783400000| Untracked 
|1051|0x0000000783600000, 0x0000000783600000, 0x0000000783800000|  0%| F|  |TAMS 0x0000000783600000, 0x0000000783600000| Untracked 
|1052|0x0000000783800000, 0x0000000783800000, 0x0000000783a00000|  0%| F|  |TAMS 0x0000000783800000, 0x0000000783800000| Untracked 
|1053|0x0000000783a00000, 0x0000000783a00000, 0x0000000783c00000|  0%| F|  |TAMS 0x0000000783a00000, 0x0000000783a00000| Untracked 
|1054|0x0000000783c00000, 0x0000000783c00000, 0x0000000783e00000|  0%| F|  |TAMS 0x0000000783c00000, 0x0000000783c00000| Untracked 
|1055|0x0000000783e00000, 0x0000000783e00000, 0x0000000784000000|  0%| F|  |TAMS 0x0000000783e00000, 0x0000000783e00000| Untracked 
|1056|0x0000000784000000, 0x0000000784000000, 0x0000000784200000|  0%| F|  |TAMS 0x0000000784000000, 0x0000000784000000| Untracked 
|1057|0x0000000784200000, 0x0000000784200000, 0x0000000784400000|  0%| F|  |TAMS 0x0000000784200000, 0x0000000784200000| Untracked 
|1058|0x0000000784400000, 0x0000000784400000, 0x0000000784600000|  0%| F|  |TAMS 0x0000000784400000, 0x0000000784400000| Untracked 
|1059|0x0000000784600000, 0x0000000784600000, 0x0000000784800000|  0%| F|  |TAMS 0x0000000784600000, 0x0000000784600000| Untracked 
|1060|0x0000000784800000, 0x0000000784800000, 0x0000000784a00000|  0%| F|  |TAMS 0x0000000784800000, 0x0000000784800000| Untracked 
|1061|0x0000000784a00000, 0x0000000784a00000, 0x0000000784c00000|  0%| F|  |TAMS 0x0000000784a00000, 0x0000000784a00000| Untracked 
|1062|0x0000000784c00000, 0x0000000784c00000, 0x0000000784e00000|  0%| F|  |TAMS 0x0000000784c00000, 0x0000000784c00000| Untracked 
|1063|0x0000000784e00000, 0x0000000784e00000, 0x0000000785000000|  0%| F|  |TAMS 0x0000000784e00000, 0x0000000784e00000| Untracked 
|1064|0x0000000785000000, 0x0000000785000000, 0x0000000785200000|  0%| F|  |TAMS 0x0000000785000000, 0x0000000785000000| Untracked 
|1065|0x0000000785200000, 0x0000000785200000, 0x0000000785400000|  0%| F|  |TAMS 0x0000000785200000, 0x0000000785200000| Untracked 
|1066|0x0000000785400000, 0x0000000785400000, 0x0000000785600000|  0%| F|  |TAMS 0x0000000785400000, 0x0000000785400000| Untracked 
|1067|0x0000000785600000, 0x0000000785600000, 0x0000000785800000|  0%| F|  |TAMS 0x0000000785600000, 0x0000000785600000| Untracked 
|1068|0x0000000785800000, 0x0000000785800000, 0x0000000785a00000|  0%| F|  |TAMS 0x0000000785800000, 0x0000000785800000| Untracked 
|1069|0x0000000785a00000, 0x0000000785a00000, 0x0000000785c00000|  0%| F|  |TAMS 0x0000000785a00000, 0x0000000785a00000| Untracked 
|1070|0x0000000785c00000, 0x0000000785c00000, 0x0000000785e00000|  0%| F|  |TAMS 0x0000000785c00000, 0x0000000785c00000| Untracked 
|1071|0x0000000785e00000, 0x0000000785e00000, 0x0000000786000000|  0%| F|  |TAMS 0x0000000785e00000, 0x0000000785e00000| Untracked 
|1072|0x0000000786000000, 0x0000000786000000, 0x0000000786200000|  0%| F|  |TAMS 0x0000000786000000, 0x0000000786000000| Untracked 
|1073|0x0000000786200000, 0x0000000786200000, 0x0000000786400000|  0%| F|  |TAMS 0x0000000786200000, 0x0000000786200000| Untracked 
|1074|0x0000000786400000, 0x0000000786400000, 0x0000000786600000|  0%| F|  |TAMS 0x0000000786400000, 0x0000000786400000| Untracked 
|1075|0x0000000786600000, 0x0000000786600000, 0x0000000786800000|  0%| F|  |TAMS 0x0000000786600000, 0x0000000786600000| Untracked 
|1076|0x0000000786800000, 0x0000000786800000, 0x0000000786a00000|  0%| F|  |TAMS 0x0000000786800000, 0x0000000786800000| Untracked 
|1077|0x0000000786a00000, 0x0000000786a00000, 0x0000000786c00000|  0%| F|  |TAMS 0x0000000786a00000, 0x0000000786a00000| Untracked 
|1078|0x0000000786c00000, 0x0000000786c00000, 0x0000000786e00000|  0%| F|  |TAMS 0x0000000786c00000, 0x0000000786c00000| Untracked 
|1079|0x0000000786e00000, 0x0000000786e00000, 0x0000000787000000|  0%| F|  |TAMS 0x0000000786e00000, 0x0000000786e00000| Untracked 
|1080|0x0000000787000000, 0x0000000787000000, 0x0000000787200000|  0%| F|  |TAMS 0x0000000787000000, 0x0000000787000000| Untracked 
|1081|0x0000000787200000, 0x0000000787200000, 0x0000000787400000|  0%| F|  |TAMS 0x0000000787200000, 0x0000000787200000| Untracked 
|1082|0x0000000787400000, 0x0000000787400000, 0x0000000787600000|  0%| F|  |TAMS 0x0000000787400000, 0x0000000787400000| Untracked 
|1083|0x0000000787600000, 0x0000000787600000, 0x0000000787800000|  0%| F|  |TAMS 0x0000000787600000, 0x0000000787600000| Untracked 
|1084|0x0000000787800000, 0x0000000787800000, 0x0000000787a00000|  0%| F|  |TAMS 0x0000000787800000, 0x0000000787800000| Untracked 
|1085|0x0000000787a00000, 0x0000000787a00000, 0x0000000787c00000|  0%| F|  |TAMS 0x0000000787a00000, 0x0000000787a00000| Untracked 
|1086|0x0000000787c00000, 0x0000000787c00000, 0x0000000787e00000|  0%| F|  |TAMS 0x0000000787c00000, 0x0000000787c00000| Untracked 
|1087|0x0000000787e00000, 0x0000000787e00000, 0x0000000788000000|  0%| F|  |TAMS 0x0000000787e00000, 0x0000000787e00000| Untracked 
|1088|0x0000000788000000, 0x0000000788000000, 0x0000000788200000|  0%| F|  |TAMS 0x0000000788000000, 0x0000000788000000| Untracked 
|1089|0x0000000788200000, 0x0000000788200000, 0x0000000788400000|  0%| F|  |TAMS 0x0000000788200000, 0x0000000788200000| Untracked 
|1090|0x0000000788400000, 0x0000000788400000, 0x0000000788600000|  0%| F|  |TAMS 0x0000000788400000, 0x0000000788400000| Untracked 
|1091|0x0000000788600000, 0x0000000788600000, 0x0000000788800000|  0%| F|  |TAMS 0x0000000788600000, 0x0000000788600000| Untracked 
|1092|0x0000000788800000, 0x0000000788800000, 0x0000000788a00000|  0%| F|  |TAMS 0x0000000788800000, 0x0000000788800000| Untracked 
|1093|0x0000000788a00000, 0x0000000788a00000, 0x0000000788c00000|  0%| F|  |TAMS 0x0000000788a00000, 0x0000000788a00000| Untracked 
|1094|0x0000000788c00000, 0x0000000788c00000, 0x0000000788e00000|  0%| F|  |TAMS 0x0000000788c00000, 0x0000000788c00000| Untracked 
|1095|0x0000000788e00000, 0x0000000788e00000, 0x0000000789000000|  0%| F|  |TAMS 0x0000000788e00000, 0x0000000788e00000| Untracked 
|1096|0x0000000789000000, 0x0000000789000000, 0x0000000789200000|  0%| F|  |TAMS 0x0000000789000000, 0x0000000789000000| Untracked 
|1097|0x0000000789200000, 0x0000000789200000, 0x0000000789400000|  0%| F|  |TAMS 0x0000000789200000, 0x0000000789200000| Untracked 
|1098|0x0000000789400000, 0x0000000789400000, 0x0000000789600000|  0%| F|  |TAMS 0x0000000789400000, 0x0000000789400000| Untracked 
|1099|0x0000000789600000, 0x0000000789600000, 0x0000000789800000|  0%| F|  |TAMS 0x0000000789600000, 0x0000000789600000| Untracked 
|1100|0x0000000789800000, 0x0000000789800000, 0x0000000789a00000|  0%| F|  |TAMS 0x0000000789800000, 0x0000000789800000| Untracked 
|1101|0x0000000789a00000, 0x0000000789a00000, 0x0000000789c00000|  0%| F|  |TAMS 0x0000000789a00000, 0x0000000789a00000| Untracked 
|1102|0x0000000789c00000, 0x0000000789c00000, 0x0000000789e00000|  0%| F|  |TAMS 0x0000000789c00000, 0x0000000789c00000| Untracked 
|1103|0x0000000789e00000, 0x0000000789e00000, 0x000000078a000000|  0%| F|  |TAMS 0x0000000789e00000, 0x0000000789e00000| Untracked 
|1104|0x000000078a000000, 0x000000078a000000, 0x000000078a200000|  0%| F|  |TAMS 0x000000078a000000, 0x000000078a000000| Untracked 
|1105|0x000000078a200000, 0x000000078a200000, 0x000000078a400000|  0%| F|  |TAMS 0x000000078a200000, 0x000000078a200000| Untracked 
|1106|0x000000078a400000, 0x000000078a400000, 0x000000078a600000|  0%| F|  |TAMS 0x000000078a400000, 0x000000078a400000| Untracked 
|1107|0x000000078a600000, 0x000000078a600000, 0x000000078a800000|  0%| F|  |TAMS 0x000000078a600000, 0x000000078a600000| Untracked 
|1108|0x000000078a800000, 0x000000078a800000, 0x000000078aa00000|  0%| F|  |TAMS 0x000000078a800000, 0x000000078a800000| Untracked 
|1109|0x000000078aa00000, 0x000000078aa00000, 0x000000078ac00000|  0%| F|  |TAMS 0x000000078aa00000, 0x000000078aa00000| Untracked 
|1110|0x000000078ac00000, 0x000000078ac00000, 0x000000078ae00000|  0%| F|  |TAMS 0x000000078ac00000, 0x000000078ac00000| Untracked 
|1111|0x000000078ae00000, 0x000000078ae00000, 0x000000078b000000|  0%| F|  |TAMS 0x000000078ae00000, 0x000000078ae00000| Untracked 
|1112|0x000000078b000000, 0x000000078b000000, 0x000000078b200000|  0%| F|  |TAMS 0x000000078b000000, 0x000000078b000000| Untracked 
|1113|0x000000078b200000, 0x000000078b200000, 0x000000078b400000|  0%| F|  |TAMS 0x000000078b200000, 0x000000078b200000| Untracked 
|1114|0x000000078b400000, 0x000000078b400000, 0x000000078b600000|  0%| F|  |TAMS 0x000000078b400000, 0x000000078b400000| Untracked 
|1115|0x000000078b600000, 0x000000078b600000, 0x000000078b800000|  0%| F|  |TAMS 0x000000078b600000, 0x000000078b600000| Untracked 
|1116|0x000000078b800000, 0x000000078b800000, 0x000000078ba00000|  0%| F|  |TAMS 0x000000078b800000, 0x000000078b800000| Untracked 
|1117|0x000000078ba00000, 0x000000078ba00000, 0x000000078bc00000|  0%| F|  |TAMS 0x000000078ba00000, 0x000000078ba00000| Untracked 
|1118|0x000000078bc00000, 0x000000078bc00000, 0x000000078be00000|  0%| F|  |TAMS 0x000000078bc00000, 0x000000078bc00000| Untracked 
|1119|0x000000078be00000, 0x000000078be00000, 0x000000078c000000|  0%| F|  |TAMS 0x000000078be00000, 0x000000078be00000| Untracked 
|1120|0x000000078c000000, 0x000000078c000000, 0x000000078c200000|  0%| F|  |TAMS 0x000000078c000000, 0x000000078c000000| Untracked 
|1121|0x000000078c200000, 0x000000078c200000, 0x000000078c400000|  0%| F|  |TAMS 0x000000078c200000, 0x000000078c200000| Untracked 
|1122|0x000000078c400000, 0x000000078c400000, 0x000000078c600000|  0%| F|  |TAMS 0x000000078c400000, 0x000000078c400000| Untracked 
|1123|0x000000078c600000, 0x000000078c600000, 0x000000078c800000|  0%| F|  |TAMS 0x000000078c600000, 0x000000078c600000| Untracked 
|1124|0x000000078c800000, 0x000000078c800000, 0x000000078ca00000|  0%| F|  |TAMS 0x000000078c800000, 0x000000078c800000| Untracked 
|1125|0x000000078ca00000, 0x000000078ca00000, 0x000000078cc00000|  0%| F|  |TAMS 0x000000078ca00000, 0x000000078ca00000| Untracked 
|1126|0x000000078cc00000, 0x000000078cc00000, 0x000000078ce00000|  0%| F|  |TAMS 0x000000078cc00000, 0x000000078cc00000| Untracked 
|1127|0x000000078ce00000, 0x000000078ce00000, 0x000000078d000000|  0%| F|  |TAMS 0x000000078ce00000, 0x000000078ce00000| Untracked 
|1128|0x000000078d000000, 0x000000078d000000, 0x000000078d200000|  0%| F|  |TAMS 0x000000078d000000, 0x000000078d000000| Untracked 
|1129|0x000000078d200000, 0x000000078d200000, 0x000000078d400000|  0%| F|  |TAMS 0x000000078d200000, 0x000000078d200000| Untracked 
|1130|0x000000078d400000, 0x000000078d400000, 0x000000078d600000|  0%| F|  |TAMS 0x000000078d400000, 0x000000078d400000| Untracked 
|1131|0x000000078d600000, 0x000000078d600000, 0x000000078d800000|  0%| F|  |TAMS 0x000000078d600000, 0x000000078d600000| Untracked 
|1132|0x000000078d800000, 0x000000078d800000, 0x000000078da00000|  0%| F|  |TAMS 0x000000078d800000, 0x000000078d800000| Untracked 
|1133|0x000000078da00000, 0x000000078da00000, 0x000000078dc00000|  0%| F|  |TAMS 0x000000078da00000, 0x000000078da00000| Untracked 
|1134|0x000000078dc00000, 0x000000078dc00000, 0x000000078de00000|  0%| F|  |TAMS 0x000000078dc00000, 0x000000078dc00000| Untracked 
|1135|0x000000078de00000, 0x000000078de00000, 0x000000078e000000|  0%| F|  |TAMS 0x000000078de00000, 0x000000078de00000| Untracked 
|1136|0x000000078e000000, 0x000000078e000000, 0x000000078e200000|  0%| F|  |TAMS 0x000000078e000000, 0x000000078e000000| Untracked 
|1137|0x000000078e200000, 0x000000078e200000, 0x000000078e400000|  0%| F|  |TAMS 0x000000078e200000, 0x000000078e200000| Untracked 
|1138|0x000000078e400000, 0x000000078e400000, 0x000000078e600000|  0%| F|  |TAMS 0x000000078e400000, 0x000000078e400000| Untracked 
|1139|0x000000078e600000, 0x000000078e600000, 0x000000078e800000|  0%| F|  |TAMS 0x000000078e600000, 0x000000078e600000| Untracked 
|1140|0x000000078e800000, 0x000000078e800000, 0x000000078ea00000|  0%| F|  |TAMS 0x000000078e800000, 0x000000078e800000| Untracked 
|1141|0x000000078ea00000, 0x000000078ea00000, 0x000000078ec00000|  0%| F|  |TAMS 0x000000078ea00000, 0x000000078ea00000| Untracked 
|1142|0x000000078ec00000, 0x000000078ec00000, 0x000000078ee00000|  0%| F|  |TAMS 0x000000078ec00000, 0x000000078ec00000| Untracked 
|1143|0x000000078ee00000, 0x000000078ee00000, 0x000000078f000000|  0%| F|  |TAMS 0x000000078ee00000, 0x000000078ee00000| Untracked 
|1144|0x000000078f000000, 0x000000078f000000, 0x000000078f200000|  0%| F|  |TAMS 0x000000078f000000, 0x000000078f000000| Untracked 
|1145|0x000000078f200000, 0x000000078f200000, 0x000000078f400000|  0%| F|  |TAMS 0x000000078f200000, 0x000000078f200000| Untracked 
|1146|0x000000078f400000, 0x000000078f400000, 0x000000078f600000|  0%| F|  |TAMS 0x000000078f400000, 0x000000078f400000| Untracked 
|1147|0x000000078f600000, 0x000000078f600000, 0x000000078f800000|  0%| F|  |TAMS 0x000000078f600000, 0x000000078f600000| Untracked 
|1148|0x000000078f800000, 0x000000078f800000, 0x000000078fa00000|  0%| F|  |TAMS 0x000000078f800000, 0x000000078f800000| Untracked 
|1149|0x000000078fa00000, 0x000000078fa00000, 0x000000078fc00000|  0%| F|  |TAMS 0x000000078fa00000, 0x000000078fa00000| Untracked 
|1150|0x000000078fc00000, 0x000000078fc00000, 0x000000078fe00000|  0%| F|  |TAMS 0x000000078fc00000, 0x000000078fc00000| Untracked 
|1151|0x000000078fe00000, 0x000000078fe00000, 0x0000000790000000|  0%| F|  |TAMS 0x000000078fe00000, 0x000000078fe00000| Untracked 
|1152|0x0000000790000000, 0x0000000790000000, 0x0000000790200000|  0%| F|  |TAMS 0x0000000790000000, 0x0000000790000000| Untracked 
|1153|0x0000000790200000, 0x0000000790200000, 0x0000000790400000|  0%| F|  |TAMS 0x0000000790200000, 0x0000000790200000| Untracked 
|1154|0x0000000790400000, 0x0000000790400000, 0x0000000790600000|  0%| F|  |TAMS 0x0000000790400000, 0x0000000790400000| Untracked 
|1155|0x0000000790600000, 0x0000000790600000, 0x0000000790800000|  0%| F|  |TAMS 0x0000000790600000, 0x0000000790600000| Untracked 
|1156|0x0000000790800000, 0x0000000790800000, 0x0000000790a00000|  0%| F|  |TAMS 0x0000000790800000, 0x0000000790800000| Untracked 
|1157|0x0000000790a00000, 0x0000000790a00000, 0x0000000790c00000|  0%| F|  |TAMS 0x0000000790a00000, 0x0000000790a00000| Untracked 
|1158|0x0000000790c00000, 0x0000000790c00000, 0x0000000790e00000|  0%| F|  |TAMS 0x0000000790c00000, 0x0000000790c00000| Untracked 
|1159|0x0000000790e00000, 0x0000000790e00000, 0x0000000791000000|  0%| F|  |TAMS 0x0000000790e00000, 0x0000000790e00000| Untracked 
|1160|0x0000000791000000, 0x0000000791000000, 0x0000000791200000|  0%| F|  |TAMS 0x0000000791000000, 0x0000000791000000| Untracked 
|1161|0x0000000791200000, 0x0000000791200000, 0x0000000791400000|  0%| F|  |TAMS 0x0000000791200000, 0x0000000791200000| Untracked 
|1162|0x0000000791400000, 0x0000000791400000, 0x0000000791600000|  0%| F|  |TAMS 0x0000000791400000, 0x0000000791400000| Untracked 
|1163|0x0000000791600000, 0x0000000791600000, 0x0000000791800000|  0%| F|  |TAMS 0x0000000791600000, 0x0000000791600000| Untracked 
|1164|0x0000000791800000, 0x0000000791800000, 0x0000000791a00000|  0%| F|  |TAMS 0x0000000791800000, 0x0000000791800000| Untracked 
|1165|0x0000000791a00000, 0x0000000791a00000, 0x0000000791c00000|  0%| F|  |TAMS 0x0000000791a00000, 0x0000000791a00000| Untracked 
|1166|0x0000000791c00000, 0x0000000791c00000, 0x0000000791e00000|  0%| F|  |TAMS 0x0000000791c00000, 0x0000000791c00000| Untracked 
|1167|0x0000000791e00000, 0x0000000791e00000, 0x0000000792000000|  0%| F|  |TAMS 0x0000000791e00000, 0x0000000791e00000| Untracked 
|1168|0x0000000792000000, 0x0000000792000000, 0x0000000792200000|  0%| F|  |TAMS 0x0000000792000000, 0x0000000792000000| Untracked 
|1169|0x0000000792200000, 0x0000000792200000, 0x0000000792400000|  0%| F|  |TAMS 0x0000000792200000, 0x0000000792200000| Untracked 
|1170|0x0000000792400000, 0x0000000792400000, 0x0000000792600000|  0%| F|  |TAMS 0x0000000792400000, 0x0000000792400000| Untracked 
|1171|0x0000000792600000, 0x0000000792600000, 0x0000000792800000|  0%| F|  |TAMS 0x0000000792600000, 0x0000000792600000| Untracked 
|1172|0x0000000792800000, 0x0000000792800000, 0x0000000792a00000|  0%| F|  |TAMS 0x0000000792800000, 0x0000000792800000| Untracked 
|1173|0x0000000792a00000, 0x0000000792a00000, 0x0000000792c00000|  0%| F|  |TAMS 0x0000000792a00000, 0x0000000792a00000| Untracked 
|1174|0x0000000792c00000, 0x0000000792c00000, 0x0000000792e00000|  0%| F|  |TAMS 0x0000000792c00000, 0x0000000792c00000| Untracked 
|1175|0x0000000792e00000, 0x0000000792e00000, 0x0000000793000000|  0%| F|  |TAMS 0x0000000792e00000, 0x0000000792e00000| Untracked 
|1176|0x0000000793000000, 0x0000000793000000, 0x0000000793200000|  0%| F|  |TAMS 0x0000000793000000, 0x0000000793000000| Untracked 
|1177|0x0000000793200000, 0x0000000793200000, 0x0000000793400000|  0%| F|  |TAMS 0x0000000793200000, 0x0000000793200000| Untracked 
|1178|0x0000000793400000, 0x0000000793400000, 0x0000000793600000|  0%| F|  |TAMS 0x0000000793400000, 0x0000000793400000| Untracked 
|1179|0x0000000793600000, 0x0000000793600000, 0x0000000793800000|  0%| F|  |TAMS 0x0000000793600000, 0x0000000793600000| Untracked 
|1180|0x0000000793800000, 0x0000000793800000, 0x0000000793a00000|  0%| F|  |TAMS 0x0000000793800000, 0x0000000793800000| Untracked 
|1181|0x0000000793a00000, 0x0000000793a00000, 0x0000000793c00000|  0%| F|  |TAMS 0x0000000793a00000, 0x0000000793a00000| Untracked 
|1182|0x0000000793c00000, 0x0000000793c00000, 0x0000000793e00000|  0%| F|  |TAMS 0x0000000793c00000, 0x0000000793c00000| Untracked 
|1183|0x0000000793e00000, 0x0000000793e00000, 0x0000000794000000|  0%| F|  |TAMS 0x0000000793e00000, 0x0000000793e00000| Untracked 
|1184|0x0000000794000000, 0x0000000794000000, 0x0000000794200000|  0%| F|  |TAMS 0x0000000794000000, 0x0000000794000000| Untracked 
|1185|0x0000000794200000, 0x0000000794200000, 0x0000000794400000|  0%| F|  |TAMS 0x0000000794200000, 0x0000000794200000| Untracked 
|1186|0x0000000794400000, 0x0000000794400000, 0x0000000794600000|  0%| F|  |TAMS 0x0000000794400000, 0x0000000794400000| Untracked 
|1187|0x0000000794600000, 0x0000000794600000, 0x0000000794800000|  0%| F|  |TAMS 0x0000000794600000, 0x0000000794600000| Untracked 
|1188|0x0000000794800000, 0x0000000794800000, 0x0000000794a00000|  0%| F|  |TAMS 0x0000000794800000, 0x0000000794800000| Untracked 
|1189|0x0000000794a00000, 0x0000000794a00000, 0x0000000794c00000|  0%| F|  |TAMS 0x0000000794a00000, 0x0000000794a00000| Untracked 
|1190|0x0000000794c00000, 0x0000000794c00000, 0x0000000794e00000|  0%| F|  |TAMS 0x0000000794c00000, 0x0000000794c00000| Untracked 
|1191|0x0000000794e00000, 0x0000000794e00000, 0x0000000795000000|  0%| F|  |TAMS 0x0000000794e00000, 0x0000000794e00000| Untracked 
|1192|0x0000000795000000, 0x0000000795000000, 0x0000000795200000|  0%| F|  |TAMS 0x0000000795000000, 0x0000000795000000| Untracked 
|1193|0x0000000795200000, 0x0000000795200000, 0x0000000795400000|  0%| F|  |TAMS 0x0000000795200000, 0x0000000795200000| Untracked 
|1194|0x0000000795400000, 0x0000000795400000, 0x0000000795600000|  0%| F|  |TAMS 0x0000000795400000, 0x0000000795400000| Untracked 
|1195|0x0000000795600000, 0x0000000795600000, 0x0000000795800000|  0%| F|  |TAMS 0x0000000795600000, 0x0000000795600000| Untracked 
|1196|0x0000000795800000, 0x0000000795800000, 0x0000000795a00000|  0%| F|  |TAMS 0x0000000795800000, 0x0000000795800000| Untracked 
|1197|0x0000000795a00000, 0x0000000795a00000, 0x0000000795c00000|  0%| F|  |TAMS 0x0000000795a00000, 0x0000000795a00000| Untracked 
|1198|0x0000000795c00000, 0x0000000795c00000, 0x0000000795e00000|  0%| F|  |TAMS 0x0000000795c00000, 0x0000000795c00000| Untracked 
|1199|0x0000000795e00000, 0x0000000795e00000, 0x0000000796000000|  0%| F|  |TAMS 0x0000000795e00000, 0x0000000795e00000| Untracked 
|1200|0x0000000796000000, 0x0000000796000000, 0x0000000796200000|  0%| F|  |TAMS 0x0000000796000000, 0x0000000796000000| Untracked 
|1201|0x0000000796200000, 0x0000000796200000, 0x0000000796400000|  0%| F|  |TAMS 0x0000000796200000, 0x0000000796200000| Untracked 
|1202|0x0000000796400000, 0x0000000796400000, 0x0000000796600000|  0%| F|  |TAMS 0x0000000796400000, 0x0000000796400000| Untracked 
|1203|0x0000000796600000, 0x0000000796600000, 0x0000000796800000|  0%| F|  |TAMS 0x0000000796600000, 0x0000000796600000| Untracked 
|1204|0x0000000796800000, 0x0000000796800000, 0x0000000796a00000|  0%| F|  |TAMS 0x0000000796800000, 0x0000000796800000| Untracked 
|1205|0x0000000796a00000, 0x0000000796a00000, 0x0000000796c00000|  0%| F|  |TAMS 0x0000000796a00000, 0x0000000796a00000| Untracked 
|1206|0x0000000796c00000, 0x0000000796c00000, 0x0000000796e00000|  0%| F|  |TAMS 0x0000000796c00000, 0x0000000796c00000| Untracked 
|1207|0x0000000796e00000, 0x0000000796e00000, 0x0000000797000000|  0%| F|  |TAMS 0x0000000796e00000, 0x0000000796e00000| Untracked 
|1208|0x0000000797000000, 0x0000000797000000, 0x0000000797200000|  0%| F|  |TAMS 0x0000000797000000, 0x0000000797000000| Untracked 
|1209|0x0000000797200000, 0x0000000797200000, 0x0000000797400000|  0%| F|  |TAMS 0x0000000797200000, 0x0000000797200000| Untracked 
|1210|0x0000000797400000, 0x0000000797400000, 0x0000000797600000|  0%| F|  |TAMS 0x0000000797400000, 0x0000000797400000| Untracked 
|1211|0x0000000797600000, 0x0000000797600000, 0x0000000797800000|  0%| F|  |TAMS 0x0000000797600000, 0x0000000797600000| Untracked 
|1212|0x0000000797800000, 0x0000000797800000, 0x0000000797a00000|  0%| F|  |TAMS 0x0000000797800000, 0x0000000797800000| Untracked 
|1213|0x0000000797a00000, 0x0000000797a00000, 0x0000000797c00000|  0%| F|  |TAMS 0x0000000797a00000, 0x0000000797a00000| Untracked 
|1214|0x0000000797c00000, 0x0000000797c00000, 0x0000000797e00000|  0%| F|  |TAMS 0x0000000797c00000, 0x0000000797c00000| Untracked 
|1215|0x0000000797e00000, 0x0000000797e00000, 0x0000000798000000|  0%| F|  |TAMS 0x0000000797e00000, 0x0000000797e00000| Untracked 
|1216|0x0000000798000000, 0x0000000798000000, 0x0000000798200000|  0%| F|  |TAMS 0x0000000798000000, 0x0000000798000000| Untracked 
|1217|0x0000000798200000, 0x0000000798200000, 0x0000000798400000|  0%| F|  |TAMS 0x0000000798200000, 0x0000000798200000| Untracked 
|1218|0x0000000798400000, 0x0000000798400000, 0x0000000798600000|  0%| F|  |TAMS 0x0000000798400000, 0x0000000798400000| Untracked 
|1219|0x0000000798600000, 0x0000000798600000, 0x0000000798800000|  0%| F|  |TAMS 0x0000000798600000, 0x0000000798600000| Untracked 
|1220|0x0000000798800000, 0x0000000798800000, 0x0000000798a00000|  0%| F|  |TAMS 0x0000000798800000, 0x0000000798800000| Untracked 
|1221|0x0000000798a00000, 0x0000000798a00000, 0x0000000798c00000|  0%| F|  |TAMS 0x0000000798a00000, 0x0000000798a00000| Untracked 
|1222|0x0000000798c00000, 0x0000000798c00000, 0x0000000798e00000|  0%| F|  |TAMS 0x0000000798c00000, 0x0000000798c00000| Untracked 
|1223|0x0000000798e00000, 0x0000000798e00000, 0x0000000799000000|  0%| F|  |TAMS 0x0000000798e00000, 0x0000000798e00000| Untracked 
|1224|0x0000000799000000, 0x0000000799000000, 0x0000000799200000|  0%| F|  |TAMS 0x0000000799000000, 0x0000000799000000| Untracked 
|1225|0x0000000799200000, 0x0000000799200000, 0x0000000799400000|  0%| F|  |TAMS 0x0000000799200000, 0x0000000799200000| Untracked 
|1226|0x0000000799400000, 0x0000000799400000, 0x0000000799600000|  0%| F|  |TAMS 0x0000000799400000, 0x0000000799400000| Untracked 
|1227|0x0000000799600000, 0x0000000799600000, 0x0000000799800000|  0%| F|  |TAMS 0x0000000799600000, 0x0000000799600000| Untracked 
|1228|0x0000000799800000, 0x0000000799800000, 0x0000000799a00000|  0%| F|  |TAMS 0x0000000799800000, 0x0000000799800000| Untracked 
|1229|0x0000000799a00000, 0x0000000799a00000, 0x0000000799c00000|  0%| F|  |TAMS 0x0000000799a00000, 0x0000000799a00000| Untracked 
|1230|0x0000000799c00000, 0x0000000799c00000, 0x0000000799e00000|  0%| F|  |TAMS 0x0000000799c00000, 0x0000000799c00000| Untracked 
|1231|0x0000000799e00000, 0x0000000799e00000, 0x000000079a000000|  0%| F|  |TAMS 0x0000000799e00000, 0x0000000799e00000| Untracked 
|1232|0x000000079a000000, 0x000000079a000000, 0x000000079a200000|  0%| F|  |TAMS 0x000000079a000000, 0x000000079a000000| Untracked 
|1233|0x000000079a200000, 0x000000079a200000, 0x000000079a400000|  0%| F|  |TAMS 0x000000079a200000, 0x000000079a200000| Untracked 
|1234|0x000000079a400000, 0x000000079a400000, 0x000000079a600000|  0%| F|  |TAMS 0x000000079a400000, 0x000000079a400000| Untracked 
|1235|0x000000079a600000, 0x000000079a600000, 0x000000079a800000|  0%| F|  |TAMS 0x000000079a600000, 0x000000079a600000| Untracked 
|1236|0x000000079a800000, 0x000000079a800000, 0x000000079aa00000|  0%| F|  |TAMS 0x000000079a800000, 0x000000079a800000| Untracked 
|1237|0x000000079aa00000, 0x000000079aa00000, 0x000000079ac00000|  0%| F|  |TAMS 0x000000079aa00000, 0x000000079aa00000| Untracked 
|1238|0x000000079ac00000, 0x000000079ac00000, 0x000000079ae00000|  0%| F|  |TAMS 0x000000079ac00000, 0x000000079ac00000| Untracked 
|1239|0x000000079ae00000, 0x000000079ae00000, 0x000000079b000000|  0%| F|  |TAMS 0x000000079ae00000, 0x000000079ae00000| Untracked 
|1240|0x000000079b000000, 0x000000079b000000, 0x000000079b200000|  0%| F|  |TAMS 0x000000079b000000, 0x000000079b000000| Untracked 
|1241|0x000000079b200000, 0x000000079b200000, 0x000000079b400000|  0%| F|  |TAMS 0x000000079b200000, 0x000000079b200000| Untracked 
|1242|0x000000079b400000, 0x000000079b400000, 0x000000079b600000|  0%| F|  |TAMS 0x000000079b400000, 0x000000079b400000| Untracked 
|1243|0x000000079b600000, 0x000000079b600000, 0x000000079b800000|  0%| F|  |TAMS 0x000000079b600000, 0x000000079b600000| Untracked 
|1244|0x000000079b800000, 0x000000079b800000, 0x000000079ba00000|  0%| F|  |TAMS 0x000000079b800000, 0x000000079b800000| Untracked 
|1245|0x000000079ba00000, 0x000000079ba00000, 0x000000079bc00000|  0%| F|  |TAMS 0x000000079ba00000, 0x000000079ba00000| Untracked 
|1246|0x000000079bc00000, 0x000000079bc00000, 0x000000079be00000|  0%| F|  |TAMS 0x000000079bc00000, 0x000000079bc00000| Untracked 
|1247|0x000000079be00000, 0x000000079be00000, 0x000000079c000000|  0%| F|  |TAMS 0x000000079be00000, 0x000000079be00000| Untracked 
|1248|0x000000079c000000, 0x000000079c000000, 0x000000079c200000|  0%| F|  |TAMS 0x000000079c000000, 0x000000079c000000| Untracked 
|1249|0x000000079c200000, 0x000000079c200000, 0x000000079c400000|  0%| F|  |TAMS 0x000000079c200000, 0x000000079c200000| Untracked 
|1250|0x000000079c400000, 0x000000079c400000, 0x000000079c600000|  0%| F|  |TAMS 0x000000079c400000, 0x000000079c400000| Untracked 
|1251|0x000000079c600000, 0x000000079c600000, 0x000000079c800000|  0%| F|  |TAMS 0x000000079c600000, 0x000000079c600000| Untracked 
|1252|0x000000079c800000, 0x000000079c800000, 0x000000079ca00000|  0%| F|  |TAMS 0x000000079c800000, 0x000000079c800000| Untracked 
|1253|0x000000079ca00000, 0x000000079ca00000, 0x000000079cc00000|  0%| F|  |TAMS 0x000000079ca00000, 0x000000079ca00000| Untracked 
|1254|0x000000079cc00000, 0x000000079cc00000, 0x000000079ce00000|  0%| F|  |TAMS 0x000000079cc00000, 0x000000079cc00000| Untracked 
|1255|0x000000079ce00000, 0x000000079ce00000, 0x000000079d000000|  0%| F|  |TAMS 0x000000079ce00000, 0x000000079ce00000| Untracked 
|1256|0x000000079d000000, 0x000000079d000000, 0x000000079d200000|  0%| F|  |TAMS 0x000000079d000000, 0x000000079d000000| Untracked 
|1257|0x000000079d200000, 0x000000079d200000, 0x000000079d400000|  0%| F|  |TAMS 0x000000079d200000, 0x000000079d200000| Untracked 
|1258|0x000000079d400000, 0x000000079d400000, 0x000000079d600000|  0%| F|  |TAMS 0x000000079d400000, 0x000000079d400000| Untracked 
|1259|0x000000079d600000, 0x000000079d600000, 0x000000079d800000|  0%| F|  |TAMS 0x000000079d600000, 0x000000079d600000| Untracked 
|1260|0x000000079d800000, 0x000000079d800000, 0x000000079da00000|  0%| F|  |TAMS 0x000000079d800000, 0x000000079d800000| Untracked 
|1261|0x000000079da00000, 0x000000079da00000, 0x000000079dc00000|  0%| F|  |TAMS 0x000000079da00000, 0x000000079da00000| Untracked 
|1262|0x000000079dc00000, 0x000000079dc00000, 0x000000079de00000|  0%| F|  |TAMS 0x000000079dc00000, 0x000000079dc00000| Untracked 
|1263|0x000000079de00000, 0x000000079de00000, 0x000000079e000000|  0%| F|  |TAMS 0x000000079de00000, 0x000000079de00000| Untracked 
|1264|0x000000079e000000, 0x000000079e000000, 0x000000079e200000|  0%| F|  |TAMS 0x000000079e000000, 0x000000079e000000| Untracked 
|1265|0x000000079e200000, 0x000000079e200000, 0x000000079e400000|  0%| F|  |TAMS 0x000000079e200000, 0x000000079e200000| Untracked 
|1266|0x000000079e400000, 0x000000079e400000, 0x000000079e600000|  0%| F|  |TAMS 0x000000079e400000, 0x000000079e400000| Untracked 
|1267|0x000000079e600000, 0x000000079e600000, 0x000000079e800000|  0%| F|  |TAMS 0x000000079e600000, 0x000000079e600000| Untracked 
|1268|0x000000079e800000, 0x000000079e800000, 0x000000079ea00000|  0%| F|  |TAMS 0x000000079e800000, 0x000000079e800000| Untracked 
|1269|0x000000079ea00000, 0x000000079ea00000, 0x000000079ec00000|  0%| F|  |TAMS 0x000000079ea00000, 0x000000079ea00000| Untracked 
|1270|0x000000079ec00000, 0x000000079ec00000, 0x000000079ee00000|  0%| F|  |TAMS 0x000000079ec00000, 0x000000079ec00000| Untracked 
|1271|0x000000079ee00000, 0x000000079ee00000, 0x000000079f000000|  0%| F|  |TAMS 0x000000079ee00000, 0x000000079ee00000| Untracked 
|1272|0x000000079f000000, 0x000000079f000000, 0x000000079f200000|  0%| F|  |TAMS 0x000000079f000000, 0x000000079f000000| Untracked 
|1273|0x000000079f200000, 0x000000079f200000, 0x000000079f400000|  0%| F|  |TAMS 0x000000079f200000, 0x000000079f200000| Untracked 
|1274|0x000000079f400000, 0x000000079f400000, 0x000000079f600000|  0%| F|  |TAMS 0x000000079f400000, 0x000000079f400000| Untracked 
|1275|0x000000079f600000, 0x000000079f600000, 0x000000079f800000|  0%| F|  |TAMS 0x000000079f600000, 0x000000079f600000| Untracked 
|1276|0x000000079f800000, 0x000000079f800000, 0x000000079fa00000|  0%| F|  |TAMS 0x000000079f800000, 0x000000079f800000| Untracked 
|1277|0x000000079fa00000, 0x000000079fa00000, 0x000000079fc00000|  0%| F|  |TAMS 0x000000079fa00000, 0x000000079fa00000| Untracked 
|1278|0x000000079fc00000, 0x000000079fc00000, 0x000000079fe00000|  0%| F|  |TAMS 0x000000079fc00000, 0x000000079fc00000| Untracked 
|1279|0x000000079fe00000, 0x000000079fe00000, 0x00000007a0000000|  0%| F|  |TAMS 0x000000079fe00000, 0x000000079fe00000| Untracked 
|1280|0x00000007a0000000, 0x00000007a0000000, 0x00000007a0200000|  0%| F|  |TAMS 0x00000007a0000000, 0x00000007a0000000| Untracked 
|1281|0x00000007a0200000, 0x00000007a0200000, 0x00000007a0400000|  0%| F|  |TAMS 0x00000007a0200000, 0x00000007a0200000| Untracked 
|1282|0x00000007a0400000, 0x00000007a0400000, 0x00000007a0600000|  0%| F|  |TAMS 0x00000007a0400000, 0x00000007a0400000| Untracked 
|1283|0x00000007a0600000, 0x00000007a0600000, 0x00000007a0800000|  0%| F|  |TAMS 0x00000007a0600000, 0x00000007a0600000| Untracked 
|1284|0x00000007a0800000, 0x00000007a0800000, 0x00000007a0a00000|  0%| F|  |TAMS 0x00000007a0800000, 0x00000007a0800000| Untracked 
|1285|0x00000007a0a00000, 0x00000007a0a00000, 0x00000007a0c00000|  0%| F|  |TAMS 0x00000007a0a00000, 0x00000007a0a00000| Untracked 
|1286|0x00000007a0c00000, 0x00000007a0c00000, 0x00000007a0e00000|  0%| F|  |TAMS 0x00000007a0c00000, 0x00000007a0c00000| Untracked 
|1287|0x00000007a0e00000, 0x00000007a0e00000, 0x00000007a1000000|  0%| F|  |TAMS 0x00000007a0e00000, 0x00000007a0e00000| Untracked 
|1288|0x00000007a1000000, 0x00000007a1000000, 0x00000007a1200000|  0%| F|  |TAMS 0x00000007a1000000, 0x00000007a1000000| Untracked 
|1289|0x00000007a1200000, 0x00000007a1200000, 0x00000007a1400000|  0%| F|  |TAMS 0x00000007a1200000, 0x00000007a1200000| Untracked 
|1290|0x00000007a1400000, 0x00000007a1400000, 0x00000007a1600000|  0%| F|  |TAMS 0x00000007a1400000, 0x00000007a1400000| Untracked 
|1291|0x00000007a1600000, 0x00000007a1600000, 0x00000007a1800000|  0%| F|  |TAMS 0x00000007a1600000, 0x00000007a1600000| Untracked 
|1292|0x00000007a1800000, 0x00000007a1800000, 0x00000007a1a00000|  0%| F|  |TAMS 0x00000007a1800000, 0x00000007a1800000| Untracked 
|1293|0x00000007a1a00000, 0x00000007a1a00000, 0x00000007a1c00000|  0%| F|  |TAMS 0x00000007a1a00000, 0x00000007a1a00000| Untracked 
|1294|0x00000007a1c00000, 0x00000007a1c00000, 0x00000007a1e00000|  0%| F|  |TAMS 0x00000007a1c00000, 0x00000007a1c00000| Untracked 
|1295|0x00000007a1e00000, 0x00000007a1e00000, 0x00000007a2000000|  0%| F|  |TAMS 0x00000007a1e00000, 0x00000007a1e00000| Untracked 
|1296|0x00000007a2000000, 0x00000007a2000000, 0x00000007a2200000|  0%| F|  |TAMS 0x00000007a2000000, 0x00000007a2000000| Untracked 
|1297|0x00000007a2200000, 0x00000007a2200000, 0x00000007a2400000|  0%| F|  |TAMS 0x00000007a2200000, 0x00000007a2200000| Untracked 
|1298|0x00000007a2400000, 0x00000007a2400000, 0x00000007a2600000|  0%| F|  |TAMS 0x00000007a2400000, 0x00000007a2400000| Untracked 
|1299|0x00000007a2600000, 0x00000007a2600000, 0x00000007a2800000|  0%| F|  |TAMS 0x00000007a2600000, 0x00000007a2600000| Untracked 
|1300|0x00000007a2800000, 0x00000007a2800000, 0x00000007a2a00000|  0%| F|  |TAMS 0x00000007a2800000, 0x00000007a2800000| Untracked 
|1301|0x00000007a2a00000, 0x00000007a2a00000, 0x00000007a2c00000|  0%| F|  |TAMS 0x00000007a2a00000, 0x00000007a2a00000| Untracked 
|1302|0x00000007a2c00000, 0x00000007a2c00000, 0x00000007a2e00000|  0%| F|  |TAMS 0x00000007a2c00000, 0x00000007a2c00000| Untracked 
|1303|0x00000007a2e00000, 0x00000007a2e00000, 0x00000007a3000000|  0%| F|  |TAMS 0x00000007a2e00000, 0x00000007a2e00000| Untracked 
|1304|0x00000007a3000000, 0x00000007a3000000, 0x00000007a3200000|  0%| F|  |TAMS 0x00000007a3000000, 0x00000007a3000000| Untracked 
|1305|0x00000007a3200000, 0x00000007a3200000, 0x00000007a3400000|  0%| F|  |TAMS 0x00000007a3200000, 0x00000007a3200000| Untracked 
|1306|0x00000007a3400000, 0x00000007a3400000, 0x00000007a3600000|  0%| F|  |TAMS 0x00000007a3400000, 0x00000007a3400000| Untracked 
|1307|0x00000007a3600000, 0x00000007a3600000, 0x00000007a3800000|  0%| F|  |TAMS 0x00000007a3600000, 0x00000007a3600000| Untracked 
|1308|0x00000007a3800000, 0x00000007a3800000, 0x00000007a3a00000|  0%| F|  |TAMS 0x00000007a3800000, 0x00000007a3800000| Untracked 
|1309|0x00000007a3a00000, 0x00000007a3a00000, 0x00000007a3c00000|  0%| F|  |TAMS 0x00000007a3a00000, 0x00000007a3a00000| Untracked 
|1310|0x00000007a3c00000, 0x00000007a3c00000, 0x00000007a3e00000|  0%| F|  |TAMS 0x00000007a3c00000, 0x00000007a3c00000| Untracked 
|1311|0x00000007a3e00000, 0x00000007a3e00000, 0x00000007a4000000|  0%| F|  |TAMS 0x00000007a3e00000, 0x00000007a3e00000| Untracked 
|1312|0x00000007a4000000, 0x00000007a4000000, 0x00000007a4200000|  0%| F|  |TAMS 0x00000007a4000000, 0x00000007a4000000| Untracked 
|1313|0x00000007a4200000, 0x00000007a4200000, 0x00000007a4400000|  0%| F|  |TAMS 0x00000007a4200000, 0x00000007a4200000| Untracked 
|1314|0x00000007a4400000, 0x00000007a4400000, 0x00000007a4600000|  0%| F|  |TAMS 0x00000007a4400000, 0x00000007a4400000| Untracked 
|1315|0x00000007a4600000, 0x00000007a4600000, 0x00000007a4800000|  0%| F|  |TAMS 0x00000007a4600000, 0x00000007a4600000| Untracked 
|1316|0x00000007a4800000, 0x00000007a4800000, 0x00000007a4a00000|  0%| F|  |TAMS 0x00000007a4800000, 0x00000007a4800000| Untracked 
|1317|0x00000007a4a00000, 0x00000007a4a00000, 0x00000007a4c00000|  0%| F|  |TAMS 0x00000007a4a00000, 0x00000007a4a00000| Untracked 
|1318|0x00000007a4c00000, 0x00000007a4c00000, 0x00000007a4e00000|  0%| F|  |TAMS 0x00000007a4c00000, 0x00000007a4c00000| Untracked 
|1319|0x00000007a4e00000, 0x00000007a4e00000, 0x00000007a5000000|  0%| F|  |TAMS 0x00000007a4e00000, 0x00000007a4e00000| Untracked 
|1320|0x00000007a5000000, 0x00000007a5000000, 0x00000007a5200000|  0%| F|  |TAMS 0x00000007a5000000, 0x00000007a5000000| Untracked 
|1321|0x00000007a5200000, 0x00000007a5200000, 0x00000007a5400000|  0%| F|  |TAMS 0x00000007a5200000, 0x00000007a5200000| Untracked 
|1322|0x00000007a5400000, 0x00000007a5400000, 0x00000007a5600000|  0%| F|  |TAMS 0x00000007a5400000, 0x00000007a5400000| Untracked 
|1323|0x00000007a5600000, 0x00000007a5600000, 0x00000007a5800000|  0%| F|  |TAMS 0x00000007a5600000, 0x00000007a5600000| Untracked 
|1324|0x00000007a5800000, 0x00000007a5800000, 0x00000007a5a00000|  0%| F|  |TAMS 0x00000007a5800000, 0x00000007a5800000| Untracked 
|1325|0x00000007a5a00000, 0x00000007a5a00000, 0x00000007a5c00000|  0%| F|  |TAMS 0x00000007a5a00000, 0x00000007a5a00000| Untracked 
|1326|0x00000007a5c00000, 0x00000007a5c00000, 0x00000007a5e00000|  0%| F|  |TAMS 0x00000007a5c00000, 0x00000007a5c00000| Untracked 
|1327|0x00000007a5e00000, 0x00000007a5e00000, 0x00000007a6000000|  0%| F|  |TAMS 0x00000007a5e00000, 0x00000007a5e00000| Untracked 
|1328|0x00000007a6000000, 0x00000007a6000000, 0x00000007a6200000|  0%| F|  |TAMS 0x00000007a6000000, 0x00000007a6000000| Untracked 
|1329|0x00000007a6200000, 0x00000007a6200000, 0x00000007a6400000|  0%| F|  |TAMS 0x00000007a6200000, 0x00000007a6200000| Untracked 
|1330|0x00000007a6400000, 0x00000007a6400000, 0x00000007a6600000|  0%| F|  |TAMS 0x00000007a6400000, 0x00000007a6400000| Untracked 
|1331|0x00000007a6600000, 0x00000007a6600000, 0x00000007a6800000|  0%| F|  |TAMS 0x00000007a6600000, 0x00000007a6600000| Untracked 
|1332|0x00000007a6800000, 0x00000007a6800000, 0x00000007a6a00000|  0%| F|  |TAMS 0x00000007a6800000, 0x00000007a6800000| Untracked 
|1333|0x00000007a6a00000, 0x00000007a6a00000, 0x00000007a6c00000|  0%| F|  |TAMS 0x00000007a6a00000, 0x00000007a6a00000| Untracked 
|1334|0x00000007a6c00000, 0x00000007a6c00000, 0x00000007a6e00000|  0%| F|  |TAMS 0x00000007a6c00000, 0x00000007a6c00000| Untracked 
|1335|0x00000007a6e00000, 0x00000007a6e00000, 0x00000007a7000000|  0%| F|  |TAMS 0x00000007a6e00000, 0x00000007a6e00000| Untracked 
|1336|0x00000007a7000000, 0x00000007a7000000, 0x00000007a7200000|  0%| F|  |TAMS 0x00000007a7000000, 0x00000007a7000000| Untracked 
|1337|0x00000007a7200000, 0x00000007a7200000, 0x00000007a7400000|  0%| F|  |TAMS 0x00000007a7200000, 0x00000007a7200000| Untracked 
|1338|0x00000007a7400000, 0x00000007a7400000, 0x00000007a7600000|  0%| F|  |TAMS 0x00000007a7400000, 0x00000007a7400000| Untracked 
|1339|0x00000007a7600000, 0x00000007a7600000, 0x00000007a7800000|  0%| F|  |TAMS 0x00000007a7600000, 0x00000007a7600000| Untracked 
|1340|0x00000007a7800000, 0x00000007a7800000, 0x00000007a7a00000|  0%| F|  |TAMS 0x00000007a7800000, 0x00000007a7800000| Untracked 
|1341|0x00000007a7a00000, 0x00000007a7a00000, 0x00000007a7c00000|  0%| F|  |TAMS 0x00000007a7a00000, 0x00000007a7a00000| Untracked 
|1342|0x00000007a7c00000, 0x00000007a7c00000, 0x00000007a7e00000|  0%| F|  |TAMS 0x00000007a7c00000, 0x00000007a7c00000| Untracked 
|1343|0x00000007a7e00000, 0x00000007a7e00000, 0x00000007a8000000|  0%| F|  |TAMS 0x00000007a7e00000, 0x00000007a7e00000| Untracked 
|1344|0x00000007a8000000, 0x00000007a8000000, 0x00000007a8200000|  0%| F|  |TAMS 0x00000007a8000000, 0x00000007a8000000| Untracked 
|1345|0x00000007a8200000, 0x00000007a8200000, 0x00000007a8400000|  0%| F|  |TAMS 0x00000007a8200000, 0x00000007a8200000| Untracked 
|1346|0x00000007a8400000, 0x00000007a8400000, 0x00000007a8600000|  0%| F|  |TAMS 0x00000007a8400000, 0x00000007a8400000| Untracked 
|1347|0x00000007a8600000, 0x00000007a8600000, 0x00000007a8800000|  0%| F|  |TAMS 0x00000007a8600000, 0x00000007a8600000| Untracked 
|1348|0x00000007a8800000, 0x00000007a8800000, 0x00000007a8a00000|  0%| F|  |TAMS 0x00000007a8800000, 0x00000007a8800000| Untracked 
|1349|0x00000007a8a00000, 0x00000007a8a00000, 0x00000007a8c00000|  0%| F|  |TAMS 0x00000007a8a00000, 0x00000007a8a00000| Untracked 
|1350|0x00000007a8c00000, 0x00000007a8c00000, 0x00000007a8e00000|  0%| F|  |TAMS 0x00000007a8c00000, 0x00000007a8c00000| Untracked 
|1351|0x00000007a8e00000, 0x00000007a8e00000, 0x00000007a9000000|  0%| F|  |TAMS 0x00000007a8e00000, 0x00000007a8e00000| Untracked 
|1352|0x00000007a9000000, 0x00000007a9000000, 0x00000007a9200000|  0%| F|  |TAMS 0x00000007a9000000, 0x00000007a9000000| Untracked 
|1353|0x00000007a9200000, 0x00000007a9200000, 0x00000007a9400000|  0%| F|  |TAMS 0x00000007a9200000, 0x00000007a9200000| Untracked 
|1354|0x00000007a9400000, 0x00000007a9400000, 0x00000007a9600000|  0%| F|  |TAMS 0x00000007a9400000, 0x00000007a9400000| Untracked 
|1355|0x00000007a9600000, 0x00000007a9600000, 0x00000007a9800000|  0%| F|  |TAMS 0x00000007a9600000, 0x00000007a9600000| Untracked 
|1356|0x00000007a9800000, 0x00000007a9800000, 0x00000007a9a00000|  0%| F|  |TAMS 0x00000007a9800000, 0x00000007a9800000| Untracked 
|1357|0x00000007a9a00000, 0x00000007a9a00000, 0x00000007a9c00000|  0%| F|  |TAMS 0x00000007a9a00000, 0x00000007a9a00000| Untracked 

Card table byte_map: [0x000001a36d710000,0x000001a36df10000] _byte_map_base: 0x000001a369f10000

Marking Bits (Prev, Next): (CMBitMap*) 0x000001a357fa11f0, (CMBitMap*) 0x000001a357fa1230
 Prev Bits: [0x000001a36e710000, 0x000001a372710000)
 Next Bits: [0x000001a372710000, 0x000001a376710000)

Polling page: 0x000001a357fe0000

Metaspace:

Usage:
  Non-class:    201.85 MB used.
      Class:     29.36 MB used.
       Both:    231.21 MB used.

Virtual space:
  Non-class space:      256.00 MB reserved,     202.75 MB ( 79%) committed,  4 nodes.
      Class space:        1.00 GB reserved,      30.19 MB (  3%) committed,  1 nodes.
             Both:        1.25 GB reserved,     232.94 MB ( 18%) committed. 

Chunk freelists:
   Non-Class:  4.69 MB
       Class:  1.85 MB
        Both:  6.54 MB

MaxMetaspaceSize: unlimited
CompressedClassSpaceSize: 1.00 GB
Initial GC threshold: 21.00 MB
Current GC threshold: 388.56 MB
CDS: off
MetaspaceReclaimPolicy: balanced
 - commit_granule_bytes: 65536.
 - commit_granule_words: 8192.
 - virtual_space_node_default_size: 8388608.
 - enlarge_chunks_in_place: 1.
 - new_chunks_are_fully_committed: 0.
 - uncommit_free_chunks: 1.
 - use_allocation_guard: 0.
 - handle_deallocations: 1.


Internal statistics:

num_allocs_failed_limit: 24.
num_arena_births: 2938.
num_arena_deaths: 350.
num_vsnodes_births: 5.
num_vsnodes_deaths: 0.
num_space_committed: 3741.
num_space_uncommitted: 16.
num_chunks_returned_to_freelist: 536.
num_chunks_taken_from_freelist: 12531.
num_chunk_merges: 202.
num_chunk_splits: 8475.
num_chunks_enlarged: 5821.
num_inconsistent_stats: 0.

CodeHeap 'non-profiled nmethods': size=119168Kb used=54171Kb max_used=54288Kb free=64996Kb
 bounds [0x000001a364bf0000, 0x000001a368120000, 0x000001a36c050000]
CodeHeap 'profiled nmethods': size=119104Kb used=73284Kb max_used=74121Kb free=45819Kb
 bounds [0x000001a35d050000, 0x000001a3618c0000, 0x000001a3644a0000]
CodeHeap 'non-nmethods': size=7488Kb used=3114Kb max_used=4348Kb free=4373Kb
 bounds [0x000001a3644a0000, 0x000001a3648f0000, 0x000001a364bf0000]
 total_blobs=39620 nmethods=38521 adapters=1007
 compilation: enabled
              stopped_count=0, restarted_count=0
 full_count=0

Compilation events (20 events):
Event: 4699.247 Thread 0x000001a379a32e40 57410       4       com.android.tools.r8.internal.t9::a (25 bytes)
Event: 4699.249 Thread 0x000001a379a32e40 nmethod 57410 0x000001a367f78890 code [0x000001a367f78a40, 0x000001a367f78bb8]
Event: 4699.249 Thread 0x000001a379a32e40 57411       4       com.android.tools.r8.internal.t9::a (22 bytes)
Event: 4699.261 Thread 0x000001a379a32e40 nmethod 57411 0x000001a367a08d10 code [0x000001a367a08f60, 0x000001a367a09b50]
Event: 4699.262 Thread 0x000001a379a32e40 57412       4       com.android.tools.r8.internal.t9::a (271 bytes)
Event: 4699.342 Thread 0x000001a379a32e40 nmethod 57412 0x000001a367a03010 code [0x000001a367a033a0, 0x000001a367a06fb0]
Event: 4699.363 Thread 0x000001a379a32e40 57413       4       com.android.tools.r8.internal.Bv::get (9 bytes)
Event: 4699.364 Thread 0x000001a379a32e40 nmethod 57413 0x000001a367f78410 code [0x000001a367f785a0, 0x000001a367f786d8]
Event: 4699.377 Thread 0x000001a319592210 57414       3       com.android.tools.r8.internal.TQ::b (10 bytes)
Event: 4699.377 Thread 0x000001a379a351d0 57415       3       com.android.tools.r8.dex.code.y2::<init> (7 bytes)
Event: 4699.377 Thread 0x000001a379a351d0 nmethod 57415 0x000001a3604ce790 code [0x000001a3604ce920, 0x000001a3604cea68]
Event: 4699.377 Thread 0x000001a319592210 nmethod 57414 0x000001a360577710 code [0x000001a3605778c0, 0x000001a360577ac8]
Event: 4699.386 Thread 0x000001a379a32e40 57416       4       com.android.tools.r8.internal.Sa::a (19 bytes)
Event: 4699.402 Thread 0x000001a379a32e40 nmethod 57416 0x000001a367fe5210 code [0x000001a367fe5440, 0x000001a367fe6328]
Event: 4699.403 Thread 0x000001a379a32e40 57417       4       com.android.tools.r8.internal.Sf0::a (200 bytes)
Event: 4699.415 Thread 0x000001a379a32e40 nmethod 57417 0x000001a367fe3890 code [0x000001a367fe3ac0, 0x000001a367fe48c8]
Event: 4699.522 Thread 0x000001a379a32e40 57418       4       com.android.tools.r8.internal.G5::a (378 bytes)
Event: 4699.598 Thread 0x000001a379a32e40 nmethod 57418 0x000001a367fddf90 code [0x000001a367fde2c0, 0x000001a367fe1a68]
Event: 4699.599 Thread 0x000001a379a32e40 57419       4       com.android.tools.r8.internal.Vg0::c (43 bytes)
Event: 4699.600 Thread 0x000001a379a32e40 nmethod 57419 0x000001a367a02a90 code [0x000001a367a02c20, 0x000001a367a02df8]

GC Heap History (20 events):
Event: 4688.636 GC heap after
{Heap after GC invocations=94 (full 0):
 garbage-first heap   total 1837056K, used 592884K [0x0000000700000000, 0x0000000800000000)
  region size 2048K, 8 young (16384K), 8 survivors (16384K)
 Metaspace       used 237072K, committed 238720K, reserved 1310720K
  class space    used 30100K, committed 30912K, reserved 1048576K
}
Event: 4696.478 GC heap before
{Heap before GC invocations=95 (full 0):
 garbage-first heap   total 1837056K, used 1438708K [0x0000000700000000, 0x0000000800000000)
  region size 2048K, 396 young (811008K), 8 survivors (16384K)
 Metaspace       used 237132K, committed 238784K, reserved 1310720K
  class space    used 30100K, committed 30912K, reserved 1048576K
}
Event: 4696.505 GC heap after
{Heap after GC invocations=96 (full 0):
 garbage-first heap   total 1837056K, used 664421K [0x0000000700000000, 0x0000000800000000)
  region size 2048K, 47 young (96256K), 47 survivors (96256K)
 Metaspace       used 237132K, committed 238784K, reserved 1310720K
  class space    used 30100K, committed 30912K, reserved 1048576K
}
Event: 4696.507 GC heap before
{Heap before GC invocations=96 (full 0):
 garbage-first heap   total 1837056K, used 666469K [0x0000000700000000, 0x0000000800000000)
  region size 2048K, 48 young (98304K), 47 survivors (96256K)
 Metaspace       used 237132K, committed 238784K, reserved 1310720K
  class space    used 30100K, committed 30912K, reserved 1048576K
}
Event: 4696.543 GC heap after
{Heap after GC invocations=97 (full 0):
 garbage-first heap   total 1837056K, used 603303K [0x0000000700000000, 0x0000000800000000)
  region size 2048K, 6 young (12288K), 6 survivors (12288K)
 Metaspace       used 237132K, committed 238784K, reserved 1310720K
  class space    used 30100K, committed 30912K, reserved 1048576K
}
Event: 4696.773 GC heap before
{Heap before GC invocations=97 (full 0):
 garbage-first heap   total 1837056K, used 1379495K [0x0000000700000000, 0x0000000800000000)
  region size 2048K, 385 young (788480K), 6 survivors (12288K)
 Metaspace       used 237132K, committed 238784K, reserved 1310720K
  class space    used 30100K, committed 30912K, reserved 1048576K
}
Event: 4696.815 GC heap after
{Heap after GC invocations=98 (full 0):
 garbage-first heap   total 1837056K, used 687562K [0x0000000700000000, 0x0000000800000000)
  region size 2048K, 47 young (96256K), 47 survivors (96256K)
 Metaspace       used 237132K, committed 238784K, reserved 1310720K
  class space    used 30100K, committed 30912K, reserved 1048576K
}
Event: 4697.154 GC heap before
{Heap before GC invocations=98 (full 0):
 garbage-first heap   total 1837056K, used 1408458K [0x0000000700000000, 0x0000000800000000)
  region size 2048K, 399 young (817152K), 47 survivors (96256K)
 Metaspace       used 237133K, committed 238784K, reserved 1310720K
  class space    used 30100K, committed 30912K, reserved 1048576K
}
Event: 4697.200 GC heap after
{Heap after GC invocations=99 (full 0):
 garbage-first heap   total 2781184K, used 718497K [0x0000000700000000, 0x0000000800000000)
  region size 2048K, 17 young (34816K), 17 survivors (34816K)
 Metaspace       used 237133K, committed 238784K, reserved 1310720K
  class space    used 30100K, committed 30912K, reserved 1048576K
}
Event: 4697.702 GC heap before
{Heap before GC invocations=100 (full 0):
 garbage-first heap   total 2738176K, used 2000545K [0x0000000700000000, 0x0000000800000000)
  region size 2048K, 651 young (1333248K), 17 survivors (34816K)
 Metaspace       used 236752K, committed 238528K, reserved 1310720K
  class space    used 30062K, committed 30912K, reserved 1048576K
}
Event: 4697.725 GC heap after
{Heap after GC invocations=101 (full 0):
 garbage-first heap   total 2738176K, used 715600K [0x0000000700000000, 0x0000000800000000)
  region size 2048K, 24 young (49152K), 24 survivors (49152K)
 Metaspace       used 236752K, committed 238528K, reserved 1310720K
  class space    used 30062K, committed 30912K, reserved 1048576K
}
Event: 4697.749 GC heap before
{Heap before GC invocations=101 (full 0):
 garbage-first heap   total 2738176K, used 799568K [0x0000000700000000, 0x0000000800000000)
  region size 2048K, 66 young (135168K), 24 survivors (49152K)
 Metaspace       used 236752K, committed 238528K, reserved 1310720K
  class space    used 30062K, committed 30912K, reserved 1048576K
}
Event: 4697.765 GC heap after
{Heap after GC invocations=102 (full 0):
 garbage-first heap   total 2738176K, used 683417K [0x0000000700000000, 0x0000000800000000)
  region size 2048K, 5 young (10240K), 5 survivors (10240K)
 Metaspace       used 236752K, committed 238528K, reserved 1310720K
  class space    used 30062K, committed 30912K, reserved 1048576K
}
Event: 4698.144 GC heap before
{Heap before GC invocations=102 (full 0):
 garbage-first heap   total 2738176K, used 2067865K [0x0000000700000000, 0x0000000800000000)
  region size 2048K, 681 young (1394688K), 5 survivors (10240K)
 Metaspace       used 236754K, committed 238528K, reserved 1310720K
  class space    used 30062K, committed 30912K, reserved 1048576K
}
Event: 4698.153 GC heap after
{Heap after GC invocations=103 (full 0):
 garbage-first heap   total 2738176K, used 684983K [0x0000000700000000, 0x0000000800000000)
  region size 2048K, 6 young (12288K), 6 survivors (12288K)
 Metaspace       used 236754K, committed 238528K, reserved 1310720K
  class space    used 30062K, committed 30912K, reserved 1048576K
}
Event: 4698.765 GC heap before
{Heap before GC invocations=104 (full 0):
 garbage-first heap   total 2738176K, used 2188215K [0x0000000700000000, 0x0000000800000000)
  region size 2048K, 741 young (1517568K), 6 survivors (12288K)
 Metaspace       used 236757K, committed 238528K, reserved 1310720K
  class space    used 30062K, committed 30912K, reserved 1048576K
}
Event: 4698.776 GC heap after
{Heap after GC invocations=105 (full 0):
 garbage-first heap   total 2738176K, used 690886K [0x0000000700000000, 0x0000000800000000)
  region size 2048K, 9 young (18432K), 9 survivors (18432K)
 Metaspace       used 236757K, committed 238528K, reserved 1310720K
  class space    used 30062K, committed 30912K, reserved 1048576K
}
Event: 4698.825 GC heap before
{Heap before GC invocations=105 (full 0):
 garbage-first heap   total 2738176K, used 807622K [0x0000000700000000, 0x0000000800000000)
  region size 2048K, 68 young (139264K), 9 survivors (18432K)
 Metaspace       used 236757K, committed 238528K, reserved 1310720K
  class space    used 30062K, committed 30912K, reserved 1048576K
}
Event: 4698.841 GC heap after
{Heap after GC invocations=106 (full 0):
 garbage-first heap   total 2738176K, used 665962K [0x0000000700000000, 0x0000000800000000)
  region size 2048K, 4 young (8192K), 4 survivors (8192K)
 Metaspace       used 236757K, committed 238528K, reserved 1310720K
  class space    used 30062K, committed 30912K, reserved 1048576K
}
Event: 4699.635 GC heap before
{Heap before GC invocations=106 (full 0):
 garbage-first heap   total 2738176K, used 2240874K [0x0000000700000000, 0x0000000800000000)
  region size 2048K, 774 young (1585152K), 4 survivors (8192K)
 Metaspace       used 236758K, committed 238528K, reserved 1310720K
  class space    used 30062K, committed 30912K, reserved 1048576K
}

Dll operation events (4 events):
Event: 0.008 Loaded shared library C:\Users\thedn\.jdks\jbr-17.0.9\bin\java.dll
Event: 0.033 Loaded shared library C:\Users\thedn\.jdks\jbr-17.0.9\bin\jsvml.dll
Event: 0.124 Loaded shared library C:\Users\thedn\.jdks\jbr-17.0.9\bin\zip.dll
Event: 1.294 Loaded shared library C:\Users\thedn\.jdks\jbr-17.0.9\bin\verify.dll

Deoptimization events (20 events):
Event: 4696.506 Thread 0x000001a379a13030 DEOPT PACKING pc=0x000001a35de4c2c5 sp=0x0000007256fff600
Event: 4696.506 Thread 0x000001a379a13030 DEOPT UNPACKING pc=0x000001a3644f7143 sp=0x0000007256ffeaa0 mode 0
Event: 4696.903 Thread 0x000001a310f88400 Uncommon trap: trap_request=0xffffffcc fr.pc=0x000001a367fc3538 relative=0x0000000000000118
Event: 4696.903 Thread 0x000001a310f88400 Uncommon trap: reason=intrinsic_or_type_checked_inlining action=make_not_entrant pc=0x000001a367fc3538 method=com.android.tools.r8.internal.q60.a(I[Ljava/lang/Object;)I @ 13 c2
Event: 4696.903 Thread 0x000001a310f88400 DEOPT PACKING pc=0x000001a367fc3538 sp=0x00000072644fcc50
Event: 4696.903 Thread 0x000001a310f88400 DEOPT UNPACKING pc=0x000001a3644f69a3 sp=0x00000072644fcbd8 mode 2
Event: 4696.935 Thread 0x000001a310f88400 DEOPT PACKING pc=0x000001a35e3179ce sp=0x00000072644fcd80
Event: 4696.935 Thread 0x000001a310f88400 DEOPT UNPACKING pc=0x000001a3644f7143 sp=0x00000072644fc2a8 mode 0
Event: 4696.966 Thread 0x000001a30434cb20 Uncommon trap: trap_request=0xffffffde fr.pc=0x000001a365e6d5f8 relative=0x0000000000001078
Event: 4696.966 Thread 0x000001a30434cb20 Uncommon trap: reason=class_check action=maybe_recompile pc=0x000001a365e6d5f8 method=com.android.tools.r8.internal.G5.b(Lcom/android/tools/r8/internal/G5;Lcom/android/tools/r8/internal/G5;)V @ 203 c2
Event: 4696.966 Thread 0x000001a30434cb20 DEOPT PACKING pc=0x000001a365e6d5f8 sp=0x00000072623fd080
Event: 4696.966 Thread 0x000001a30434cb20 DEOPT UNPACKING pc=0x000001a3644f69a3 sp=0x00000072623fd070 mode 2
Event: 4697.595 Thread 0x000001a310f88400 Uncommon trap: trap_request=0xffffffde fr.pc=0x000001a365eb9848 relative=0x0000000000001a68
Event: 4697.595 Thread 0x000001a310f88400 Uncommon trap: reason=class_check action=maybe_recompile pc=0x000001a365eb9848 method=com.android.tools.r8.internal.mV.put(Ljava/lang/Object;Ljava/lang/Object;)Ljava/lang/Object; @ 83 c2
Event: 4697.595 Thread 0x000001a310f88400 DEOPT PACKING pc=0x000001a365eb9848 sp=0x00000072644fcdf0
Event: 4697.595 Thread 0x000001a310f88400 DEOPT UNPACKING pc=0x000001a3644f69a3 sp=0x00000072644fcdb8 mode 2
Event: 4697.693 Thread 0x000001a30434cb20 Uncommon trap: trap_request=0xffffff45 fr.pc=0x000001a366e7a92c relative=0x00000000000013cc
Event: 4697.693 Thread 0x000001a30434cb20 Uncommon trap: reason=unstable_if action=reinterpret pc=0x000001a366e7a92c method=com.android.tools.r8.synthesis.I.a(Lcom/android/tools/r8/graph/I2;Lcom/android/tools/r8/synthesis/H;)Z @ 35 c2
Event: 4697.693 Thread 0x000001a30434cb20 DEOPT PACKING pc=0x000001a366e7a92c sp=0x00000072623fcd70
Event: 4697.693 Thread 0x000001a30434cb20 DEOPT UNPACKING pc=0x000001a3644f69a3 sp=0x00000072623fcd38 mode 2

Classes unloaded (20 events):
Event: 4697.266 Thread 0x000001a3799ebfe0 Unloading class 0x0000000801e226f0 'kotlin/UNINITIALIZED_VALUE'
Event: 4697.266 Thread 0x000001a3799ebfe0 Unloading class 0x0000000801e224a0 'kotlin/SynchronizedLazyImpl'
Event: 4697.266 Thread 0x000001a3799ebfe0 Unloading class 0x0000000801e22280 'kotlin/Lazy'
Event: 4697.266 Thread 0x000001a3799ebfe0 Unloading class 0x0000000801e22000 'kotlin/NoWhenBranchMatchedException'
Event: 4697.266 Thread 0x000001a3799ebfe0 Unloading class 0x0000000801e21bf0 'kotlin/LazyKt'
Event: 4697.266 Thread 0x000001a3799ebfe0 Unloading class 0x0000000801e219c8 'kotlin/LazyKt__LazyKt'
Event: 4697.266 Thread 0x000001a3799ebfe0 Unloading class 0x0000000801e217a0 'kotlin/LazyKt__LazyJVMKt'
Event: 4697.266 Thread 0x000001a3799ebfe0 Unloading class 0x0000000801e21538 'androidx/room/compiler/processing/javac/JavacBasicAnnotationProcessor$xEnv$2'
Event: 4697.266 Thread 0x000001a3799ebfe0 Unloading class 0x0000000801e21318 'kotlin/jvm/functions/Function0'
Event: 4697.266 Thread 0x000001a3799ebfe0 Unloading class 0x0000000801e21098 'kotlin/UninitializedPropertyAccessException'
Event: 4697.266 Thread 0x000001a3799ebfe0 Unloading class 0x0000000801e20e10 'kotlin/KotlinNullPointerException'
Event: 4697.266 Thread 0x000001a3799ebfe0 Unloading class 0x0000000801e20be8 'kotlin/jvm/internal/Intrinsics'
Event: 4697.266 Thread 0x000001a3799ebfe0 Unloading class 0x0000000801e20988 'androidx/room/RoomProcessor$1'
Event: 4697.266 Thread 0x000001a3799ebfe0 Unloading class 0x0000000801e20740 'kotlin/jvm/internal/Lambda'
Event: 4697.266 Thread 0x000001a3799ebfe0 Unloading class 0x0000000801e20520 'kotlin/jvm/internal/FunctionBase'
Event: 4697.266 Thread 0x000001a3799ebfe0 Unloading class 0x0000000801e20300 'kotlin/jvm/functions/Function1'
Event: 4697.266 Thread 0x000001a3799ebfe0 Unloading class 0x0000000801e1ed20 'kotlin/Function'
Event: 4697.266 Thread 0x000001a3799ebfe0 Unloading class 0x0000000801e20000 'androidx/room/RoomProcessor'
Event: 4697.266 Thread 0x000001a3799ebfe0 Unloading class 0x0000000801e1ea20 'androidx/room/compiler/processing/javac/JavacBasicAnnotationProcessor'
Event: 4697.266 Thread 0x000001a3799ebfe0 Unloading class 0x0000000801e1e800 'androidx/room/compiler/processing/XBasicAnnotationProcessor'

Classes redefined (0 events):
No events

Internal exceptions (20 events):
Event: 4689.196 Thread 0x000001a3062b5e00 Exception <a 'java/io/FileNotFoundException'{0x0000000774783138}> (0x0000000774783138) 
thrown [s\src\hotspot\share\prims\jni.cpp, line 517]
Event: 4689.196 Thread 0x000001a3062b5e00 Exception <a 'java/io/FileNotFoundException'{0x0000000774784df0}> (0x0000000774784df0) 
thrown [s\src\hotspot\share\prims\jni.cpp, line 517]
Event: 4689.196 Thread 0x000001a3062b5e00 Exception <a 'java/io/FileNotFoundException'{0x0000000774786a80}> (0x0000000774786a80) 
thrown [s\src\hotspot\share\prims\jni.cpp, line 517]
Event: 4689.196 Thread 0x000001a3062b5e00 Exception <a 'java/io/FileNotFoundException'{0x0000000774788700}> (0x0000000774788700) 
thrown [s\src\hotspot\share\prims\jni.cpp, line 517]
Event: 4689.196 Thread 0x000001a3062b5e00 Exception <a 'java/io/FileNotFoundException'{0x000000077478a2e8}> (0x000000077478a2e8) 
thrown [s\src\hotspot\share\prims\jni.cpp, line 517]
Event: 4689.196 Thread 0x000001a3062b5e00 Exception <a 'java/io/FileNotFoundException'{0x000000077478bdb0}> (0x000000077478bdb0) 
thrown [s\src\hotspot\share\prims\jni.cpp, line 517]
Event: 4689.196 Thread 0x000001a3062b5e00 Exception <a 'java/io/FileNotFoundException'{0x000000077478d8e8}> (0x000000077478d8e8) 
thrown [s\src\hotspot\share\prims\jni.cpp, line 517]
Event: 4689.196 Thread 0x000001a3062b5e00 Exception <a 'java/io/FileNotFoundException'{0x000000077478f4a0}> (0x000000077478f4a0) 
thrown [s\src\hotspot\share\prims\jni.cpp, line 517]
Event: 4689.413 Thread 0x000001a3062b5e00 Exception <a 'sun/nio/fs/WindowsException'{0x000000076b9a5020}> (0x000000076b9a5020) 
thrown [s\src\hotspot\share\prims\jni.cpp, line 517]
Event: 4689.414 Thread 0x000001a3062b5e00 Exception <a 'sun/nio/fs/WindowsException'{0x000000076b9a52f0}> (0x000000076b9a52f0) 
thrown [s\src\hotspot\share\prims\jni.cpp, line 517]
Event: 4696.256 Thread 0x000001a3062b5e00 Exception <a 'sun/nio/fs/WindowsException'{0x0000000753a43250}> (0x0000000753a43250) 
thrown [s\src\hotspot\share\prims\jni.cpp, line 517]
Event: 4696.258 Thread 0x000001a3062b5e00 Exception <a 'sun/nio/fs/WindowsException'{0x0000000753a471a8}> (0x0000000753a471a8) 
thrown [s\src\hotspot\share\prims\jni.cpp, line 517]
Event: 4696.258 Thread 0x000001a3062b5e00 Exception <a 'sun/nio/fs/WindowsException'{0x0000000753a47568}> (0x0000000753a47568) 
thrown [s\src\hotspot\share\prims\jni.cpp, line 517]
Event: 4696.258 Thread 0x000001a3062b5e00 Exception <a 'sun/nio/fs/WindowsException'{0x0000000753a47928}> (0x0000000753a47928) 
thrown [s\src\hotspot\share\prims\jni.cpp, line 517]
Event: 4696.258 Thread 0x000001a3062b5e00 Exception <a 'sun/nio/fs/WindowsException'{0x0000000753a47ce8}> (0x0000000753a47ce8) 
thrown [s\src\hotspot\share\prims\jni.cpp, line 517]
Event: 4696.258 Thread 0x000001a3062b5e00 Exception <a 'sun/nio/fs/WindowsException'{0x0000000753a480a8}> (0x0000000753a480a8) 
thrown [s\src\hotspot\share\prims\jni.cpp, line 517]
Event: 4696.258 Thread 0x000001a3062b5e00 Exception <a 'sun/nio/fs/WindowsException'{0x0000000753a48468}> (0x0000000753a48468) 
thrown [s\src\hotspot\share\prims\jni.cpp, line 517]
Event: 4696.258 Thread 0x000001a3062b5e00 Exception <a 'sun/nio/fs/WindowsException'{0x0000000753a48828}> (0x0000000753a48828) 
thrown [s\src\hotspot\share\prims\jni.cpp, line 517]
Event: 4696.258 Thread 0x000001a3062b5e00 Exception <a 'sun/nio/fs/WindowsException'{0x0000000753a48be8}> (0x0000000753a48be8) 
thrown [s\src\hotspot\share\prims\jni.cpp, line 517]
Event: 4696.258 Thread 0x000001a3062b5e00 Exception <a 'sun/nio/fs/WindowsException'{0x0000000753a48fa8}> (0x0000000753a48fa8) 
thrown [s\src\hotspot\share\prims\jni.cpp, line 517]

VM Operations (20 events):
Event: 4697.501 Executing VM operation: G1PauseCleanup done
Event: 4697.526 Executing VM operation: HandshakeAllThreads
Event: 4697.526 Executing VM operation: HandshakeAllThreads done
Event: 4697.702 Executing VM operation: G1CollectForAllocation
Event: 4697.726 Executing VM operation: G1CollectForAllocation done
Event: 4697.749 Executing VM operation: G1CollectForAllocation
Event: 4697.765 Executing VM operation: G1CollectForAllocation done
Event: 4698.144 Executing VM operation: G1CollectForAllocation
Event: 4698.153 Executing VM operation: G1CollectForAllocation done
Event: 4698.462 Executing VM operation: G1PauseRemark
Event: 4698.477 Executing VM operation: G1PauseRemark done
Event: 4698.637 Executing VM operation: G1PauseCleanup
Event: 4698.638 Executing VM operation: G1PauseCleanup done
Event: 4698.765 Executing VM operation: G1CollectForAllocation
Event: 4698.776 Executing VM operation: G1CollectForAllocation done
Event: 4698.823 Executing VM operation: G1CollectForAllocation
Event: 4698.823 Executing VM operation: G1CollectForAllocation done
Event: 4698.825 Executing VM operation: G1CollectForAllocation
Event: 4698.841 Executing VM operation: G1CollectForAllocation done
Event: 4699.635 Executing VM operation: G1CollectForAllocation

Events (20 events):
Event: 4697.587 Thread 0x000001a379a7dab0 flushing nmethod 0x000001a360570990
Event: 4697.587 Thread 0x000001a379a7dab0 flushing nmethod 0x000001a360570d90
Event: 4697.587 Thread 0x000001a379a7dab0 flushing nmethod 0x000001a360575610
Event: 4697.587 Thread 0x000001a379a7dab0 flushing nmethod 0x000001a360577210
Event: 4697.589 Thread 0x000001a379a7dab0 flushing nmethod 0x000001a3606f6f90
Event: 4697.592 Thread 0x000001a379a7dab0 flushing nmethod 0x000001a360d34490
Event: 4697.596 Thread 0x000001a379a7dab0 flushing nmethod 0x000001a3613dfe90
Event: 4697.599 Thread 0x000001a379a7dab0 flushing nmethod 0x000001a36179d810
Event: 4697.599 Thread 0x000001a379a7dab0 flushing nmethod 0x000001a36185c510
Event: 4697.599 Thread 0x000001a379a7dab0 flushing nmethod 0x000001a361866710
Event: 4697.599 Thread 0x000001a379a7dab0 flushing nmethod 0x000001a36186d690
Event: 4697.599 Thread 0x000001a379a7dab0 flushing nmethod 0x000001a361872f10
Event: 4697.599 Thread 0x000001a379a7dab0 flushing nmethod 0x000001a36188a790
Event: 4697.599 Thread 0x000001a379a7dab0 flushing nmethod 0x000001a361890010
Event: 4697.599 Thread 0x000001a379a7dab0 flushing nmethod 0x000001a3618a7810
Event: 4697.599 Thread 0x000001a379a7dab0 flushing nmethod 0x000001a3618a8610
Event: 4697.654 Thread 0x000001a37e075c50 Thread exited: 0x000001a37e075c50
Event: 4698.424 Thread 0x000001a30d91dc80 Thread exited: 0x000001a30d91dc80
Event: 4699.363 Thread 0x000001a3195c3130 Thread exited: 0x000001a3195c3130
Event: 4699.377 Thread 0x000001a3195c3bd0 Thread exited: 0x000001a3195c3bd0


Dynamic libraries:
0x00007ff7a76d0000 - 0x00007ff7a76da000 	C:\Users\thedn\.jdks\jbr-17.0.9\bin\java.exe
0x00007ff9131e0000 - 0x00007ff913447000 	C:\WINDOWS\SYSTEM32\ntdll.dll
0x00007ff911ce0000 - 0x00007ff911da9000 	C:\WINDOWS\System32\KERNEL32.DLL
0x00007ff910b60000 - 0x00007ff910f57000 	C:\WINDOWS\System32\KERNELBASE.dll
0x00007ff910a10000 - 0x00007ff910b5b000 	C:\WINDOWS\System32\ucrtbase.dll
0x00007ff8f8690000 - 0x00007ff8f86ab000 	C:\Users\thedn\.jdks\jbr-17.0.9\bin\VCRUNTIME140.dll
0x00007ff8fa930000 - 0x00007ff8fa947000 	C:\Users\thedn\.jdks\jbr-17.0.9\bin\jli.dll
0x00007ff911450000 - 0x00007ff911616000 	C:\WINDOWS\System32\USER32.dll
0x00007ff8f91a0000 - 0x00007ff8f9432000 	C:\WINDOWS\WinSxS\amd64_microsoft.windows.common-controls_6595b64144ccf1df_6.0.26100.8328_none_3e08182ce334b678\COMCTL32.dll
0x00007ff910950000 - 0x00007ff910977000 	C:\WINDOWS\System32\win32u.dll
0x00007ff912bb0000 - 0x00007ff912c59000 	C:\WINDOWS\System32\msvcrt.dll
0x00007ff911db0000 - 0x00007ff911ddb000 	C:\WINDOWS\System32\GDI32.dll
0x00007ff90fcd0000 - 0x00007ff90fdfc000 	C:\WINDOWS\System32\gdi32full.dll
0x00007ff90fe00000 - 0x00007ff90fea3000 	C:\WINDOWS\System32\msvcp_win.dll
0x00007ff913120000 - 0x00007ff913152000 	C:\WINDOWS\System32\IMM32.DLL
0x00007ff8ff030000 - 0x00007ff8ff03c000 	C:\Users\thedn\.jdks\jbr-17.0.9\bin\vcruntime140_1.dll
0x00007ff8f8600000 - 0x00007ff8f868d000 	C:\Users\thedn\.jdks\jbr-17.0.9\bin\msvcp140.dll
0x00007ff88e390000 - 0x00007ff88f013000 	C:\Users\thedn\.jdks\jbr-17.0.9\bin\server\jvm.dll
0x00007ff912050000 - 0x00007ff912106000 	C:\WINDOWS\System32\ADVAPI32.dll
0x00007ff912b00000 - 0x00007ff912ba7000 	C:\WINDOWS\System32\sechost.dll
0x00007ff911b00000 - 0x00007ff911c18000 	C:\WINDOWS\System32\RPCRT4.dll
0x00007ff8f1220000 - 0x00007ff8f122a000 	C:\WINDOWS\SYSTEM32\WSOCK32.dll
0x00007ff905290000 - 0x00007ff9052c6000 	C:\WINDOWS\SYSTEM32\WINMM.dll
0x00007ff90fa90000 - 0x00007ff90faee000 	C:\WINDOWS\SYSTEM32\POWRPROF.dll
0x00007ff912e00000 - 0x00007ff912e80000 	C:\WINDOWS\System32\WS2_32.dll
0x00007ff9098b0000 - 0x00007ff9098bb000 	C:\WINDOWS\SYSTEM32\VERSION.dll
0x00007ff90fa70000 - 0x00007ff90fa84000 	C:\WINDOWS\SYSTEM32\UMPDC.dll
0x00007ff90e960000 - 0x00007ff90e97b000 	C:\WINDOWS\SYSTEM32\kernel.appcore.dll
0x00007ff8f85f0000 - 0x00007ff8f85fa000 	C:\Users\thedn\.jdks\jbr-17.0.9\bin\jimage.dll
0x00007ff906e20000 - 0x00007ff907062000 	C:\WINDOWS\SYSTEM32\DBGHELP.DLL
0x00007ff910f60000 - 0x00007ff9112e3000 	C:\WINDOWS\System32\combase.dll
0x00007ff9129a0000 - 0x00007ff912a79000 	C:\WINDOWS\System32\OLEAUT32.dll
0x00007ff8fa8b0000 - 0x00007ff8fa8eb000 	C:\WINDOWS\SYSTEM32\dbgcore.DLL
0x00007ff90feb0000 - 0x00007ff90ff58000 	C:\WINDOWS\System32\bcryptPrimitives.dll
0x00007ff90d2d0000 - 0x00007ff90d2de000 	C:\Users\thedn\.jdks\jbr-17.0.9\bin\instrument.dll
0x00007ff8f85b0000 - 0x00007ff8f85d5000 	C:\Users\thedn\.jdks\jbr-17.0.9\bin\java.dll
0x00007ff8f8590000 - 0x00007ff8f85a8000 	C:\Users\thedn\.jdks\jbr-17.0.9\bin\zip.dll
0x00007ff8e9f10000 - 0x00007ff8e9fe7000 	C:\Users\thedn\.jdks\jbr-17.0.9\bin\jsvml.dll
0x00007ff912220000 - 0x00007ff91298e000 	C:\WINDOWS\System32\SHELL32.dll
0x00007ff9100e0000 - 0x00007ff91094c000 	C:\WINDOWS\System32\windows.storage.dll
0x00007ff912e90000 - 0x00007ff912f86000 	C:\WINDOWS\System32\SHCORE.dll
0x00007ff9130b0000 - 0x00007ff913116000 	C:\WINDOWS\System32\shlwapi.dll
0x00007ff90fb30000 - 0x00007ff90fb59000 	C:\WINDOWS\SYSTEM32\profapi.dll
0x00007ff8f3020000 - 0x00007ff8f3039000 	C:\Users\thedn\.jdks\jbr-17.0.9\bin\net.dll
0x00007ff90a000000 - 0x00007ff90a129000 	C:\WINDOWS\SYSTEM32\WINHTTP.dll
0x00007ff90eeb0000 - 0x00007ff90ef1c000 	C:\WINDOWS\system32\mswsock.dll
0x00007ff8f1890000 - 0x00007ff8f18a6000 	C:\Users\thedn\.jdks\jbr-17.0.9\bin\nio.dll
0x00007ff8f24b0000 - 0x00007ff8f24c0000 	C:\Users\thedn\.jdks\jbr-17.0.9\bin\verify.dll
0x00007ff8eff70000 - 0x00007ff8eff97000 	D:\AndroidGradle\.gradle\native\c067742578af261105cb4f569cf0c3c89f3d7b1fecec35dd04571415982c5e48\windows-amd64\native-platform.dll
0x00007ff8e6120000 - 0x00007ff8e6264000 	D:\AndroidGradle\.gradle\native\38dada09dfb8b06ba9b0570ebf7e218e3eb74d4ef43ca46872605cf95ebc2f47\windows-amd64\native-platform-file-events.dll
0x00007ff8f2470000 - 0x00007ff8f2479000 	C:\Users\thedn\.jdks\jbr-17.0.9\bin\management.dll
0x00007ff8f2400000 - 0x00007ff8f240b000 	C:\Users\thedn\.jdks\jbr-17.0.9\bin\management_ext.dll
0x00007ff912210000 - 0x00007ff912218000 	C:\WINDOWS\System32\PSAPI.DLL
0x00007ff90f2b0000 - 0x00007ff90f2cb000 	C:\WINDOWS\SYSTEM32\CRYPTSP.dll
0x00007ff90e8c0000 - 0x00007ff90e8f9000 	C:\WINDOWS\system32\rsaenh.dll
0x00007ff90ef60000 - 0x00007ff90ef93000 	C:\WINDOWS\SYSTEM32\USERENV.dll
0x00007ff90fb00000 - 0x00007ff90fb2a000 	C:\WINDOWS\SYSTEM32\bcrypt.dll
0x00007ff90f110000 - 0x00007ff90f11c000 	C:\WINDOWS\SYSTEM32\CRYPTBASE.dll
0x00007ff90e350000 - 0x00007ff90e382000 	C:\WINDOWS\SYSTEM32\IPHLPAPI.DLL
0x00007ff912fb0000 - 0x00007ff912fba000 	C:\WINDOWS\System32\NSI.dll
0x00007ff90a2d0000 - 0x00007ff90a2ed000 	C:\WINDOWS\SYSTEM32\dhcpcsvc6.DLL
0x00007ff90a240000 - 0x00007ff90a265000 	C:\WINDOWS\SYSTEM32\dhcpcsvc.DLL
0x00007ff90e390000 - 0x00007ff90e4c2000 	C:\WINDOWS\SYSTEM32\DNSAPI.dll
0x00007ff8f8b90000 - 0x00007ff8f8b9e000 	C:\Users\thedn\.jdks\jbr-17.0.9\bin\sunmscapi.dll
0x00007ff90ff60000 - 0x00007ff9100d8000 	C:\WINDOWS\System32\CRYPT32.dll
0x00007ff90f410000 - 0x00007ff90f440000 	C:\WINDOWS\SYSTEM32\ncrypt.dll
0x00007ff90f3c0000 - 0x00007ff90f3ff000 	C:\WINDOWS\SYSTEM32\NTASN1.dll
0x00007ff8f1ef0000 - 0x00007ff8f1ef8000 	C:\WINDOWS\system32\wshunix.dll
0x00007ff8b8230000 - 0x00007ff8b8248000 	C:\WINDOWS\system32\napinsp.dll
0x00007ff8b8210000 - 0x00007ff8b8223000 	C:\WINDOWS\System32\winrnr.dll
0x00007ff8e7820000 - 0x00007ff8e7842000 	C:\WINDOWS\system32\nlansp_c.dll
0x00007ff9091b0000 - 0x00007ff9091c6000 	C:\WINDOWS\system32\wshbth.dll
0x00007ff909b10000 - 0x00007ff909b1b000 	C:\Windows\System32\rasadhlp.dll
0x00007ff90a520000 - 0x00007ff90a5a6000 	C:\WINDOWS\System32\fwpuclnt.dll
0x00007ff8f8b70000 - 0x00007ff8f8b77000 	C:\Users\thedn\.jdks\jbr-17.0.9\bin\rmi.dll
0x00007ff90ea80000 - 0x00007ff90eab6000 	C:\WINDOWS\SYSTEM32\ntmarta.dll

dbghelp: loaded successfully - version: 4.0.5 - missing functions: none
symbol engine: initialized successfully - sym options: 0x614 - pdb path: .;C:\Users\thedn\.jdks\jbr-17.0.9\bin;C:\WINDOWS\SYSTEM32;C:\WINDOWS\WinSxS\amd64_microsoft.windows.common-controls_6595b64144ccf1df_6.0.26100.8328_none_3e08182ce334b678;C:\Users\thedn\.jdks\jbr-17.0.9\bin\server;D:\AndroidGradle\.gradle\native\c067742578af261105cb4f569cf0c3c89f3d7b1fecec35dd04571415982c5e48\windows-amd64;D:\AndroidGradle\.gradle\native\38dada09dfb8b06ba9b0570ebf7e218e3eb74d4ef43ca46872605cf95ebc2f47\windows-amd64

VM Arguments:
jvm_args: --add-opens=java.base/java.util=ALL-UNNAMED --add-opens=java.base/java.lang=ALL-UNNAMED --add-opens=java.base/java.lang.invoke=ALL-UNNAMED --add-opens=java.prefs/java.util.prefs=ALL-UNNAMED --add-opens=java.base/java.nio.charset=ALL-UNNAMED --add-opens=java.base/java.net=ALL-UNNAMED --add-opens=java.base/java.util.concurrent.atomic=ALL-UNNAMED -Xms1024m -Xmx4096m -Dfile.encoding=UTF-8 -Duser.country=RU -Duser.language=ru -Duser.variant -javaagent:D:\AndroidGradle\.gradle\wrapper\dists\gradle-8.7-bin\bhs2wmbdwecv87pi65oeuq5iu\gradle-8.7\lib\agents\gradle-instrumentation-agent-8.7.jar 
java_command: org.gradle.launcher.daemon.bootstrap.GradleDaemon 8.7
java_class_path (initial): D:\AndroidGradle\.gradle\wrapper\dists\gradle-8.7-bin\bhs2wmbdwecv87pi65oeuq5iu\gradle-8.7\lib\gradle-launcher-8.7.jar
Launcher Type: SUN_STANDARD

[Global flags]
     intx CICompilerCount                          = 12                                        {product} {ergonomic}
     uint ConcGCThreads                            = 3                                         {product} {ergonomic}
     uint G1ConcRefinementThreads                  = 13                                        {product} {ergonomic}
   size_t G1HeapRegionSize                         = 2097152                                   {product} {ergonomic}
    uintx GCDrainStackTargetSize                   = 64                                        {product} {ergonomic}
   size_t InitialHeapSize                          = 1073741824                                {product} {command line}
   size_t MarkStackSize                            = 4194304                                   {product} {ergonomic}
   size_t MaxHeapSize                              = 4294967296                                {product} {command line}
   size_t MaxNewSize                               = 2575302656                                {product} {ergonomic}
   size_t MinHeapDeltaBytes                        = 2097152                                   {product} {ergonomic}
   size_t MinHeapSize                              = 1073741824                                {product} {command line}
    uintx NonNMethodCodeHeapSize                   = 7602480                                {pd product} {ergonomic}
    uintx NonProfiledCodeHeapSize                  = 122027880                              {pd product} {ergonomic}
    uintx ProfiledCodeHeapSize                     = 122027880                              {pd product} {ergonomic}
    uintx ReservedCodeCacheSize                    = 251658240                              {pd product} {ergonomic}
     bool SegmentedCodeCache                       = true                                      {product} {ergonomic}
   size_t SoftMaxHeapSize                          = 4294967296                             {manageable} {ergonomic}
     bool UseCompressedClassPointers               = true                           {product lp64_product} {ergonomic}
     bool UseCompressedOops                        = true                           {product lp64_product} {ergonomic}
     bool UseG1GC                                  = true                                      {product} {ergonomic}
     bool UseLargePagesIndividualAllocation        = false                                  {pd product} {ergonomic}

Logging:
Log output configuration:
 #0: stdout all=warning uptime,level,tags
 #1: stderr all=off uptime,level,tags

Environment Variables:
JAVA_HOME=C:\Program Files\Java\jdk-11.0.14
PATH=C:\Program Files\Common Files\Oracle\Java\javapath;C:\Program Files (x86)\Common Files\Oracle\Java\java8path;C:\Program Files (x86)\Common Files\Oracle\Java\javapath;C:\Windows\System32;C:\Windows;C:\Windows\System32\wbem;C:\Windows\System32\WindowsPowerShell\v1.0\;C:\Windows\System32\OpenSSH\;C:\Program Files (x86)\NVIDIA Corporation\PhysX\Common;C:\Users\thedn\AppData\Local\Android\Sdk\platform-tools;C:\Program Files (x86)\Java\jdk1.8.0_321\bin;C:\Program Files\Java\jdk-11.0.14\bin;C:\Program Files\Git\cmd;C:\Program Files (x86)\GnuPG\bin;C:\Program Files\NVIDIA Corporation\NVIDIA NvDLISR;C:\Program Files\Calibre2\;C:\Program Files\nodejs\;C:\Program Files\dotnet\;C:\WINDOWS\system32;C:\WINDOWS;C:\WINDOWS\System32\Wbem;C:\WINDOWS\System32\WindowsPowerShell\v1.0\;C:\WINDOWS\System32\OpenSSH\;C:\Users\thedn\AppData\Local\pnpm;C:\Users\thedn\AppData\Local\Microsoft\WindowsApps;;C:\Users\thedn\AppData\Local\Pandoc\;D:\Program Files\IntelliJ IDEA Community Edition 2023.3.5\bin;;C:\Users\thedn\AppData\Roaming\npm;D:\Program Files\Microsoft VS Code\bin
USERNAME=thedn
OS=Windows_NT
PROCESSOR_IDENTIFIER=AMD64 Family 25 Model 80 Stepping 0, AuthenticAMD
TMP=C:\Users\thedn\AppData\Local\Temp
TEMP=C:\Users\thedn\AppData\Local\Temp



Periodic native trim disabled

JNI global refs:
JNI global refs: 37, weak refs: 0

JNI global refs memory usage: 843, weak refs: 905

OOME stack traces (most recent first):
Classloader memory used:
Loader org.gradle.internal.classloader.VisitableURLClassLoader$InstrumentingVisitableURLClassLoader: 8321K
Loader java.net.URLClassLoader                                                         : 8000K
Loader org.gradle.internal.classloader.VisitableURLClassLoader                         : 5525K
Loader bootstrap                                                                       : 4081K
Loader org.gradle.initialization.MixInLegacyTypesClassLoader                           : 1556K
Loader jdk.internal.loader.ClassLoaders$AppClassLoader                                 : 1542K
Loader jdk.internal.reflect.DelegatingClassLoader                                      : 338K
Loader jdk.internal.loader.ClassLoaders$PlatformClassLoader                            : 158K
Loader org.gradle.groovy.scripts.internal.DefaultScriptCompilationHandler$ScriptClassLoader: 54613B
Loader org.codehaus.groovy.runtime.callsite.CallSiteClassLoader                        : 8670B
Loader org.gradle.internal.classloader.VisitableURLClassLoader                         : 7122B
Loader sun.reflect.misc.MethodUtil                                                     : 373B

Classes loaded by more than one classloader:
Class com.google.common.collect.ImmutableSet$SetBuilderImpl                           : loaded 7 times (x 74B)
Class kotlin.text.StringsKt___StringsJvmKt                                            : loaded 7 times (x 69B)
Class com.google.common.collect.RegularImmutableMap$BucketOverflowException           : loaded 7 times (x 80B)
Class com.google.common.collect.AbstractMapBasedMultimap                              : loaded 7 times (x 137B)
Class com.google.common.collect.ImmutableMapEntry$NonTerminalImmutableMapEntry        : loaded 7 times (x 83B)
Class com.google.common.collect.Iterators$4                                           : loaded 7 times (x 80B)
Class com.google.common.collect.Iterators$5                                           : loaded 7 times (x 80B)
Class kotlin.ranges.OpenEndRange                                                      : loaded 7 times (x 68B)
Class com.google.common.base.Joiner                                                   : loaded 7 times (x 77B)
Class com.google.common.base.Preconditions                                            : loaded 7 times (x 69B)
Class com.google.common.base.Function                                                 : loaded 7 times (x 68B)
Class com.google.common.collect.Iterators$9                                           : loaded 7 times (x 79B)
Class com.google.common.collect.Iterators$MergingIterator                             : loaded 7 times (x 79B)
Class com.google.common.base.CharMatcher$Whitespace                                   : loaded 7 times (x 110B)
Class kotlin.jvm.internal.Intrinsics                                                  : loaded 7 times (x 69B)
Class com.google.common.collect.RegularImmutableMap$KeySet                            : loaded 7 times (x 148B)
Class kotlin.collections.AbstractList                                                 : loaded 7 times (x 157B)
Class kotlin.collections.AbstractCollection                                           : loaded 7 times (x 115B)
Class com.google.common.collect.CollectPreconditions                                  : loaded 7 times (x 69B)
Class com.google.common.primitives.IntsMethodsForWeb                                  : loaded 7 times (x 69B)
Class kotlin.collections.ArraysKt__ArraysJVMKt                                        : loaded 7 times (x 69B)
Class kotlin.sequences.SequencesKt                                                    : loaded 7 times (x 69B)
Class com.google.common.collect.ImmutableSet$CachingAsList                            : loaded 7 times (x 145B)
Class com.google.common.collect.ImmutableList                                         : loaded 7 times (x 166B)
Class kotlin.collections.EmptyIterator                                                : loaded 7 times (x 87B)
Class com.google.common.collect.Maps                                                  : loaded 7 times (x 69B)
Class com.google.common.collect.Multiset                                              : loaded 7 times (x 68B)
Class com.google.common.base.CharMatcher$JavaUpperCase                                : loaded 7 times (x 109B)
Class com.google.common.collect.RegularImmutableMap                                   : loaded 7 times (x 119B)
Class com.google.common.collect.Iterators$10                                          : loaded 7 times (x 79B)
Class kotlin.jvm.internal.FunctionReference                                           : loaded 7 times (x 120B)
Class com.google.common.collect.AbstractIndexedListIterator                           : loaded 7 times (x 94B)
Class com.google.common.collect.ObjectArrays                                          : loaded 7 times (x 69B)
Class com.google.common.base.CharMatcher$None                                         : loaded 7 times (x 110B)
Class com.google.common.collect.RegularImmutableList                                  : loaded 7 times (x 172B)
Class kotlin.ranges.IntRange$Companion                                                : loaded 7 times (x 69B)
Class com.google.common.collect.UnmodifiableListIterator                              : loaded 7 times (x 93B)
Class com.google.common.collect.ImmutableList$1                                       : loaded 7 times (x 95B)
Class com.google.common.collect.ImmutableMapEntrySet$RegularEntrySet                  : loaded 7 times (x 149B)
Class [Lcom.google.common.collect.ImmutableMapEntry;                                  : loaded 7 times (x 67B)
Class kotlin.collections.EmptyList                                                    : loaded 7 times (x 134B)
Class kotlin.Metadata                                                                 : loaded 7 times (x 68B)
Class com.google.common.collect.AbstractIterator$1                                    : loaded 7 times (x 69B)
Class kotlin.collections.SetsKt__SetsKt                                               : loaded 7 times (x 69B)
Class kotlin.ranges.IntRange                                                          : loaded 7 times (x 91B)
Class kotlin.collections.CollectionsKt__MutableCollectionsJVMKt                       : loaded 7 times (x 69B)
Class kotlin.collections.CollectionsKt__IterablesKt                                   : loaded 7 times (x 69B)
Class com.google.common.base.CharMatcher$IsEither                                     : loaded 7 times (x 109B)
Class kotlin.collections.CollectionsKt__IteratorsJVMKt                                : loaded 7 times (x 69B)
Class com.google.common.collect.ImmutableList$ReverseImmutableList                    : loaded 7 times (x 168B)
Class kotlin.annotation.Target                                                        : loaded 7 times (x 68B)
Class com.google.common.base.CharMatcher$AnyOf                                        : loaded 7 times (x 110B)
Class [Lcom.google.common.collect.AbstractMapEntry;                                   : loaded 7 times (x 67B)
Class kotlin.sequences.SequencesKt__SequencesKt                                       : loaded 7 times (x 69B)
Class kotlin.SynchronizedLazyImpl                                                     : loaded 7 times (x 74B)
Class com.google.common.collect.SingletonImmutableList                                : loaded 7 times (x 167B)
Class com.google.common.collect.ImmutableEnumMap                                      : loaded 7 times (x 123B)
Class kotlin.sequences.SequencesKt__SequencesJVMKt                                    : loaded 7 times (x 69B)
Class com.google.common.collect.ImmutableAsList                                       : loaded 7 times (x 169B)
Class com.google.common.collect.Platform                                              : loaded 7 times (x 69B)
Class kotlin.LazyKt                                                                   : loaded 7 times (x 69B)
Class com.google.common.collect.ImmutableSet$JdkBackedSetBuilderImpl                  : loaded 7 times (x 74B)
Class com.google.common.collect.ImmutableSet$RegularSetBuilderImpl                    : loaded 7 times (x 75B)
Class kotlin.NoWhenBranchMatchedException                                             : loaded 7 times (x 80B)
Class [Lcom.google.common.collect.ImmutableEntry;                                     : loaded 7 times (x 67B)
Class com.google.common.collect.RegularImmutableMap$Values                            : loaded 7 times (x 167B)
Class com.google.common.base.Ascii                                                    : loaded 7 times (x 69B)
Class kotlin.text.StringsKt__StringBuilderKt                                          : loaded 7 times (x 69B)
Class com.google.common.collect.Sets$ImprovedAbstractSet                              : loaded 7 times (x 133B)
Class kotlin.jvm.internal.markers.KMappedMarker                                       : loaded 7 times (x 68B)
Class kotlin.annotation.Retention                                                     : loaded 7 times (x 68B)
Class kotlin.collections.CollectionsKt__CollectionsJVMKt                              : loaded 7 times (x 69B)
Class kotlin.collections.AbstractList$Companion                                       : loaded 7 times (x 69B)
Class kotlin.sequences.SequencesKt___SequencesKt                                      : loaded 7 times (x 69B)
Class kotlin.collections.SetsKt__SetsJVMKt                                            : loaded 7 times (x 69B)
Class com.google.common.collect.TransformedIterator                                   : loaded 7 times (x 78B)
Class kotlin.collections.MapsKt___MapsJvmKt                                           : loaded 7 times (x 69B)
Class com.google.common.collect.ImmutableCollection                                   : loaded 7 times (x 123B)
Class kotlin.enums.EnumEntriesList                                                    : loaded 7 times (x 183B)
Class com.google.common.collect.ForwardingObject                                      : loaded 7 times (x 70B)
Class com.google.common.base.CharMatcher$JavaLetterOrDigit                            : loaded 7 times (x 109B)
Class kotlin.jvm.functions.Function0                                                  : loaded 7 times (x 68B)
Class kotlin.jvm.functions.Function1                                                  : loaded 7 times (x 68B)
Class kotlin.jvm.functions.Function2                                                  : loaded 7 times (x 68B)
Class [Lcom.google.common.collect.AbstractIterator$State;                             : loaded 7 times (x 67B)
Class kotlin.text.StringsKt__StringNumberConversionsKt                                : loaded 7 times (x 69B)
Class kotlin.Pair                                                                     : loaded 7 times (x 70B)
Class kotlin.sequences.SequencesKt__SequenceBuilderKt                                 : loaded 7 times (x 69B)
Class com.google.common.collect.RegularImmutableBiMap                                 : loaded 7 times (x 146B)
Class com.google.common.base.CharMatcher$Is                                           : loaded 7 times (x 109B)
Class com.google.common.collect.Maps$AbstractFilteredMap                              : loaded 7 times (x 125B)
Class com.google.common.collect.RegularImmutableAsList                                : loaded 7 times (x 176B)
Class com.google.common.collect.ImmutableEnumSet                                      : loaded 7 times (x 144B)
Class com.google.common.base.Suppliers$NonSerializableMemoizingSupplier               : loaded 7 times (x 77B)
Class com.google.common.collect.PeekingIterator                                       : loaded 7 times (x 68B)
Class kotlin.ranges.ClosedRange                                                       : loaded 7 times (x 68B)
Class com.google.common.collect.ListMultimap                                          : loaded 7 times (x 68B)
Class kotlin.text.StringsKt___StringsKt                                               : loaded 7 times (x 69B)
Class kotlin.KotlinNullPointerException                                               : loaded 7 times (x 81B)
Class com.google.common.base.CharMatcher$JavaDigit                                    : loaded 7 times (x 109B)
Class com.google.common.collect.ImmutableMapEntrySet                                  : loaded 7 times (x 149B)
Class com.google.common.collect.ImmutableBiMapFauxverideShim                          : loaded 7 times (x 118B)
Class kotlin.reflect.KAnnotatedElement                                                : loaded 7 times (x 68B)
Class com.google.common.collect.Multimap                                              : loaded 7 times (x 68B)
Class kotlin.text.CharsKt                                                             : loaded 7 times (x 69B)
Class kotlin.ranges.RangesKt___RangesKt                                               : loaded 7 times (x 69B)
Class com.google.common.base.CharMatcher$Digit                                        : loaded 7 times (x 110B)
Class kotlin.collections.CollectionsKt___CollectionsKt                                : loaded 7 times (x 69B)
Class kotlin.UNINITIALIZED_VALUE                                                      : loaded 7 times (x 69B)
Class kotlin.collections.CollectionsKt__ReversedViewsKt                               : loaded 7 times (x 69B)
Class com.google.common.collect.AbstractMultimap                                      : loaded 7 times (x 121B)
Class com.google.common.primitives.Ints$IntConverter                                  : loaded 7 times (x 88B)
Class com.google.common.collect.Sets$4                                                : loaded 7 times (x 137B)
Class com.google.common.collect.SingletonImmutableSet                                 : loaded 7 times (x 144B)
Class com.google.common.collect.ImmutableMap$Builder                                  : loaded 7 times (x 80B)
Class kotlin.enums.EnumEntries                                                        : loaded 7 times (x 68B)
Class com.google.common.collect.Hashing                                               : loaded 7 times (x 69B)
Class kotlin.text.StringsKt__RegexExtensionsJVMKt                                     : loaded 7 times (x 69B)
Class kotlin.collections.SetsKt                                                       : loaded 7 times (x 69B)
Class com.google.common.collect.Sets$3                                                : loaded 7 times (x 137B)
Class com.google.common.collect.Sets$2                                                : loaded 7 times (x 137B)
Class kotlin.jvm.internal.FunctionBase                                                : loaded 7 times (x 68B)
Class com.google.common.collect.Sets$1                                                : loaded 7 times (x 137B)
Class com.google.common.base.CharMatcher$SingleWidth                                  : loaded 7 times (x 110B)
Class kotlin.collections.CollectionsKt__MutableCollectionsKt                          : loaded 7 times (x 69B)
Class com.google.common.collect.MapDifference                                         : loaded 7 times (x 68B)
Class kotlin.Function                                                                 : loaded 7 times (x 68B)
Class com.google.common.collect.Iterators                                             : loaded 7 times (x 69B)
Class com.google.common.base.CharMatcher$Ascii                                        : loaded 7 times (x 110B)
Class com.google.common.base.CharMatcher$1                                            : loaded 7 times (x 111B)
Class com.google.common.collect.ImmutableBiMap$Builder                                : loaded 7 times (x 80B)
Class com.google.common.base.CharMatcher$And                                          : loaded 7 times (x 110B)
Class com.google.common.collect.IndexedImmutableSet                                   : loaded 7 times (x 148B)
Class com.google.common.collect.UnmodifiableIterator                                  : loaded 7 times (x 78B)
Class com.google.common.collect.IndexedImmutableSet$1                                 : loaded 7 times (x 172B)
Class kotlin.ranges.RangesKt                                                          : loaded 7 times (x 69B)
Class com.google.common.base.CharMatcher$JavaLetter                                   : loaded 7 times (x 109B)
Class com.google.common.collect.AbstractListMultimap                                  : loaded 7 times (x 170B)
Class com.google.common.base.CharMatcher$Any                                          : loaded 7 times (x 110B)
Class com.google.common.collect.ArrayListMultimapGwtSerializationDependencies         : loaded 7 times (x 170B)
Class com.google.common.base.CharMatcher$FastMatcher                                  : loaded 7 times (x 109B)
Class kotlin.Unit                                                                     : loaded 7 times (x 69B)
Class com.google.common.base.CharMatcher$RangesMatcher                                : loaded 7 times (x 110B)
Class com.google.common.collect.Lists$StringAsImmutableList                           : loaded 7 times (x 167B)
Class com.google.common.collect.ImmutableEntry                                        : loaded 7 times (x 80B)
Class kotlin.LazyKt__LazyKt                                                           : loaded 7 times (x 69B)
Class kotlin.enums.EnumEntriesKt                                                      : loaded 7 times (x 69B)
Class kotlin.jvm.KotlinReflectionNotSupportedError                                    : loaded 7 times (x 80B)
Class com.google.common.base.Joiner$2                                                 : loaded 7 times (x 77B)
Class kotlin.text.StringsKt__StringsJVMKt                                             : loaded 7 times (x 69B)
Class com.google.common.collect.Collections2$FilteredCollection                       : loaded 7 times (x 117B)
Class com.google.common.base.Joiner$1                                                 : loaded 7 times (x 78B)
Class kotlin.collections.CollectionsKt                                                : loaded 7 times (x 69B)
Class com.google.common.collect.ArrayListMultimap                                     : loaded 7 times (x 170B)
Class kotlin.collections.ArraysKt___ArraysJvmKt                                       : loaded 7 times (x 69B)
Class kotlin.reflect.KFunction                                                        : loaded 7 times (x 68B)
Class com.google.common.collect.ImmutableList$SubList                                 : loaded 7 times (x 168B)
Class com.google.common.base.CharMatcher$Invisible                                    : loaded 7 times (x 110B)
Class kotlin.collections.CollectionsKt___CollectionsJvmKt                             : loaded 7 times (x 69B)
Class kotlin.collections.SetsKt___SetsKt                                              : loaded 7 times (x 69B)
Class kotlin.internal.ProgressionUtilKt                                               : loaded 7 times (x 69B)
Class kotlin.text.StringsKt__StringBuilderJVMKt                                       : loaded 7 times (x 69B)
Class kotlin.ranges.RangesKt__RangesKt                                                : loaded 7 times (x 69B)
Class kotlin.text.StringsKt__AppendableKt                                             : loaded 7 times (x 69B)
Class kotlin.NotImplementedError                                                      : loaded 7 times (x 80B)
Class kotlin.collections.CollectionsKt__IteratorsKt                                   : loaded 7 times (x 69B)
Class kotlin.text.StringsKt__RegexExtensionsKt                                        : loaded 7 times (x 69B)
Class com.google.common.collect.Maps$BiMapConverter                                   : loaded 7 times (x 88B)
Class com.google.common.collect.ImmutableMapEntry                                     : loaded 7 times (x 83B)
Class com.google.common.math.MathPreconditions                                        : loaded 7 times (x 69B)
Class com.google.common.collect.AbstractIterator$State                                : loaded 7 times (x 77B)
Class com.google.common.collect.Iterators$1                                           : loaded 7 times (x 79B)
Class kotlin.jvm.internal.CallableReference$NoReceiver                                : loaded 7 times (x 69B)
Class com.google.common.base.CharMatcher$JavaIsoControl                               : loaded 7 times (x 110B)
Class com.google.common.collect.ImmutableMap$1                                        : loaded 7 times (x 79B)
Class com.google.common.base.CharMatcher$Or                                           : loaded 7 times (x 110B)
Class com.google.common.base.CharMatcher                                              : loaded 7 times (x 109B)
Class kotlin.text.StringsKt__StringsKt                                                : loaded 7 times (x 69B)
Class com.google.common.math.IntMath$1                                                : loaded 7 times (x 69B)
Class com.google.common.base.CharMatcher$JavaLowerCase                                : loaded 7 times (x 109B)
Class com.google.common.collect.BiMap                                                 : loaded 7 times (x 68B)
Class com.google.common.collect.Lists                                                 : loaded 7 times (x 69B)
Class kotlin.collections.MapsKt__MapsJVMKt                                            : loaded 7 times (x 69B)
Class com.google.common.collect.Maps$EntryTransformer                                 : loaded 7 times (x 68B)
Class kotlin.sequences.Sequence                                                       : loaded 7 times (x 68B)
Class com.google.common.collect.Sets$SetView                                          : loaded 7 times (x 136B)
Class com.google.common.collect.ImmutableCollection$Builder                           : loaded 7 times (x 74B)
Class com.google.common.base.CharMatcher$IsNot                                        : loaded 7 times (x 109B)
Class com.google.common.base.CharMatcher$NamedFastMatcher                             : loaded 7 times (x 110B)
Class com.google.common.collect.Maps$KeySet                                           : loaded 7 times (x 135B)
Class kotlin.collections.ArraysKt___ArraysKt                                          : loaded 7 times (x 69B)
Class kotlin.text.StringsKt__StringNumberConversionsJVMKt                             : loaded 7 times (x 69B)
Class com.google.common.base.CharMatcher$InRange                                      : loaded 7 times (x 109B)
Class com.google.common.collect.SingletonImmutableBiMap                               : loaded 7 times (x 141B)
Class kotlin.ranges.IntProgression$Companion                                          : loaded 7 times (x 69B)
Class kotlin.TuplesKt                                                                 : loaded 7 times (x 69B)
Class kotlin.text.CharsKt__CharJVMKt                                                  : loaded 7 times (x 69B)
Class com.google.common.base.Suppliers$MemoizingSupplier                              : loaded 7 times (x 77B)
Class com.google.common.collect.Maps$8                                                : loaded 7 times (x 80B)
Class kotlin.UninitializedPropertyAccessException                                     : loaded 7 times (x 80B)
Class com.google.common.base.Suppliers                                                : loaded 7 times (x 69B)
Class kotlin.text.StringsKt__IndentKt                                                 : loaded 7 times (x 69B)
Class com.google.common.collect.SetMultimap                                           : loaded 7 times (x 68B)
Class kotlin.reflect.KCallable                                                        : loaded 7 times (x 68B)
Class kotlin.LazyKt__LazyJVMKt                                                        : loaded 7 times (x 69B)
Class kotlin.collections.MapsKt__MapWithDefaultKt                                     : loaded 7 times (x 69B)
Class kotlin.jvm.internal.Lambda                                                      : loaded 7 times (x 73B)
Class kotlin.collections.MapsKt___MapsKt                                              : loaded 7 times (x 69B)
Class com.google.common.collect.RegularImmutableSet                                   : loaded 7 times (x 146B)
Class kotlin.collections.EmptySet                                                     : loaded 7 times (x 120B)
Class com.google.common.base.CharMatcher$NegatedFastMatcher                           : loaded 7 times (x 111B)
Class kotlin.collections.MapsKt                                                       : loaded 7 times (x 69B)
Class kotlin.text.StringsKt                                                           : loaded 7 times (x 69B)
Class com.google.common.base.Predicate                                                : loaded 7 times (x 68B)
Class kotlin.reflect.KDeclarationContainer                                            : loaded 7 times (x 68B)
Class com.google.common.collect.Iterators$ArrayItr                                    : loaded 7 times (x 95B)
Class com.google.common.math.IntMath                                                  : loaded 7 times (x 69B)
Class kotlin.text.CharsKt__CharKt                                                     : loaded 7 times (x 69B)
Class com.google.common.collect.AbstractIterator                                      : loaded 7 times (x 80B)
Class com.google.common.collect.AbstractMapEntry                                      : loaded 7 times (x 79B)
Class kotlin.collections.ArraysKt                                                     : loaded 7 times (x 69B)
Class com.google.common.collect.ImmutableList$Builder                                 : loaded 7 times (x 75B)
Class kotlin.collections.MapsKt__MapsKt                                               : loaded 7 times (x 69B)
Class com.google.common.base.CharMatcher$Negated                                      : loaded 7 times (x 111B)
Class kotlin.collections.ArraysKt__ArraysKt                                           : loaded 7 times (x 69B)
Class kotlin.sequences.SequencesKt___SequencesJvmKt                                   : loaded 7 times (x 69B)
Class com.google.common.collect.Maps$ViewCachingAbstractMap                           : loaded 7 times (x 123B)
Class com.google.common.collect.Sets                                                  : loaded 7 times (x 69B)
Class com.google.common.primitives.Ints                                               : loaded 7 times (x 69B)
Class com.google.common.collect.ImmutableSet$Builder                                  : loaded 7 times (x 83B)
Class com.google.common.collect.Sets$FilteredSet                                      : loaded 7 times (x 135B)
Class com.google.common.base.CharMatcher$ForPredicate                                 : loaded 7 times (x 110B)
Class com.google.common.collect.ImmutableMap$MapViewOfValuesAsSingletonSets           : loaded 7 times (x 123B)
Class kotlin.collections.CollectionsKt__CollectionsKt                                 : loaded 7 times (x 69B)
Class com.google.common.collect.ImmutableSet                                          : loaded 7 times (x 143B)
Class com.google.common.collect.SortedMapDifference                                   : loaded 7 times (x 68B)
Class kotlin.collections.ArraysUtilJVM                                                : loaded 7 times (x 69B)
Class kotlin.Lazy                                                                     : loaded 7 times (x 68B)
Class com.google.common.collect.ImmutableSet$EmptySetBuilderImpl                      : loaded 7 times (x 74B)
Class com.google.common.base.Supplier                                                 : loaded 7 times (x 68B)
Class com.google.common.base.Converter                                                : loaded 7 times (x 88B)
Class kotlin.jvm.internal.CallableReference                                           : loaded 7 times (x 104B)
Class com.google.common.base.CharMatcher$BitSetMatcher                                : loaded 7 times (x 110B)
Class com.google.common.collect.ImmutableMap                                          : loaded 7 times (x 118B)
Class com.google.common.collect.ImmutableBiMap                                        : loaded 7 times (x 141B)
Class com.google.common.collect.ImmutableMap$IteratorBasedImmutableMap                : loaded 7 times (x 123B)
Class kotlin.ranges.IntProgression                                                    : loaded 7 times (x 79B)
Class kotlin.reflect.jvm.internal.CacheByClass                                        : loaded 6 times (x 71B)
Class kotlin.reflect.jvm.internal.CachesKt$CACHE_FOR_NULLABLE_BASE_CLASSIFIERS$1      : loaded 6 times (x 76B)
Class kotlin.reflect.jvm.internal.impl.name.SpecialNames                              : loaded 6 times (x 69B)
Class kotlin.reflect.full.IllegalPropertyDelegateAccessException                      : loaded 6 times (x 80B)
Class [Lkotlin.reflect.KClassifier;                                                   : loaded 6 times (x 67B)
Class [Lkotlin.reflect.KClass;                                                        : loaded 6 times (x 67B)
Class kotlin.jvm.internal.Reflection                                                  : loaded 6 times (x 69B)
Class kotlin.jvm.internal.ReflectionFactory                                           : loaded 6 times (x 89B)
Class kotlin.reflect.jvm.internal.KProperty1Impl$_getter$1                            : loaded 6 times (x 77B)
Class kotlin.reflect.jvm.internal.KDeclarationContainerImpl$Companion                 : loaded 6 times (x 69B)
Class kotlin.comparisons.ComparisonsKt__ComparisonsKt                                 : loaded 6 times (x 69B)
Class com.google.common.collect.ImmutableMultimap$Keys                                : loaded 6 times (x 164B)
Class kotlin.reflect.jvm.internal.impl.name.FqName                                    : loaded 6 times (x 70B)
Class kotlin.reflect.jvm.internal.impl.name.FqNameUnsafe$1                            : loaded 6 times (x 72B)
Class kotlin.reflect.jvm.internal.CachesKt$K_CLASS_CACHE$1                            : loaded 6 times (x 76B)
Class kotlin.jvm.internal.PropertyReference1Impl                                      : loaded 6 times (x 125B)
Class kotlin.reflect.jvm.internal.impl.name.StandardClassIdsKt                        : loaded 6 times (x 69B)
Class kotlin.reflect.jvm.internal.impl.builtins.PrimitiveType$arrayTypeFqName$2       : loaded 6 times (x 77B)
Class kotlin.reflect.jvm.internal.KPropertyImpl$_javaField$1                          : loaded 6 times (x 77B)
Class kotlin.jvm.functions.Function22                                                 : loaded 6 times (x 68B)
Class kotlin.jvm.functions.Function21                                                 : loaded 6 times (x 68B)
Class kotlin.reflect.jvm.internal.ReflectionFactoryImpl                               : loaded 6 times (x 89B)
Class kotlin.reflect.jvm.internal.KCallableImpl$_returnType$1                         : loaded 6 times (x 77B)
Class kotlin.reflect.jvm.internal.KClassImpl$Data$sealedSubclasses$2                  : loaded 6 times (x 77B)
Class com.google.common.collect.ImmutableMultimap$Builder                             : loaded 6 times (x 81B)
Class [Lkotlin.reflect.jvm.internal.impl.name.FqName;                                 : loaded 6 times (x 67B)
Class com.google.common.collect.ImmutableSortedSetFauxverideShim                      : loaded 6 times (x 145B)
Class kotlin.comparisons.ComparisonsKt___ComparisonsJvmKt                             : loaded 6 times (x 69B)
Class kotlin.reflect.jvm.internal.RuntimeTypeMapper                                   : loaded 6 times (x 69B)
Class kotlin.jvm.functions.Function20                                                 : loaded 6 times (x 68B)
Class kotlin.reflect.jvm.internal.CachesKt$CACHE_FOR_GENERIC_CLASSIFIERS$1            : loaded 6 times (x 76B)
Class com.google.common.collect.EmptyImmutableListMultimap                            : loaded 6 times (x 174B)
Class kotlin.reflect.jvm.internal.ReflectProperties$Val$1                             : loaded 6 times (x 69B)
Class kotlin.reflect.KType                                                            : loaded 6 times (x 68B)
Class kotlin.jvm.internal.DefaultConstructorMarker                                    : loaded 6 times (x 69B)
Class [Lkotlin.reflect.jvm.internal.impl.builtins.jvm.JavaToKotlinClassMap$PlatformMutabilityMapping;: loaded 6 times (x 67B)
Class kotlin.reflect.jvm.internal.KClassImpl$Data$constructors$2                      : loaded 6 times (x 77B)
Class kotlin.comparisons.ComparisonsKt                                                : loaded 6 times (x 69B)
Class kotlin.jvm.internal.PropertyReference                                           : loaded 6 times (x 113B)
Class kotlin.reflect.KMutableProperty2                                                : loaded 6 times (x 68B)
Class kotlin.reflect.KMutableProperty1                                                : loaded 6 times (x 68B)
Class kotlin.reflect.KMutableProperty0                                                : loaded 6 times (x 68B)
Class kotlin.reflect.jvm.internal.KClassImpl                                          : loaded 6 times (x 113B)
Class dagger.hilt.processor.internal.optionvalues.GradleProjectType                   : loaded 6 times (x 77B)
Class kotlin.reflect.jvm.internal.KCallableImpl                                       : loaded 6 times (x 103B)
Class kotlin.reflect.jvm.internal.KClassImpl$Data$nestedClasses$2                     : loaded 6 times (x 77B)
Class [Lkotlin.reflect.KDeclarationContainer;                                         : loaded 6 times (x 67B)
Class kotlin.LazyKt__LazyJVMKt$WhenMappings                                           : loaded 6 times (x 69B)
Class kotlin.reflect.jvm.internal.KProperty1Impl                                      : loaded 6 times (x 126B)
Class kotlin.jvm.internal.ClassBasedDeclarationContainer                              : loaded 6 times (x 68B)
Class com.google.common.collect.ImmutableMapKeySet                                    : loaded 6 times (x 148B)
Class kotlin.reflect.jvm.internal.KClassImpl$Data$typeParameters$2                    : loaded 6 times (x 77B)
Class kotlin.reflect.jvm.internal.KClassImpl$Data$inheritedNonStaticMembers$2         : loaded 6 times (x 77B)
Class com.google.common.collect.ImmutableSortedSet                                    : loaded 6 times (x 233B)
Class kotlin.reflect.KProperty                                                        : loaded 6 times (x 68B)
Class android.databinding.tool.CompilerArguments                                      : loaded 6 times (x 70B)
Class kotlin.reflect.jvm.internal.impl.descriptors.runtime.structure.ReflectClassUtilKt: loaded 6 times (x 69B)
Class kotlin.jvm.internal.MutablePropertyReference0                                   : loaded 6 times (x 135B)
Class kotlin.reflect.jvm.internal.impl.builtins.PrimitiveType$Companion               : loaded 6 times (x 69B)
Class kotlin.jvm.internal.MutablePropertyReference1                                   : loaded 6 times (x 135B)
Class [Lkotlin.reflect.jvm.internal.impl.resolve.jvm.JvmPrimitiveType;                : loaded 6 times (x 67B)
Class kotlin.reflect.jvm.internal.impl.builtins.StandardNames                         : loaded 6 times (x 69B)
Class kotlin.jvm.internal.MutablePropertyReference2                                   : loaded 6 times (x 135B)
Class kotlin.text.Regex                                                               : loaded 6 times (x 70B)
Class kotlin.reflect.jvm.internal.KClassImpl$Data$qualifiedName$2                     : loaded 6 times (x 77B)
Class kotlin.reflect.jvm.internal.KCallableImpl$_absentArguments$1                    : loaded 6 times (x 77B)
Class kotlin.reflect.jvm.internal.impl.name.StandardClassIds                          : loaded 6 times (x 69B)
Class com.google.common.collect.Maps$FilteredEntryMap$EntrySet                        : loaded 6 times (x 150B)
Class kotlin.reflect.jvm.internal.impl.builtins.PrimitiveType$typeFqName$2            : loaded 6 times (x 77B)
Class com.google.common.collect.Maps$FilteredEntryMap                                 : loaded 6 times (x 126B)
Class kotlin.reflect.jvm.internal.KDeclarationContainerImpl$Data                      : loaded 6 times (x 70B)
Class com.google.common.collect.Sets$1$1                                              : loaded 6 times (x 80B)
Class kotlin.reflect.jvm.internal.KCallableImpl$_typeParameters$1                     : loaded 6 times (x 77B)
Class kotlin.reflect.jvm.internal.ReflectProperties$LazySoftVal                       : loaded 6 times (x 76B)
Class kotlin.reflect.KProperty$Accessor                                               : loaded 6 times (x 68B)
Class kotlin.Result                                                                   : loaded 6 times (x 70B)
Class kotlin.reflect.jvm.internal.KClassImpl$Data$objectInstance$2                    : loaded 6 times (x 77B)
Class kotlin.jvm.functions.Function19                                                 : loaded 6 times (x 68B)
Class kotlin.SafePublicationLazyImpl                                                  : loaded 6 times (x 74B)
Class kotlin.reflect.jvm.internal.impl.utils.CollectionsKt                            : loaded 6 times (x 69B)
Class kotlin.jvm.functions.Function18                                                 : loaded 6 times (x 68B)
Class kotlin.reflect.jvm.internal.KPropertyImpl                                       : loaded 6 times (x 113B)
Class com.google.common.collect.ImmutableMultisetGwtSerializationDependencies         : loaded 6 times (x 123B)
Class kotlin.reflect.KTypeParameter                                                   : loaded 6 times (x 68B)
Class [Lkotlin.reflect.KAnnotatedElement;                                             : loaded 6 times (x 67B)
Class kotlin.jvm.functions.Function17                                                 : loaded 6 times (x 68B)
Class kotlin.jvm.internal.MutablePropertyReference                                    : loaded 6 times (x 117B)
Class kotlin.reflect.jvm.internal.ClassValueCache                                     : loaded 6 times (x 72B)
Class com.google.common.collect.ImmutableListMultimap                                 : loaded 6 times (x 174B)
Class kotlin.reflect.jvm.internal.KClassImpl$Data$allNonStaticMembers$2               : loaded 6 times (x 77B)
Class kotlin.jvm.functions.Function16                                                 : loaded 6 times (x 68B)
Class kotlin.reflect.jvm.internal.KCallableImpl$_annotations$1                        : loaded 6 times (x 77B)
Class kotlin.reflect.jvm.internal.impl.builtins.jvm.JavaToKotlinClassMap              : loaded 6 times (x 69B)
Class kotlin.jvm.JvmClassMappingKt                                                    : loaded 6 times (x 69B)
Class kotlin.reflect.jvm.internal.KClassImpl$data$1                                   : loaded 6 times (x 77B)
Class kotlin.jvm.functions.Function15                                                 : loaded 6 times (x 68B)
Class kotlin.jvm.functions.Function3                                                  : loaded 6 times (x 68B)
Class kotlin.jvm.functions.Function14                                                 : loaded 6 times (x 68B)
Class kotlin.jvm.functions.Function4                                                  : loaded 6 times (x 68B)
Class kotlin.reflect.jvm.internal.KClassImpl$Data$declaredNonStaticMembers$2          : loaded 6 times (x 77B)
Class [Lkotlin.LazyThreadSafetyMode;                                                  : loaded 6 times (x 67B)
Class kotlin.jvm.functions.Function5                                                  : loaded 6 times (x 68B)
Class kotlin.jvm.functions.Function6                                                  : loaded 6 times (x 68B)
Class kotlin.reflect.jvm.internal.ComputableClassValue                                : loaded 6 times (x 78B)
Class kotlin.jvm.functions.Function7                                                  : loaded 6 times (x 68B)
Class kotlin.jvm.functions.Function8                                                  : loaded 6 times (x 68B)
Class kotlin.jvm.functions.Function13                                                 : loaded 6 times (x 68B)
Class kotlin.jvm.functions.Function9                                                  : loaded 6 times (x 68B)
Class kotlin.jvm.functions.Function12                                                 : loaded 6 times (x 68B)
Class kotlin.reflect.jvm.internal.ReflectProperties                                   : loaded 6 times (x 69B)
Class kotlin.jvm.internal.CollectionToArray                                           : loaded 6 times (x 69B)
Class kotlin.jvm.functions.Function11                                                 : loaded 6 times (x 68B)
Class kotlin.jvm.functions.Function10                                                 : loaded 6 times (x 68B)
Class com.google.common.collect.ImmutableMultimap$Values                              : loaded 6 times (x 124B)
Class kotlin.reflect.jvm.internal.KProperty1Impl$delegateSource$1                     : loaded 6 times (x 77B)
Class kotlin.reflect.jvm.internal.CachesKt                                            : loaded 6 times (x 69B)
Class com.google.common.collect.ImmutableSetMultimap                                  : loaded 6 times (x 178B)
Class kotlin.reflect.jvm.internal.EmptyContainerForLocal                              : loaded 6 times (x 82B)
Class kotlin._Assertions                                                              : loaded 6 times (x 69B)
Class kotlin.reflect.jvm.internal.KClassImpl$Data$descriptor$2                        : loaded 6 times (x 77B)
Class [Ldagger.hilt.processor.internal.optionvalues.GradleProjectType;                : loaded 6 times (x 67B)
Class kotlin.reflect.jvm.internal.KClassImpl$Data$annotations$2                       : loaded 6 times (x 77B)
Class kotlin.reflect.jvm.internal.KClassImpl$Data$allStaticMembers$2                  : loaded 6 times (x 77B)
Class com.google.common.base.CaseFormat$StringConverter                               : loaded 6 times (x 88B)
Class [Lcom.google.common.base.CaseFormat;                                            : loaded 6 times (x 67B)
Class kotlin.LazyThreadSafetyMode                                                     : loaded 6 times (x 77B)
Class [Lkotlin.reflect.KCallable;                                                     : loaded 6 times (x 67B)
Class com.google.common.base.CaseFormat                                               : loaded 6 times (x 81B)
Class kotlin.reflect.jvm.internal.KClassImpl$Data$declaredMembers$2                   : loaded 6 times (x 77B)
Class kotlin.reflect.jvm.internal.KotlinReflectionInternalError                       : loaded 6 times (x 80B)
Class com.google.common.collect.ForwardingSet                                         : loaded 6 times (x 149B)
Class com.google.common.graph.SuccessorsFunction                                      : loaded 6 times (x 68B)
Class kotlin.reflect.jvm.internal.KPropertyImpl$_descriptor$1                         : loaded 6 times (x 77B)
Class com.google.common.collect.BaseImmutableMultimap                                 : loaded 6 times (x 121B)
Class com.google.common.collect.ImmutableMultimap$2                                   : loaded 6 times (x 79B)
Class kotlin.reflect.jvm.internal.impl.name.FqNamesUtilKt                             : loaded 6 times (x 69B)
Class kotlin.SafePublicationLazyImpl$Companion                                        : loaded 6 times (x 69B)
Class kotlin.reflect.jvm.internal.impl.builtins.PrimitiveType                         : loaded 6 times (x 77B)
Class com.google.common.collect.ImmutableMultimap$1                                   : loaded 6 times (x 80B)
Class kotlin.reflect.jvm.internal.CacheByClassKt                                      : loaded 6 times (x 69B)
Class kotlin.reflect.KClass                                                           : loaded 6 times (x 68B)
Class com.google.common.collect.ForwardingCollection                                  : loaded 6 times (x 128B)
Class kotlin.reflect.full.IllegalCallableAccessException                              : loaded 6 times (x 80B)
Class kotlin.reflect.jvm.internal.impl.name.Name                                      : loaded 6 times (x 73B)
Class kotlin.reflect.jvm.internal.ReflectProperties$Val                               : loaded 6 times (x 72B)
Class kotlin.reflect.jvm.internal.CachesKt$CACHE_FOR_BASE_CLASSIFIERS$1               : loaded 6 times (x 76B)
Class kotlin.reflect.KProperty$Getter                                                 : loaded 6 times (x 68B)
Class kotlin.reflect.jvm.internal.KClassifierImpl                                     : loaded 6 times (x 68B)
Class com.google.common.collect.SortedIterable                                        : loaded 6 times (x 68B)
Class kotlin.reflect.jvm.internal.KDeclarationContainerImpl$Data$moduleData$2         : loaded 6 times (x 77B)
Class kotlin.reflect.jvm.internal.KDeclarationContainerImpl                           : loaded 6 times (x 82B)
Class com.google.common.collect.ImmutableMultiset                                     : loaded 6 times (x 161B)
Class kotlin.reflect.jvm.internal.impl.builtins.jvm.JavaToKotlinClassMap$PlatformMutabilityMapping: loaded 6 times (x 70B)
Class kotlin.reflect.jvm.internal.KClassImpl$Data$simpleName$2                        : loaded 6 times (x 77B)
Class kotlin.reflect.jvm.internal.impl.name.FqNameUnsafe                              : loaded 6 times (x 70B)
Class com.google.common.collect.ImmutableSortedSet$Builder                            : loaded 6 times (x 84B)
Class com.google.common.collect.CollectSpliterators$1WithCharacteristics              : loaded 6 times (x 88B)
Class kotlin.jvm.internal.PropertyReference0                                          : loaded 6 times (x 125B)
Class kotlin.jvm.internal.PropertyReference1                                          : loaded 6 times (x 125B)
Class kotlin.jvm.internal.PropertyReference2                                          : loaded 6 times (x 125B)
Class com.google.common.collect.CollectSpliterators                                   : loaded 6 times (x 69B)
Class kotlin.reflect.jvm.internal.KClassImpl$Data$supertypes$2                        : loaded 6 times (x 77B)
Class android.databinding.tool.writer.JavaFileWriter                                  : loaded 6 times (x 72B)
Class javax.xml.bind.JAXBException                                                    : loaded 6 times (x 83B)
Class [Lkotlin.reflect.jvm.internal.impl.name.ClassId;                                : loaded 6 times (x 67B)
Class [Lkotlin.reflect.jvm.internal.impl.builtins.PrimitiveType;                      : loaded 6 times (x 67B)
Class com.google.common.base.CaseFormat$1                                             : loaded 6 times (x 81B)
Class kotlin.reflect.jvm.internal.KCallableImpl$_parameters$1                         : loaded 6 times (x 77B)
Class com.google.common.base.CaseFormat$2                                             : loaded 6 times (x 81B)
Class kotlin.reflect.jvm.internal.impl.resolve.jvm.JvmPrimitiveType                   : loaded 6 times (x 77B)
Class com.google.common.base.CaseFormat$3                                             : loaded 6 times (x 81B)
Class com.google.common.base.CaseFormat$4                                             : loaded 6 times (x 81B)
Class kotlin.reflect.jvm.internal.KTypeParameterOwnerImpl                             : loaded 6 times (x 68B)
Class android.databinding.tool.CompilerArguments$Companion                            : loaded 6 times (x 69B)
Class kotlin.reflect.jvm.internal.impl.builtins.CompanionObjectMapping                : loaded 6 times (x 69B)
Class kotlin.reflect.jvm.internal.KClassImpl$Data$allMembers$2                        : loaded 6 times (x 77B)
Class [Lkotlin.reflect.KProperty;                                                     : loaded 6 times (x 67B)
Class com.google.common.base.CaseFormat$5                                             : loaded 6 times (x 81B)
Class kotlin.Result$Failure                                                           : loaded 6 times (x 70B)
Class kotlin.reflect.jvm.internal.KClassImpl$Data$declaredStaticMembers$2             : loaded 6 times (x 77B)
Class com.google.common.collect.ImmutableMultimap                                     : loaded 6 times (x 145B)
Class kotlin.reflect.jvm.internal.KClassImpl$Data$inheritedStaticMembers$2            : loaded 6 times (x 77B)
Class com.google.common.collect.RegularImmutableSortedSet                             : loaded 6 times (x 233B)
Class kotlin.reflect.jvm.internal.KPropertyImpl$Companion                             : loaded 6 times (x 69B)
Class kotlin.reflect.KMutableProperty                                                 : loaded 6 times (x 68B)
Class kotlin.reflect.KClassifier                                                      : loaded 6 times (x 68B)
Class com.google.common.collect.ImmutableMultimap$EntryCollection                     : loaded 6 times (x 125B)
Class kotlin.Result$Companion                                                         : loaded 6 times (x 69B)
Class com.google.common.collect.Maps$FilteredEntryMap$EntrySet$1                      : loaded 6 times (x 80B)
Class kotlin.comparisons.ComparisonsKt___ComparisonsKt                                : loaded 6 times (x 69B)
Class kotlin.text.Regex$Companion                                                     : loaded 6 times (x 69B)
Class kotlin.reflect.jvm.internal.KClassImpl$Data                                     : loaded 6 times (x 70B)
Class kotlin.reflect.jvm.internal.CachesKt$K_PACKAGE_CACHE$1                          : loaded 6 times (x 76B)
Class kotlin.reflect.KProperty2                                                       : loaded 6 times (x 68B)
Class kotlin.reflect.KProperty1                                                       : loaded 6 times (x 68B)
Class kotlin.reflect.jvm.internal.impl.name.ClassId                                   : loaded 6 times (x 70B)
Class kotlin.reflect.jvm.internal.impl.builtins.StandardNames$FqNames                 : loaded 6 times (x 69B)
Class kotlin.reflect.KProperty0                                                       : loaded 6 times (x 68B)
Class dagger.internal.codegen.validation.MapKeyValidator_Factory                      : loaded 5 times (x 77B)
Class dagger.internal.codegen.validation.BindsOptionalOfMethodValidator_Factory       : loaded 5 times (x 77B)
Class dagger.internal.codegen.validation.BindsInstanceMethodValidator_Factory         : loaded 5 times (x 77B)
Class android.databinding.annotationprocessor.ProcessDataBinding                      : loaded 5 times (x 85B)
Class androidx.room.compiler.processing.javac.JavacFiler                              : loaded 5 times (x 76B)
Class dagger.internal.codegen.compileroption.ProcessingEnvironmentCompilerOptions$Validation$1: loaded 5 times (x 91B)
Class dagger.internal.codegen.processingstep.InjectProcessingStep                     : loaded 5 times (x 84B)
Class dagger.internal.codegen.binding.BindsTypeChecker                                : loaded 5 times (x 70B)
Class dagger.internal.codegen.bindinggraphvalidation.SubcomponentFactoryMethodValidator: loaded 5 times (x 83B)
Class dagger.internal.codegen.bindinggraphvalidation.CompositeBindingGraphPlugin$Factory: loaded 5 times (x 68B)
Class org.apache.commons.io.output.AbstractByteArrayOutputStream                      : loaded 5 times (x 100B)
Class com.google.common.collect.Iterables                                             : loaded 5 times (x 69B)
Class dagger.internal.codegen.binding.BindingGraphConverter_Factory                   : loaded 5 times (x 77B)
Class org.apache.commons.io.output.ThresholdingOutputStream                           : loaded 5 times (x 92B)
Class dagger.spi.internal.shaded.androidx.room.compiler.processing.javac.JavacProcessingEnv$Companion: loaded 5 times (x 69B)
Class dagger.internal.codegen.writing.ProducerFactoryGenerator$MultiArgFutureTransform: loaded 5 times (x 76B)
Class dagger.internal.codegen.DaggerDelegateComponentProcessor_Injector$Factory       : loaded 5 times (x 72B)
Class dagger.internal.codegen.binding.BindingDeclaration                              : loaded 5 times (x 72B)
Class dagger.hilt.processor.internal.root.RootProcessingStep                          : loaded 5 times (x 85B)
Class dagger.spi.internal.shaded.androidx.room.compiler.processing.XProcessingEnv$Backend: loaded 5 times (x 77B)
Class dagger.internal.codegen.componentgenerator.TopLevelImplementationComponent      : loaded 5 times (x 68B)
Class dagger.internal.codegen.componentgenerator.ComponentGeneratorModule_ComponentHjarGeneratorFactory: loaded 5 times (x 77B)
Class dagger.internal.codegen.writing.ModuleProxies_ModuleConstructorProxyGenerator_Factory: loaded 5 times (x 77B)
Class dagger.spi.model.DaggerProcessingEnv$Backend                                    : loaded 5 times (x 77B)
Class dagger.internal.Factory                                                         : loaded 5 times (x 68B)
Class androidx.room.compiler.processing.javac.JavacBasicAnnotationProcessor           : loaded 5 times (x 96B)
Class androidx.room.compiler.processing.XBasicAnnotationProcessor                     : loaded 5 times (x 68B)
Class android.databinding.tool.writer.AnnotationJavaFileWriter                        : loaded 5 times (x 73B)
Class dagger.internal.codegen.validation.BindsInstanceMethodValidator$Validator       : loaded 5 times (x 75B)
Class com.squareup.javapoet.AnnotationSpec                                            : loaded 5 times (x 70B)
Class dagger.internal.codegen.validation.ExternalBindingGraphPlugins                  : loaded 5 times (x 70B)
Class kotlin.jvm.internal.TypeIntrinsics                                              : loaded 5 times (x 69B)
Class dagger.hilt.processor.internal.earlyentrypoint.EarlyEntryPointProcessingStep    : loaded 5 times (x 85B)
Class dagger.internal.codegen.validation.ComponentValidator                           : loaded 5 times (x 73B)
Class org.apache.commons.io.output.NullOutputStream                                   : loaded 5 times (x 83B)
Class dagger.internal.codegen.binding.InjectionAnnotations                            : loaded 5 times (x 70B)
Class dagger.internal.codegen.componentgenerator.ComponentHjarGenerator_Factory       : loaded 5 times (x 77B)
Class androidx.room.compiler.processing.javac.JavacProcessingEnv                      : loaded 5 times (x 113B)
Class com.squareup.javapoet.JavaFile                                                  : loaded 5 times (x 70B)
Class dagger.internal.codegen.componentgenerator.ComponentGenerator_Factory           : loaded 5 times (x 77B)
Class dagger.internal.codegen.bindinggraphvalidation.DependencyCycleValidator         : loaded 5 times (x 83B)
Class com.squareup.javapoet.ArrayTypeName                                             : loaded 5 times (x 79B)
Class dagger.internal.codegen.binding.ModuleDescriptor$Factory                        : loaded 5 times (x 73B)
Class com.google.common.collect.ImmutableSetMultimap$Builder                          : loaded 5 times (x 81B)
Class com.google.common.collect.EmptyImmutableSetMultimap                             : loaded 5 times (x 178B)
Class dagger.internal.codegen.javapoet.TypeNames                                      : loaded 5 times (x 69B)
Class dagger.internal.codegen.writing.ModuleProxies$ModuleConstructorProxyGenerator   : loaded 5 times (x 75B)
Class dagger.internal.codegen.model.Binding                                           : loaded 5 times (x 68B)
Class dagger.internal.codegen.binding.ComponentDescriptor$Factory                     : loaded 5 times (x 73B)
Class dagger.internal.codegen.base.ElementFormatter_Factory$InstanceHolder            : loaded 5 times (x 69B)
Class com.google.common.collect.ImmutableMap$MapViewOfValuesAsSingletonSets$1$1       : loaded 5 times (x 81B)
Class dagger.spi.internal.shaded.androidx.room.compiler.processing.XMemberContainer   : loaded 5 times (x 68B)
Class dagger.internal.codegen.DelegateComponentProcessor_MembersInjector              : loaded 5 times (x 73B)
Class dagger.internal.codegen.validation.AnyBindingMethodValidator_Factory            : loaded 5 times (x 77B)
Class dagger.internal.codegen.validation.BindingElementValidator$AllowsMultibindings  : loaded 5 times (x 77B)
Class dagger.hilt.android.processor.internal.androidentrypoint.AndroidEntryPointProcessor: loaded 5 times (x 98B)
Class dagger.internal.codegen.validation.DiagnosticReporterFactory_Factory            : loaded 5 times (x 77B)
Class androidx.room.compiler.processing.XFiler                                        : loaded 5 times (x 68B)
Class dagger.internal.codegen.validation.ProvidesMethodValidator$Validator            : loaded 5 times (x 78B)
Class dagger.internal.codegen.validation.AnyBindingMethodValidator                    : loaded 5 times (x 73B)
Class com.google.common.collect.ImmutableMapValues                                    : loaded 5 times (x 124B)
Class dagger.internal.codegen.bindinggraphvalidation.MapMultibindingValidator_Factory : loaded 5 times (x 77B)
Class dagger.internal.codegen.model.BindingGraph                                      : loaded 5 times (x 91B)
Class dagger.internal.codegen.writing.ProducerFactoryGenerator$FutureTransform        : loaded 5 times (x 76B)
Class dagger.internal.codegen.compileroption.ProcessingEnvironmentCompilerOptions$KeyOnlyOption$1: loaded 5 times (x 84B)
Class dagger.internal.codegen.compileroption.ProcessingEnvironmentCompilerOptions$KeyOnlyOption$2: loaded 5 times (x 84B)
Class [Ldagger.internal.codegen.compileroption.ProcessingEnvironmentCompilerOptions$KeyOnlyOption;: loaded 5 times (x 67B)
Class com.squareup.javapoet.CodeBlock$Builder                                         : loaded 5 times (x 70B)
Class kotlin.reflect.jvm.internal.impl.builtins.functions.FunctionClassKind           : loaded 5 times (x 78B)
Class dagger.spi.internal.shaded.androidx.room.compiler.processing.XParameterizable   : loaded 5 times (x 68B)
Class dagger.internal.codegen.validation.BindingGraphValidator                        : loaded 5 times (x 70B)
Class com.google.common.collect.Maps$IteratorBasedAbstractMap                         : loaded 5 times (x 123B)
Class [Ldagger.internal.codegen.compileroption.ValidationType;                        : loaded 5 times (x 67B)
Class dagger.internal.codegen.binding.OptionalBindingDeclaration$Factory              : loaded 5 times (x 71B)
Class dagger.internal.codegen.base.SourceFileGenerator                                : loaded 5 times (x 75B)
Class [Lcom.squareup.javapoet.TypeSpec$Kind;                                          : loaded 5 times (x 67B)
Class dagger.internal.codegen.processingstep.AssistedInjectProcessingStep             : loaded 5 times (x 84B)
Class dagger.internal.codegen.validation.BindingElementValidator$AllowsScoping        : loaded 5 times (x 77B)
Class dagger.internal.codegen.bindinggraphvalidation.SubcomponentFactoryMethodValidator_Factory: loaded 5 times (x 76B)
Class dagger.internal.codegen.binding.BindingDeclarationFormatter                     : loaded 5 times (x 84B)
Class dagger.spi.model.DiagnosticReporter                                             : loaded 5 times (x 73B)
Class dagger.internal.codegen.validation.MapKeyValidator                              : loaded 5 times (x 70B)
Class androidx.room.compiler.processing.javac.XTypeElementStore                       : loaded 5 times (x 70B)
Class dagger.internal.codegen.validation.BindingMethodValidator$ExceptionSuperclass   : loaded 5 times (x 79B)
Class dagger.internal.codegen.validation.ComponentDescriptorValidator_Factory         : loaded 5 times (x 77B)
Class androidx.room.processor.Context$Companion                                       : loaded 5 times (x 69B)
Class dagger.internal.codegen.validation.ProvidesMethodValidator                      : loaded 5 times (x 76B)
Class dagger.internal.codegen.binding.ModuleDescriptor_Factory_Factory                : loaded 5 times (x 77B)
Class dagger.internal.codegen.binding.DependencyRequestFactory_Factory                : loaded 5 times (x 77B)
Class dagger.spi.internal.shaded.androidx.room.compiler.processing.javac.JavacProcessingEnv: loaded 5 times (x 114B)
Class dagger.internal.codegen.compileroption.ProcessingEnvironmentCompilerOptions_Factory: loaded 5 times (x 77B)
Class [Ldagger.internal.codegen.base.ClearableCache;                                  : loaded 5 times (x 67B)
Class dagger.internal.codegen.validation.BindsInstanceMethodValidator                 : loaded 5 times (x 76B)
Class dagger.internal.codegen.binding.MonitoringModules_Factory                       : loaded 5 times (x 76B)
Class dagger.hilt.android.processor.internal.bindvalue.BindValueMetadata              : loaded 5 times (x 71B)
Class [Ldagger.internal.codegen.base.ComponentCreatorAnnotation;                      : loaded 5 times (x 67B)
Class dagger.internal.codegen.validation.BindsMethodValidator_Factory                 : loaded 5 times (x 77B)
Class dagger.internal.codegen.processingstep.SuperficialValidator_Factory             : loaded 5 times (x 77B)
Class dagger.hilt.processor.internal.HiltProcessingEnvConfigs                         : loaded 5 times (x 69B)
Class com.google.common.collect.Sets$3$1                                              : loaded 5 times (x 80B)
Class dagger.internal.codegen.writing.ProducerFactoryGenerator                        : loaded 5 times (x 75B)
Class dagger.internal.codegen.validation.BindsInstanceElementValidator                : loaded 5 times (x 76B)
Class dagger.internal.codegen.bindinggraphvalidation.BindingGraphValidationModule     : loaded 5 times (x 68B)
Class dagger.internal.codegen.extension.DaggerStreams                                 : loaded 5 times (x 69B)
Class [Lkotlin.reflect.jvm.internal.impl.builtins.functions.FunctionClassKind;        : loaded 5 times (x 67B)
Class dagger.internal.codegen.validation.ValidationBindingGraphPlugins                : loaded 5 times (x 70B)
Class dagger.spi.internal.shaded.androidx.room.compiler.processing.javac.JavacProcessingEnvMessager$Companion: loaded 5 times (x 69B)
Class com.google.common.graph.PredecessorsFunction                                    : loaded 5 times (x 68B)
Class dagger.hilt.android.processor.internal.AndroidClassNames                        : loaded 5 times (x 69B)
Class dagger.internal.codegen.writing.ProducerFactoryGenerator$NoArgFutureTransform   : loaded 5 times (x 76B)
Class dagger.internal.codegen.base.ClearableCache                                     : loaded 5 times (x 68B)
Class dagger.internal.codegen.validation.ValidationBindingGraphPlugin                 : loaded 5 times (x 83B)
Class dagger.hilt.processor.internal.generatesrootinput.GeneratesRootInputProcessingStep: loaded 5 times (x 85B)
Class dagger.internal.codegen.bindinggraphvalidation.MissingBindingValidator_Factory  : loaded 5 times (x 77B)
Class dagger.hilt.android.processor.internal.viewmodel.ViewModelProcessingStep        : loaded 5 times (x 85B)
Class dagger.spi.internal.shaded.androidx.room.compiler.processing.javac.JavacProcessingEnv$messager$2: loaded 5 times (x 77B)
Class com.google.common.collect.SortedSetMultimap                                     : loaded 5 times (x 68B)
Class androidx.room.RoomProcessor$1                                                   : loaded 5 times (x 76B)
Class dagger.spi.internal.shaded.androidx.room.compiler.processing.XAnnotated         : loaded 5 times (x 68B)
Class javax.inject.Provider                                                           : loaded 5 times (x 68B)
Class dagger.internal.codegen.model.AutoValue_DaggerProcessingEnv                     : loaded 5 times (x 73B)
Class dagger.internal.codegen.validation.BindingElementValidator                      : loaded 5 times (x 76B)
Class androidx.room.compiler.processing.XProcessingEnv$Companion                      : loaded 5 times (x 69B)
Class dagger.internal.Provider                                                        : loaded 5 times (x 68B)
Class kotlin.sequences.TransformingSequence$iterator$1                                : loaded 5 times (x 77B)
Class dagger.internal.codegen.ProcessingEnvironmentModule_FilerFactory                : loaded 5 times (x 77B)
Class dagger.internal.codegen.kotlin.KotlinMetadataUtil                               : loaded 5 times (x 70B)
Class dagger.internal.codegen.writing.AnnotationCreatorGenerator                      : loaded 5 times (x 78B)
Class dagger.internal.codegen.validation.DependencyRequestValidator                   : loaded 5 times (x 70B)
Class dagger.hilt.processor.internal.ProcessorErrorHandler                            : loaded 5 times (x 70B)
Class [Lnet.ltgt.gradle.incap.IncrementalAnnotationProcessorType;                     : loaded 5 times (x 67B)
Class dagger.internal.codegen.binding.DependencyRequestFormatter                      : loaded 5 times (x 84B)
Class dagger.internal.codegen.validation.BindsOptionalOfMethodValidator$Validator     : loaded 5 times (x 78B)
Class dagger.internal.codegen.base.Formatter                                          : loaded 5 times (x 83B)
Class dagger.hilt.processor.internal.aliasof.AliasOfProcessor                         : loaded 5 times (x 98B)
Class dagger.internal.codegen.validation.BindsMethodValidator$Validator               : loaded 5 times (x 78B)
Class dagger.internal.codegen.compileroption.FeatureStatus                            : loaded 5 times (x 77B)
Class com.squareup.javapoet.TypeSpec                                                  : loaded 5 times (x 70B)
Class dagger.internal.codegen.validation.ProducesMethodValidator_Factory              : loaded 5 times (x 77B)
Class androidx.room.processor.Context$Companion$ARG_OPTIONS$2                         : loaded 5 times (x 76B)
Class dagger.internal.codegen.bindinggraphvalidation.DependsOnProductionExecutorValidator_Factory: loaded 5 times (x 77B)
Class dagger.internal.codegen.writing.MembersInjectorGenerator_Factory                : loaded 5 times (x 77B)
Class org.apache.commons.io.output.UnsynchronizedByteArrayOutputStream                : loaded 5 times (x 100B)
Class dagger.internal.codegen.base.ComponentCreatorAnnotation                         : loaded 5 times (x 77B)
Class dagger.hilt.android.processor.internal.bindvalue.BindValueProcessor             : loaded 5 times (x 98B)
Class dagger.internal.codegen.processingstep.BindingMethodProcessingStep              : loaded 5 times (x 84B)
Class dagger.hilt.processor.internal.root.ir.InvalidRootsException                    : loaded 5 times (x 80B)
Class dagger.internal.codegen.bindinggraphvalidation.ProvisionDependencyOnProducerBindingValidator: loaded 5 times (x 83B)
Class androidx.room.compiler.processing.XProcessingEnvConfig                          : loaded 5 times (x 69B)
Class dagger.internal.codegen.base.DaggerSuperficialValidation$ValidationException$UnexpectedException: loaded 5 times (x 81B)
Class dagger.internal.codegen.processingstep.BindsInstanceProcessingStep_Factory      : loaded 5 times (x 77B)
Class dagger.internal.SingleCheck                                                     : loaded 5 times (x 75B)
Class dagger.internal.codegen.writing.ProducerFactoryGenerator$SingleArgFutureTransform: loaded 5 times (x 76B)
Class [Ldagger.internal.codegen.compileroption.ProcessingEnvironmentCompilerOptions$Feature;: loaded 5 times (x 67B)
Class dagger.internal.codegen.bindinggraphvalidation.NullableBindingValidator_Factory : loaded 5 times (x 77B)
Class dagger.internal.codegen.model.BindingGraphPlugin                                : loaded 5 times (x 68B)
Class dagger.hilt.processor.internal.generatesrootinput.GeneratesRootInputProcessor   : loaded 5 times (x 98B)
Class dagger.internal.codegen.binding.$AutoValue_OptionalBindingDeclaration           : loaded 5 times (x 73B)
Class dagger.internal.codegen.ProcessingEnvironmentModule_MessagerFactory             : loaded 5 times (x 77B)
Class androidx.room.RoomProcessor                                                     : loaded 5 times (x 96B)
Class dagger.internal.codegen.binding.SubcomponentDeclaration_Factory_Factory         : loaded 5 times (x 77B)
Class kotlin.io.FilesKt__FileReadWriteKt                                              : loaded 5 times (x 69B)
Class dagger.spi.internal.shaded.androidx.room.compiler.processing.XFiler             : loaded 5 times (x 68B)
Class dagger.internal.Preconditions                                                   : loaded 5 times (x 69B)
Class [Ldagger.internal.codegen.base.ComponentCreatorKind;                            : loaded 5 times (x 67B)
Class androidx.room.util.SimpleJavaVersion$compareTo$$inlined$compareBy$1             : loaded 5 times (x 87B)
Class dagger.internal.codegen.binding.ProductionBinding                               : loaded 5 times (x 93B)
Class dagger.spi.internal.shaded.androidx.room.compiler.processing.XProcessingEnvConfig: loaded 5 times (x 69B)
Class dagger.spi.internal.shaded.androidx.room.compiler.processing.XBasicAnnotationProcessor: loaded 5 times (x 68B)
Class dagger.internal.codegen.binding.MultibindingDeclaration_Factory_Factory         : loaded 5 times (x 77B)
Class dagger.internal.codegen.DelegateComponentProcessor_SourceFileGeneratorsModule_MembersInjectorGeneratorFactory: loaded 5 times (x 77B)
Class dagger.internal.codegen.base.ComponentAnnotation                                : loaded 5 times (x 74B)
Class androidx.room.processor.Context$BooleanProcessorOptions                         : loaded 5 times (x 78B)
Class dagger.internal.codegen.bindinggraphvalidation.SetMultibindingValidator         : loaded 5 times (x 83B)
Class androidx.room.util.SimpleJavaVersion$compareTo$$inlined$thenBy$1                : loaded 5 times (x 88B)
Class dagger.hilt.android.processor.internal.viewmodel.ViewModelValidationPluginKt    : loaded 5 times (x 69B)
Class dagger.hilt.processor.internal.BaseProcessingStep                               : loaded 5 times (x 85B)
Class org.apache.commons.io.output.ByteArrayOutputStream                              : loaded 5 times (x 100B)
Class androidx.room.compiler.processing.javac.JavacProcessingEnv$typeElementStore$1   : loaded 5 times (x 77B)
Class dagger.spi.internal.shaded.androidx.room.compiler.processing.javac.JavacBasicAnnotationProcessor$xEnv$2: loaded 5 times (x 77B)
Class dagger.hilt.android.processor.internal.bindvalue.BindValueProcessingStep        : loaded 5 times (x 85B)
Class dagger.internal.codegen.binding.SubcomponentDeclaration$Factory                 : loaded 5 times (x 71B)
Class dagger.hilt.processor.internal.definecomponent.DefineComponentProcessingStep    : loaded 5 times (x 85B)
Class dagger.internal.codegen.base.ElementFormatter                                   : loaded 5 times (x 83B)
Class dagger.internal.codegen.writing.FactoryGenerator                                : loaded 5 times (x 75B)
Class dagger.internal.codegen.compileroption.CompilerOptions                          : loaded 5 times (x 92B)
Class androidx.room.util.SimpleJavaVersion$compareTo$$inlined$thenBy$2                : loaded 5 times (x 88B)
Class androidx.room.compiler.processing.javac.JavacProcessingEnv$typeElementStore$2   : loaded 5 times (x 76B)
Class org.apache.commons.io.IOUtils                                                   : loaded 5 times (x 69B)
Class dagger.internal.codegen.compileroption.ValidationType                           : loaded 5 times (x 77B)
Class dagger.internal.codegen.binding.BindingDeclarationFormatter_Factory             : loaded 5 times (x 77B)
Class androidx.room.compiler.processing.XProcessingEnvConfig$Companion                : loaded 5 times (x 69B)
Class dagger.internal.codegen.validation.ComponentValidator_Factory                   : loaded 5 times (x 77B)
Class dagger.internal.codegen.binding.MonitoringModules_Factory$InstanceHolder        : loaded 5 times (x 69B)
Class kotlin.text.Charsets                                                            : loaded 5 times (x 69B)
Class kotlin.reflect.jvm.internal.impl.builtins.functions.FunctionClassKind$Companion : loaded 5 times (x 69B)
Class dagger.internal.codegen.validation.MembersInjectionValidator                    : loaded 5 times (x 70B)
Class dagger.spi.internal.shaded.androidx.room.compiler.processing.XProcessingStep    : loaded 5 times (x 68B)
Class dagger.hilt.android.processor.internal.viewmodel.ViewModelValidationPlugin      : loaded 5 times (x 80B)
Class androidx.room.DatabaseProcessingStep$Companion                                  : loaded 5 times (x 69B)
Class dagger.spi.internal.shaded.androidx.room.compiler.processing.XProcessingEnv$Companion: loaded 5 times (x 69B)
Class dagger.hilt.processor.internal.originatingelement.OriginatingElementProcessor   : loaded 5 times (x 98B)
Class dagger.internal.codegen.model.BindingGraph$Node                                 : loaded 5 times (x 68B)
Class dagger.internal.codegen.binding.AutoValue_ModuleDescriptor                      : loaded 5 times (x 83B)
Class dagger.internal.codegen.writing.UnwrappedMapKeyGenerator_Factory                : loaded 5 times (x 77B)
Class dagger.internal.codegen.base.$AutoValue_ComponentAnnotation                     : loaded 5 times (x 74B)
Class androidx.room.compiler.processing.javac.JavacProcessingEnv$typeElementStore$3   : loaded 5 times (x 77B)
Class dagger.internal.codegen.binding.MultibindingDeclaration                         : loaded 5 times (x 76B)
Class kotlin.io.FilesKt__FilePathComponentsKt                                         : loaded 5 times (x 69B)
Class dagger.internal.codegen.processingstep.SuperficialValidator                     : loaded 5 times (x 73B)
Class dagger.internal.codegen.binding.ContributionBinding$Builder                     : loaded 5 times (x 81B)
Class dagger.internal.codegen.componentgenerator.ComponentGenerator                   : loaded 5 times (x 75B)
Class dagger.spi.internal.shaded.androidx.room.compiler.processing.javac.JavacFiler   : loaded 5 times (x 76B)
Class [Ldagger.internal.codegen.compileroption.ProcessingEnvironmentCompilerOptions$CommandLineOption;: loaded 5 times (x 67B)
Class androidx.room.util.SimpleJavaVersion                                            : loaded 5 times (x 73B)
Class dagger.internal.codegen.DelegateComponentProcessor$Injector                     : loaded 5 times (x 68B)
Class dagger.internal.codegen.base.SourceFileGenerationException                      : loaded 5 times (x 80B)
Class dagger.internal.codegen.processingstep.TypeCheckingProcessingStep_MembersInjector: loaded 5 times (x 73B)
Class dagger.spi.internal.shaded.androidx.room.compiler.processing.javac.JavacBasicAnnotationProcessor: loaded 5 times (x 96B)
Class dagger.internal.codegen.bindinggraphvalidation.SetMultibindingValidator_Factory$InstanceHolder: loaded 5 times (x 69B)
Class dagger.internal.codegen.validation.InjectValidator                              : loaded 5 times (x 73B)
Class dagger.internal.codegen.binding.ProductionBinding$Builder                       : loaded 5 times (x 88B)
Class dagger.internal.codegen.binding.MonitoringModules                               : loaded 5 times (x 73B)
Class com.google.common.base.Present                                                  : loaded 5 times (x 79B)
Class com.google.common.collect.Maps$EntrySet                                         : loaded 5 times (x 134B)
Class dagger.internal.codegen.bindinggraphvalidation.InjectBindingValidator_Factory   : loaded 5 times (x 77B)
Class dagger.hilt.processor.internal.root.RootProcessor                               : loaded 5 times (x 98B)
Class dagger.internal.codegen.validation.ProducesMethodValidator                      : loaded 5 times (x 76B)
Class dagger.internal.codegen.validation.BindingMethodValidator$MethodValidator       : loaded 5 times (x 78B)
Class dagger.hilt.processor.internal.aggregateddeps.AggregatedDepsProcessingStep      : loaded 5 times (x 85B)
Class dagger.Lazy                                                                     : loaded 5 times (x 68B)
Class dagger.internal.codegen.binding.MethodSignatureFormatter                        : loaded 5 times (x 84B)
Class kotlin.text.DelimitedRangesSequence$iterator$1                                  : loaded 5 times (x 77B)
Class dagger.internal.codegen.componentgenerator.TopLevelImplementationComponent$Factory: loaded 5 times (x 68B)
Class dagger.spi.BindingGraphPlugin                                                   : loaded 5 times (x 68B)
Class com.google.common.base.Optional                                                 : loaded 5 times (x 78B)
Class com.squareup.javapoet.TypeSpec$Builder                                          : loaded 5 times (x 70B)
Class dagger.spi.internal.shaded.androidx.room.compiler.processing.XMessager          : loaded 5 times (x 71B)
Class dagger.internal.codegen.binding.BindingFactory_Factory                          : loaded 5 times (x 77B)
Class dagger.internal.codegen.validation.MultibindsMethodValidator_Factory            : loaded 5 times (x 77B)
Class dagger.internal.codegen.validation.ProducesMethodValidator$Validator            : loaded 5 times (x 78B)
Class dagger.internal.codegen.processingstep.ModuleProcessingStep_Factory             : loaded 5 times (x 77B)
Class dagger.hilt.processor.internal.optionvalues.BooleanValue                        : loaded 5 times (x 77B)
Class dagger.internal.codegen.binding.DelegateDeclaration_Factory_Factory             : loaded 5 times (x 77B)
Class dagger.hilt.processor.internal.uninstallmodules.UninstallModulesProcessingStep  : loaded 5 times (x 85B)
Class com.squareup.javapoet.ParameterizedTypeName                                     : loaded 5 times (x 79B)
Class com.google.common.base.FunctionalEquivalence                                    : loaded 5 times (x 81B)
Class dagger.spi.internal.shaded.androidx.room.compiler.processing.XProcessingEnv     : loaded 5 times (x 68B)
Class androidx.room.DatabaseProcessingStep                                            : loaded 5 times (x 77B)
Class dagger.MembersInjector                                                          : loaded 5 times (x 68B)
Class dagger.internal.codegen.base.DaggerSuperficialValidation$ValidationException$KnownErrorType: loaded 5 times (x 81B)
Class dagger.internal.codegen.validation.ComponentHierarchyValidator_Factory          : loaded 5 times (x 77B)
Class dagger.internal.codegen.validation.BindsOptionalOfMethodValidator               : loaded 5 times (x 76B)
Class dagger.internal.codegen.processingstep.MapKeyProcessingStep_Factory             : loaded 5 times (x 77B)
Class dagger.internal.codegen.validation.BindingElementValidator$ElementValidator     : loaded 5 times (x 75B)
Class kotlin.io.CloseableKt                                                           : loaded 5 times (x 69B)
Class kotlin.text.DelimitedRangesSequence                                             : loaded 5 times (x 73B)
Class dagger.internal.codegen.componentgenerator.ComponentHjarGenerator               : loaded 5 times (x 75B)
Class dagger.hilt.processor.internal.root.ComponentTreeDepsProcessor                  : loaded 5 times (x 98B)
Class dagger.internal.codegen.bindinggraphvalidation.MapMultibindingValidator         : loaded 5 times (x 83B)
Class [Landroidx.room.processor.Context$BooleanProcessorOptions;                      : loaded 5 times (x 67B)
Class dagger.internal.codegen.binding.BindingGraphFactory                             : loaded 5 times (x 73B)
Class dagger.internal.codegen.validation.BindingMethodValidatorsModule_IndexValidatorsFactory: loaded 5 times (x 77B)
Class dagger.internal.codegen.binding.DelegateDeclaration$Factory                     : loaded 5 times (x 70B)
Class dagger.internal.codegen.binding.InjectionSiteFactory_Factory                    : loaded 5 times (x 77B)
Class dagger.internal.codegen.binding.KeyFactory_Factory                              : loaded 5 times (x 77B)
Class dagger.internal.codegen.validation.BindsInstanceParameterValidator$Validator    : loaded 5 times (x 75B)
Class dagger.internal.codegen.validation.SpiModelBindingGraphConverter$DaggerProcessingEnvImpl: loaded 5 times (x 74B)
Class dagger.internal.codegen.ProcessingEnvironmentModule                             : loaded 5 times (x 68B)
Class dagger.internal.codegen.base.ContributionType$HasContributionType               : loaded 5 times (x 68B)
Class com.squareup.javapoet.FieldSpec$Builder                                         : loaded 5 times (x 70B)
Class dagger.hilt.processor.internal.root.ComponentTreeDepsProcessingStep             : loaded 5 times (x 85B)
Class dagger.hilt.processor.internal.root.RootType                                    : loaded 5 times (x 77B)
Class com.squareup.javapoet.AnnotationSpec$Builder                                    : loaded 5 times (x 70B)
Class dagger.internal.codegen.processingstep.InjectProcessingStep_Factory             : loaded 5 times (x 77B)
Class [Ldagger.spi.model.DaggerProcessingEnv$Backend;                                 : loaded 5 times (x 67B)
Class dagger.internal.codegen.validation.ComponentCreatorValidator_Factory            : loaded 5 times (x 77B)
Class dagger.spi.internal.shaded.androidx.room.compiler.processing.javac.JavacBasicAnnotationProcessor$steps$2: loaded 5 times (x 77B)
Class dagger.spi.internal.shaded.androidx.room.compiler.processing.javac.JavacBasicAnnotationProcessor$2: loaded 5 times (x 77B)
Class dagger.internal.codegen.binding.BindingGraph$TopLevelBindingGraph               : loaded 5 times (x 97B)
Class androidx.room.processor.Context$ProcessorOptions                                : loaded 5 times (x 77B)
Class dagger.spi.internal.shaded.androidx.room.compiler.processing.XTypeElement       : loaded 5 times (x 68B)
Class dagger.internal.codegen.kotlin.KotlinMetadataFactory_Factory                    : loaded 5 times (x 76B)
Class dagger.internal.codegen.validation.BindingMethodValidator$Abstractness          : loaded 5 times (x 77B)
Class dagger.internal.codegen.bindinggraphvalidation.DuplicateBindingsValidator       : loaded 5 times (x 83B)
Class dagger.hilt.android.processor.internal.viewmodel.ViewModelProcessor             : loaded 5 times (x 98B)
Class dagger.hilt.processor.internal.earlyentrypoint.EarlyEntryPointProcessor         : loaded 5 times (x 98B)
Class kotlin.sequences.ConstrainedOnceSequence                                        : loaded 5 times (x 73B)
Class androidx.room.util.SimpleJavaVersion$Companion                                  : loaded 5 times (x 69B)
Class dagger.spi.internal.shaded.androidx.room.compiler.processing.XType              : loaded 5 times (x 68B)
Class com.squareup.javapoet.ClassName                                                 : loaded 5 times (x 82B)
Class dagger.internal.codegen.validation.BindsInstanceParameterValidator              : loaded 5 times (x 76B)
Class dagger.hilt.android.processor.internal.viewmodel.ViewModelValidationPluginKt$WhenMappings: loaded 5 times (x 69B)
Class dagger.internal.codegen.binding.AutoValue_MultibindingDeclaration               : loaded 5 times (x 77B)
Class dagger.internal.codegen.binding.$AutoValue_ModuleDescriptor                     : loaded 5 times (x 83B)
Class dagger.internal.codegen.DaggerDelegateComponentProcessor_Injector$TopLevelImplementationComponentFactory: loaded 5 times (x 73B)
Class dagger.internal.codegen.processingstep.AssistedFactoryProcessingStep            : loaded 5 times (x 84B)
Class dagger.internal.codegen.processingstep.TypeCheckingProcessingStep               : loaded 5 times (x 84B)
Class dagger.internal.codegen.bindinggraphvalidation.InjectBindingValidator           : loaded 5 times (x 83B)
Class com.google.common.collect.ImmutableSetMultimap$EntrySet                         : loaded 5 times (x 144B)
Class com.google.common.base.NullnessCasts                                            : loaded 5 times (x 69B)
Class dagger.hilt.processor.internal.JavacBaseProcessingStepProcessor                 : loaded 5 times (x 98B)
Class dagger.internal.codegen.validation.MultibindsMethodValidator$Validator          : loaded 5 times (x 78B)
Class dagger.internal.codegen.validation.DiagnosticReporterFactory                    : loaded 5 times (x 70B)
Class dagger.internal.codegen.validation.MultibindsMethodValidator                    : loaded 5 times (x 77B)
Class dagger.spi.model.DaggerProcessingEnv                                            : loaded 5 times (x 73B)
Class dagger.internal.codegen.base.DaggerSuperficialValidation$ValidationException    : loaded 5 times (x 81B)
Class dagger.internal.codegen.binding.BindsTypeChecker_Factory                        : loaded 5 times (x 77B)
Class com.squareup.javapoet.LineWrapper$1                                             : loaded 5 times (x 69B)
Class com.squareup.javapoet.JavaFile$Builder                                          : loaded 5 times (x 70B)
Class dagger.internal.codegen.validation.BindingMethodValidator$ExceptionSuperclass$1 : loaded 5 times (x 79B)
Class dagger.internal.codegen.validation.BindingMethodValidator$ExceptionSuperclass$2 : loaded 5 times (x 79B)
Class dagger.internal.codegen.validation.BindingMethodValidator$ExceptionSuperclass$3 : loaded 5 times (x 79B)
Class net.ltgt.gradle.incap.IncrementalAnnotationProcessorType                        : loaded 5 times (x 77B)
Class dagger.internal.codegen.validation.ComponentDescriptorValidator                 : loaded 5 times (x 70B)
Class dagger.internal.codegen.DelegateComponentProcessor_SourceFileGeneratorsModule_ModuleConstructorProxyGeneratorFactory: loaded 5 times (x 77B)
Class dagger.internal.codegen.validation.SpiModelBindingGraphConverter                : loaded 5 times (x 69B)
Class dagger.spi.internal.shaded.androidx.room.compiler.processing.XProcessingEnvConfig$Builder: loaded 5 times (x 70B)
Class dagger.internal.codegen.componentgenerator.ComponentGeneratorModule             : loaded 5 times (x 68B)
Class androidx.room.compiler.processing.javac.JavacBasicAnnotationProcessor$steps$2   : loaded 5 times (x 77B)
Class dagger.internal.codegen.processingstep.ProcessingStepsModule_ProcessingStepsFactory: loaded 5 times (x 77B)
Class dagger.spi.internal.shaded.androidx.room.compiler.processing.javac.XTypeElementStore: loaded 5 times (x 70B)
Class dagger.internal.codegen.binding.KeyFactory                                      : loaded 5 times (x 70B)
Class [Lkotlin.Pair;                                                                  : loaded 5 times (x 67B)
Class com.squareup.javapoet.ParameterSpec$Builder                                     : loaded 5 times (x 70B)
Class dagger.hilt.processor.internal.uninstallmodules.UninstallModulesProcessor       : loaded 5 times (x 98B)
Class dagger.hilt.processor.internal.aggregateddeps.AggregatedDepsProcessor           : loaded 5 times (x 98B)
Class dagger.internal.codegen.bindinggraphvalidation.ProvisionDependencyOnProducerBindingValidator_Factory: loaded 5 times (x 76B)
Class dagger.spi.model.BindingGraph$Node                                              : loaded 5 times (x 68B)
Class [Ldagger.internal.codegen.model.BindingGraphPlugin;                             : loaded 5 times (x 67B)
Class com.google.common.collect.ImmutableMap$MapViewOfValuesAsSingletonSets$1         : loaded 5 times (x 80B)
Class dagger.spi.internal.shaded.androidx.room.compiler.processing.compat.XConverters : loaded 5 times (x 69B)
Class dagger.internal.codegen.validation.InjectValidator_Factory                      : loaded 5 times (x 77B)
Class dagger.internal.codegen.processingstep.ComponentProcessingStep_Factory          : loaded 5 times (x 77B)
Class androidx.room.compiler.processing.XProcessingEnv$Backend                        : loaded 5 times (x 77B)
Class kotlin.comparisons.NaturalOrderComparator                                       : loaded 5 times (x 86B)
Class dagger.internal.codegen.binding.ProvisionBinding$Builder                        : loaded 5 times (x 86B)
Class dagger.internal.DoubleCheck                                                     : loaded 5 times (x 78B)
Class dagger.internal.codegen.binding.$AutoValue_ComponentDescriptor                  : loaded 5 times (x 87B)
Class dagger.internal.codegen.DelegateComponentProcessor$Injector$Factory             : loaded 5 times (x 68B)
Class dagger.internal.codegen.ComponentProcessor                                      : loaded 5 times (x 96B)
Class dagger.internal.codegen.ProcessingEnvironmentModule_ProcessingOptionsFactory    : loaded 5 times (x 77B)
Class com.squareup.javapoet.LineWrapper                                               : loaded 5 times (x 70B)
Class dagger.internal.codegen.base.ComponentCreatorKind                               : loaded 5 times (x 77B)
Class dagger.internal.codegen.binding.SourceFiles_Factory                             : loaded 5 times (x 76B)
Class dagger.hilt.processor.internal.aliasof.AliasOfProcessingStep                    : loaded 5 times (x 85B)
Class com.google.common.base.PairwiseEquivalence                                      : loaded 5 times (x 81B)
Class dagger.internal.codegen.writing.MembersInjectorGenerator                        : loaded 5 times (x 75B)
Class com.google.common.collect.AbstractSetMultimap                                   : loaded 5 times (x 172B)
Class dagger.internal.codegen.writing.UnwrappedMapKeyGenerator                        : loaded 5 times (x 78B)
Class com.squareup.javapoet.CodeWriter$Multiset                                       : loaded 5 times (x 70B)
Class dagger.internal.codegen.binding.MethodSignatureFormatter_Factory                : loaded 5 times (x 77B)
Class [Landroidx.room.compiler.processing.XProcessingEnv$Backend;                     : loaded 5 times (x 67B)
Class dagger.internal.codegen.writing.InaccessibleMapKeyProxyGenerator_Factory        : loaded 5 times (x 77B)
Class com.squareup.javapoet.CodeBlock                                                 : loaded 5 times (x 70B)
Class dagger.internal.codegen.binding.AutoValue_DelegateDeclaration                   : loaded 5 times (x 81B)
Class dagger.hilt.android.processor.internal.androidentrypoint.AndroidEntryPointProcessingStep: loaded 5 times (x 85B)
Class com.squareup.javapoet.TypeName                                                  : loaded 5 times (x 79B)
Class dagger.internal.codegen.bindinggraphvalidation.IncompatiblyScopedBindingsValidator: loaded 5 times (x 83B)
Class dagger.internal.codegen.bindinggraphvalidation.DuplicateBindingsValidator_Factory: loaded 5 times (x 77B)
Class dagger.internal.codegen.processingstep.ComponentHjarProcessingStep              : loaded 5 times (x 84B)
Class com.google.common.collect.Multimaps                                             : loaded 5 times (x 69B)
Class dagger.internal.codegen.processingstep.MonitoringModuleProcessingStep_Factory   : loaded 5 times (x 77B)
Class dagger.internal.codegen.binding.DelegateDeclaration                             : loaded 5 times (x 78B)
Class dagger.internal.codegen.processingstep.BindsInstanceProcessingStep              : loaded 5 times (x 84B)
Class dagger.internal.codegen.compileroption.ProcessingEnvironmentCompilerOptions$CommandLineOption: loaded 5 times (x 68B)
Class dagger.internal.codegen.bindinggraphvalidation.CompositeBindingGraphPlugin_Factory_Impl: loaded 5 times (x 73B)
Class com.squareup.javapoet.MethodSpec                                                : loaded 5 times (x 70B)
Class dagger.spi.internal.shaded.androidx.room.compiler.processing.XProcessingEnvConfig$Companion: loaded 5 times (x 69B)
Class dagger.internal.codegen.binding.AutoValue_ComponentDescriptor                   : loaded 5 times (x 88B)
Class dagger.internal.codegen.model.DaggerProcessingEnv                               : loaded 5 times (x 72B)
Class dagger.internal.codegen.compileroption.ProcessingEnvironmentCompilerOptions$Feature: loaded 5 times (x 88B)
Class dagger.internal.codegen.writing.AnnotationCreatorGenerator_Factory              : loaded 5 times (x 77B)
Class dagger.internal.codegen.binding.OptionalBindingDeclaration_Factory_Factory      : loaded 5 times (x 77B)
Class kotlin.io.FilesKt__UtilsKt                                                      : loaded 5 times (x 69B)
Class com.google.common.base.Equivalence                                              : loaded 5 times (x 80B)
Class dagger.internal.codegen.binding.BindingGraphFactory_Factory                     : loaded 5 times (x 77B)
Class androidx.room.compiler.processing.XProcessingEnvConfig$Builder                  : loaded 5 times (x 70B)
Class dagger.internal.codegen.binding.BindingGraphConverter                           : loaded 5 times (x 70B)
Class dagger.internal.codegen.validation.SpiModelBindingGraphConverter$1              : loaded 5 times (x 69B)
Class dagger.internal.codegen.validation.BindingMethodValidatorsModule                : loaded 5 times (x 68B)
Class [Ldagger.hilt.processor.internal.root.RootType;                                 : loaded 5 times (x 67B)
Class dagger.hilt.android.processor.internal.customtestapplication.CustomTestApplicationProcessingStep: loaded 5 times (x 85B)
Class dagger.internal.codegen.base.AutoValue_ComponentAnnotation                      : loaded 5 times (x 74B)
Class dagger.internal.codegen.bindinggraphvalidation.DependsOnProductionExecutorValidator: loaded 5 times (x 83B)
Class [Lcom.squareup.javapoet.TypeName;                                               : loaded 5 times (x 67B)
Class dagger.internal.codegen.processingstep.MapKeyProcessingStep                     : loaded 5 times (x 84B)
Class dagger.internal.codegen.bindinggraphvalidation.SetMultibindingValidator_Factory : loaded 5 times (x 76B)
Class com.google.common.base.Equivalence$Identity                                     : loaded 5 times (x 80B)
Class dagger.internal.codegen.processingstep.AssistedProcessingStep_Factory           : loaded 5 times (x 77B)
Class dagger.internal.codegen.validation.ModuleValidator                              : loaded 5 times (x 70B)
Class com.squareup.javapoet.MethodSpec$Builder                                        : loaded 5 times (x 70B)
Class dagger.internal.codegen.binding.SourceFiles                                     : loaded 5 times (x 69B)
Class dagger.internal.codegen.validation.InjectBindingRegistryImpl$BindingsCollection : loaded 5 times (x 70B)
Class dagger.internal.codegen.validation.DiagnosticReporterFactory$DiagnosticReporterImpl: loaded 5 times (x 74B)
Class [Ldagger.internal.codegen.model.RequestKind;                                    : loaded 5 times (x 67B)
Class dagger.internal.codegen.model.DiagnosticReporter                                : loaded 5 times (x 73B)
Class dagger.internal.codegen.validation.BindsMethodValidator                         : loaded 5 times (x 76B)
Class com.squareup.javapoet.JavaFile$1                                                : loaded 5 times (x 77B)
Class dagger.internal.codegen.processingstep.MonitoringModuleGenerator                : loaded 5 times (x 75B)
Class dagger.internal.codegen.validation.BindsInstanceParameterValidator_Factory      : loaded 5 times (x 77B)
Class dagger.internal.codegen.DaggerDelegateComponentProcessor_Injector$InjectorImpl  : loaded 5 times (x 73B)
Class dagger.internal.codegen.validation.InjectBindingRegistryImpl_Factory            : loaded 5 times (x 77B)
Class kotlin.sequences.TransformingSequence                                           : loaded 5 times (x 73B)
Class dagger.internal.codegen.binding.ComponentDescriptor_Factory_Factory             : loaded 5 times (x 77B)
Class dagger.internal.codegen.binding.MethodSignatureFormatter$1                      : loaded 5 times (x 85B)
Class com.squareup.javapoet.FieldSpec                                                 : loaded 5 times (x 70B)
Class dagger.internal.codegen.processingstep.MonitoringModuleGenerator_Factory        : loaded 5 times (x 77B)
Class [Ldagger.internal.codegen.validation.BindingElementValidator$AllowsMultibindings;: loaded 5 times (x 67B)
Class androidx.room.compiler.processing.XProcessingStep                               : loaded 5 times (x 68B)
Class dagger.internal.codegen.base.DaggerSuperficialValidation$ValidationException$UnknownErrorType: loaded 5 times (x 81B)
Class dagger.internal.codegen.base.SourceFileHjarGenerator                            : loaded 5 times (x 75B)
Class androidx.room.compiler.processing.javac.JavacProcessingEnv$messager$2           : loaded 5 times (x 77B)
Class com.squareup.javapoet.LineWrapper$FlushType                                     : loaded 5 times (x 77B)
Class [Ldagger.internal.codegen.validation.BindingMethodValidator$ExceptionSuperclass;: loaded 5 times (x 67B)
Class dagger.internal.codegen.bindinggraphvalidation.IncompatiblyScopedBindingsValidator_Factory: loaded 5 times (x 77B)
Class dagger.internal.codegen.processingstep.ComponentProcessingStep                  : loaded 5 times (x 84B)
Class dagger.hilt.android.processor.internal.customtestapplication.CustomTestApplicationProcessor: loaded 5 times (x 98B)
Class com.google.common.collect.Maps$IteratorBasedAbstractMap$1                       : loaded 5 times (x 136B)
Class dagger.internal.codegen.DelegateComponentProcessor_SourceFileGeneratorsModule_ProducerFactoryGeneratorFactory: loaded 5 times (x 77B)
Class [Ldagger.internal.codegen.validation.ValidationBindingGraphPlugin;              : loaded 5 times (x 67B)
Class [Landroidx.room.processor.Context$ProcessorOptions;                             : loaded 5 times (x 67B)
Class dagger.internal.codegen.compileroption.ProcessingEnvironmentCompilerOptions$EnumOption: loaded 5 times (x 68B)
Class org.apache.commons.io.output.StringBuilderWriter                                : loaded 5 times (x 98B)
Class dagger.internal.codegen.binding.BindingFactory                                  : loaded 5 times (x 70B)
Class dagger.internal.codegen.binding.MembersInjectionBinding                         : loaded 5 times (x 83B)
Class dagger.internal.codegen.binding.$AutoValue_DelegateDeclaration                  : loaded 5 times (x 81B)
Class dagger.internal.codegen.compileroption.ProcessingEnvironmentCompilerOptions$KeyOnlyOption: loaded 5 times (x 84B)
Class androidx.room.compiler.processing.javac.JavacBasicAnnotationProcessor$commonDelegate$2: loaded 5 times (x 77B)
Class kotlin.io.FilesKt                                                               : loaded 5 times (x 69B)
Class dagger.internal.codegen.validation.ComponentHierarchyValidator                  : loaded 5 times (x 70B)
Class dagger.internal.codegen.bindinggraphvalidation.MissingBindingValidator          : loaded 5 times (x 83B)
Class dagger.internal.codegen.binding.AutoValue_OptionalBindingDeclaration            : loaded 5 times (x 73B)
Class dagger.internal.codegen.DelegateComponentProcessor                              : loaded 5 times (x 70B)
Class dagger.internal.codegen.kotlin.KotlinMetadataFactory                            : loaded 5 times (x 73B)
Class dagger.internal.codegen.processingstep.MultibindingAnnotationsProcessingStep_Factory: loaded 5 times (x 77B)
Class dagger.hilt.processor.internal.definecomponent.DefineComponentProcessor         : loaded 5 times (x 98B)
Class dagger.internal.codegen.validation.ValidationBindingGraphPlugins_Factory        : loaded 5 times (x 77B)
Class dagger.internal.codegen.processingstep.ModuleProcessingStep                     : loaded 5 times (x 84B)
Class dagger.internal.codegen.validation.ProvidesMethodValidator_Factory              : loaded 5 times (x 77B)
Class android.databinding.annotationprocessor.ProcessDataBinding$Callback             : loaded 5 times (x 68B)
Class dagger.internal.codegen.binding.$AutoValue_MultibindingDeclaration              : loaded 5 times (x 77B)
Class com.squareup.javapoet.TypeSpec$Kind                                             : loaded 5 times (x 77B)
Class dagger.spi.model.BindingGraph$Edge                                              : loaded 5 times (x 68B)
Class dagger.internal.codegen.validation.ComponentCreatorValidator                    : loaded 5 times (x 73B)
Class com.squareup.javapoet.LineWrapper$RecordingAppendable                           : loaded 5 times (x 75B)
Class dagger.spi.model.BindingGraphPlugin                                             : loaded 5 times (x 68B)
Class dagger.spi.internal.shaded.androidx.room.compiler.processing.XElement           : loaded 5 times (x 68B)
Class dagger.internal.codegen.writing.ProducerFactoryGenerator_Factory                : loaded 5 times (x 77B)
Class dagger.internal.codegen.ServiceLoaders$1                                        : loaded 5 times (x 69B)
Class dagger.internal.codegen.compileroption.ProcessingEnvironmentCompilerOptions     : loaded 5 times (x 93B)
Class org.apache.commons.io.output.AppendableWriter                                   : loaded 5 times (x 98B)
Class org.apache.commons.io.StandardLineSeparator                                     : loaded 5 times (x 77B)
Class dagger.internal.InstanceFactory                                                 : loaded 5 times (x 80B)
Class dagger.spi.internal.shaded.androidx.room.compiler.processing.javac.JavacProcessingEnv$typeElementStore$3: loaded 5 times (x 77B)
Class dagger.internal.codegen.binding.DependencyRequestFormatter_Factory              : loaded 5 times (x 77B)
Class androidx.room.processor.Context                                                 : loaded 5 times (x 70B)
Class dagger.spi.internal.shaded.androidx.room.compiler.processing.javac.JavacProcessingEnv$typeElementStore$2: loaded 5 times (x 76B)
Class dagger.spi.internal.shaded.androidx.room.compiler.processing.javac.JavacProcessingEnv$typeElementStore$1: loaded 5 times (x 77B)
Class dagger.spi.internal.shaded.androidx.room.compiler.processing.XHasModifiers      : loaded 5 times (x 68B)
Class dagger.internal.codegen.DelegateComponentProcessor_SourceFileGeneratorsModule_FactoryGeneratorFactory: loaded 5 times (x 77B)
Class [Lorg.apache.commons.io.StandardLineSeparator;                                  : loaded 5 times (x 67B)
Class [Ldagger.internal.codegen.compileroption.FeatureStatus;                         : loaded 5 times (x 67B)
Class dagger.internal.codegen.kotlin.KotlinMetadataUtil_Factory                       : loaded 5 times (x 77B)
Class [Ldagger.internal.codegen.compileroption.ProcessingEnvironmentCompilerOptions$Validation;: loaded 5 times (x 67B)
Class dagger.internal.codegen.validation.MembersInjectionValidator_Factory            : loaded 5 times (x 77B)
Class [[Ldagger.internal.codegen.compileroption.ProcessingEnvironmentCompilerOptions$CommandLineOption;: loaded 5 times (x 67B)
Class dagger.internal.codegen.binding.ComponentDescriptor                             : loaded 5 times (x 85B)
Class dagger.internal.codegen.processingstep.MultibindingAnnotationsProcessingStep    : loaded 5 times (x 84B)
Class dagger.spi.internal.shaded.androidx.room.compiler.processing.javac.JavacBasicAnnotationProcessor$commonDelegate$2: loaded 5 times (x 77B)
Class [Ldagger.hilt.processor.internal.optionvalues.BooleanValue;                     : loaded 5 times (x 67B)
Class dagger.internal.codegen.base.ElementFormatter_Factory                           : loaded 5 times (x 76B)
Class dagger.internal.codegen.binding.InjectionSiteFactory                            : loaded 5 times (x 70B)
Class dagger.internal.codegen.base.DaggerSuperficialValidation                        : loaded 5 times (x 70B)
Class dagger.internal.codegen.writing.FactoryGenerator_Factory                        : loaded 5 times (x 77B)
Class dagger.spi.internal.shaded.androidx.room.compiler.processing.XExecutableElement : loaded 5 times (x 68B)
Class com.google.common.graph.Network                                                 : loaded 5 times (x 68B)
Class dagger.internal.codegen.validation.ExternalBindingGraphPlugins_Factory          : loaded 5 times (x 77B)
Class dagger.internal.codegen.base.DaggerSuperficialValidation_Factory                : loaded 5 times (x 77B)
Class com.google.common.base.Absent                                                   : loaded 5 times (x 78B)
Class dagger.internal.codegen.model.BindingGraph$MaybeBinding                         : loaded 5 times (x 68B)
Class com.squareup.javapoet.ParameterSpec                                             : loaded 5 times (x 70B)
Class dagger.internal.codegen.compileroption.ProcessingEnvironmentCompilerOptions$Validation: loaded 5 times (x 91B)
Class dagger.internal.codegen.binding.InjectBindingRegistry                           : loaded 5 times (x 68B)
Class dagger.hilt.processor.internal.HiltCompilerOptions$EnumOption                   : loaded 5 times (x 70B)
Class dagger.internal.codegen.binding.ModuleDescriptor                                : loaded 5 times (x 78B)
Class dagger.internal.codegen.processingstep.MonitoringModuleProcessingStep           : loaded 5 times (x 84B)
Class dagger.internal.codegen.DaggerDelegateComponentProcessor_Injector               : loaded 5 times (x 69B)
Class androidx.room.Database                                                          : loaded 5 times (x 68B)
Class androidx.room.compiler.processing.javac.JavacProcessingEnv$Companion            : loaded 5 times (x 69B)
Class dagger.internal.codegen.processingstep.AssistedFactoryProcessingStep_Factory    : loaded 5 times (x 77B)
Class com.google.common.collect.ImmutableMap$IteratorBasedImmutableMap$1EntrySetImpl  : loaded 5 times (x 150B)
Class kotlin.io.TextStreamsKt                                                         : loaded 5 times (x 69B)
Class dagger.internal.codegen.processingstep.ProcessingStepsModule                    : loaded 5 times (x 68B)
Class [Ldagger.internal.codegen.compileroption.ProcessingEnvironmentCompilerOptions$EnumOption;: loaded 5 times (x 67B)
Class dagger.internal.codegen.validation.InjectBindingRegistryImpl                    : loaded 5 times (x 79B)
Class dagger.internal.codegen.binding.MultibindingDeclaration$Factory                 : loaded 5 times (x 70B)
Class dagger.internal.codegen.bindinggraphvalidation.NullableBindingValidator         : loaded 5 times (x 83B)
Class dagger.internal.codegen.bindinggraphvalidation.SubcomponentFactoryMethodValidator_Factory$InstanceHolder: loaded 5 times (x 69B)
Class kotlin.io.FilesKt__FileTreeWalkKt                                               : loaded 5 times (x 69B)
Class androidx.room.compiler.processing.javac.JavacBasicAnnotationProcessor$xEnv$2    : loaded 5 times (x 77B)
Class dagger.internal.codegen.binding.DependencyRequestFactory                        : loaded 5 times (x 70B)
Class dagger.hilt.processor.internal.ClassNames                                       : loaded 5 times (x 69B)
Class dagger.hilt.processor.internal.generatesrootinput.GeneratesRootInputs           : loaded 5 times (x 70B)
Class dagger.internal.codegen.binding.InjectionAnnotations_Factory                    : loaded 5 times (x 77B)
Class io.realm.processor.RealmProcessor                                               : loaded 5 times (x 86B)
Class dagger.internal.codegen.validation.ModuleValidator_Factory                      : loaded 5 times (x 77B)
Class dagger.internal.codegen.bindinggraphvalidation.ProvisionDependencyOnProducerBindingValidator_Factory$InstanceHolder: loaded 5 times (x 69B)
Class dagger.internal.codegen.validation.SpiModelBindingGraphConverter$DiagnosticReporterImpl: loaded 5 times (x 74B)
Class kotlin.reflect.jvm.internal.ReflectProperties$LazyVal                           : loaded 5 times (x 73B)
Class dagger.spi.internal.shaded.androidx.room.compiler.processing.XVariableElement   : loaded 5 times (x 68B)
Class dagger.internal.codegen.writing.InaccessibleMapKeyProxyGenerator                : loaded 5 times (x 75B)
Class dagger.internal.codegen.binding.ContributionBinding                             : loaded 5 times (x 88B)
Class dagger.internal.codegen.validation.BindingMethodValidator                       : loaded 5 times (x 76B)
Class [Lcom.squareup.javapoet.LineWrapper$FlushType;                                  : loaded 5 times (x 67B)
Class dagger.internal.codegen.kotlin.KotlinMetadataFactory_Factory$InstanceHolder     : loaded 5 times (x 69B)
Class dagger.internal.codegen.validation.DiagnosticMessageGenerator_Factory_Factory   : loaded 5 times (x 77B)
Class dagger.internal.codegen.model.RequestKind                                       : loaded 5 times (x 77B)
Class dagger.internal.codegen.DelegateComponentProcessor$SourceFileGeneratorsModule   : loaded 5 times (x 68B)
Class dagger.internal.codegen.ServiceLoaders                                          : loaded 5 times (x 69B)
Class dagger.internal.codegen.processingstep.ComponentHjarProcessingStep_Factory      : loaded 5 times (x 77B)
Class [Ldagger.internal.codegen.validation.BindingElementValidator$AllowsScoping;     : loaded 5 times (x 67B)
Class dagger.internal.codegen.bindinggraphvalidation.DependencyCycleValidator_Factory : loaded 5 times (x 77B)
Class dagger.hilt.processor.internal.HiltCompilerOptions                              : loaded 5 times (x 69B)
Class com.squareup.javapoet.CodeWriter                                                : loaded 5 times (x 70B)
Class dagger.internal.codegen.validation.BindingGraphValidator_Factory                : loaded 5 times (x 77B)
Class com.squareup.javapoet.TypeVariableName                                          : loaded 5 times (x 79B)
Class dagger.internal.codegen.validation.ModuleValidator$ModuleMethodKind             : loaded 5 times (x 77B)
Class kotlin.collections.EmptyMap                                                     : loaded 5 times (x 107B)
Class com.squareup.javapoet.Util                                                      : loaded 5 times (x 69B)
Class dagger.hilt.processor.internal.BadInputException                                : loaded 5 times (x 80B)
Class dagger.internal.codegen.processingstep.AssistedInjectProcessingStep_Factory     : loaded 5 times (x 77B)
Class dagger.spi.internal.shaded.androidx.room.compiler.processing.javac.JavacProcessingEnvMessager: loaded 5 times (x 71B)
Class com.google.common.base.Equivalence$Equals                                       : loaded 5 times (x 80B)
Class dagger.internal.codegen.validation.DependencyRequestValidator_Factory           : loaded 5 times (x 77B)
Class dagger.internal.codegen.processingstep.BindingMethodProcessingStep_Factory      : loaded 5 times (x 77B)
Class com.google.common.collect.Iterators$6                                           : loaded 5 times (x 79B)
Class dagger.internal.codegen.binding.Binding                                         : loaded 5 times (x 81B)
Class dagger.hilt.processor.internal.originatingelement.OriginatingElementProcessingStep: loaded 5 times (x 85B)
Class dagger.internal.codegen.bindinggraphvalidation.BindingGraphValidationModule_ProvidePluginsFactory: loaded 5 times (x 77B)
Class dagger.hilt.android.processor.internal.bindvalue.AutoValue_BindValueMetadata    : loaded 5 times (x 72B)
Class dagger.internal.codegen.bindinggraphvalidation.CompositeBindingGraphPlugin_Factory: loaded 5 times (x 70B)
Class androidx.room.compiler.processing.XProcessingEnv                                : loaded 5 times (x 68B)
Class [Ldagger.internal.codegen.validation.BindingMethodValidator$Abstractness;       : loaded 5 times (x 67B)
Class dagger.internal.codegen.processingstep.AssistedProcessingStep                   : loaded 5 times (x 84B)
Class dagger.internal.codegen.binding.OptionalBindingDeclaration                      : loaded 5 times (x 72B)
Class dagger.internal.codegen.binding.ProvisionBinding                                : loaded 5 times (x 93B)
Class dagger.internal.codegen.validation.DiagnosticMessageGenerator$Factory           : loaded 5 times (x 70B)
Class kotlin.collections.MapWithDefault                                               : loaded 5 times (x 68B)
Class [Ldagger.spi.internal.shaded.androidx.room.compiler.processing.XProcessingEnv$Backend;: loaded 5 times (x 67B)
Class io.realm.processor.ClassCollection                                              : loaded 5 times (x 70B)
Class dagger.spi.internal.shaded.androidx.room.compiler.processing.XExecutableType    : loaded 5 times (x 68B)
Class com.google.gson.stream.JsonToken                                                : loaded 4 times (x 77B)
Class com.google.common.collect.LinkedHashMultimap$ValueEntry                         : loaded 4 times (x 87B)
Class com.google.gson.internal.bind.CollectionTypeAdapterFactory                      : loaded 4 times (x 73B)
Class com.google.common.cache.LocalCache$EntryFactory$4                               : loaded 4 times (x 81B)
Class [Lcom.google.common.collect.Maps$EntryFunction;                                 : loaded 4 times (x 67B)
Class kotlin.collections.builders.ListBuilder$Companion                               : loaded 4 times (x 69B)
Class com.google.common.cache.LocalCache$LocalManualCache                             : loaded 4 times (x 97B)
Class com.google.common.cache.LocalCache$EntryFactory$5                               : loaded 4 times (x 81B)
Class com.google.common.cache.LocalCache$EntryFactory$6                               : loaded 4 times (x 81B)
Class com.google.common.cache.LocalCache$EntryFactory$7                               : loaded 4 times (x 81B)
Class com.google.gson.ToNumberStrategy                                                : loaded 4 times (x 68B)
Class com.google.gson.stream.JsonWriter                                               : loaded 4 times (x 96B)
Class com.google.common.cache.LocalCache$EntryFactory$8                               : loaded 4 times (x 81B)
Class com.google.common.cache.LocalCache$EntryFactory$3                               : loaded 4 times (x 81B)
Class com.google.gson.internal.bind.TypeAdapters$9                                    : loaded 4 times (x 73B)
Class [Lkotlin.io.FileWalkDirection;                                                  : loaded 4 times (x 67B)
Class kotlin.collections.IndexedValue                                                 : loaded 4 times (x 70B)
Class com.google.gson.internal.bind.TypeAdapters$8                                    : loaded 4 times (x 73B)
Class com.google.common.cache.LocalCache$EntryFactory$2                               : loaded 4 times (x 81B)
Class com.google.gson.internal.bind.TypeAdapters$EnumTypeAdapter                      : loaded 4 times (x 72B)
Class com.google.common.collect.AbstractMapBasedMultimap$WrappedCollection            : loaded 4 times (x 122B)
Class kotlin.collections.AbstractMutableList                                          : loaded 4 times (x 166B)
Class kotlin.reflect.jvm.internal.KMutableProperty1Impl                               : loaded 4 times (x 133B)
Class com.google.gson.internal.bind.TypeAdapters$7                                    : loaded 4 times (x 73B)
Class android.databinding.tool.CompilerArguments$Type                                 : loaded 4 times (x 77B)
Class com.google.common.collect.ReverseNaturalOrdering                                : loaded 4 times (x 112B)
Class [Lcom.google.gson.ToNumberPolicy;                                               : loaded 4 times (x 67B)
Class com.google.gson.internal.bind.TypeAdapters                                      : loaded 4 times (x 69B)
Class com.google.gson.internal.bind.TypeAdapters$6                                    : loaded 4 times (x 73B)
Class com.google.common.collect.AbstractMapBasedMultimap$KeySet$1                     : loaded 4 times (x 80B)
Class com.google.gson.internal.bind.TypeAdapters$5                                    : loaded 4 times (x 73B)
Class org.apache.commons.io.FileExistsException                                       : loaded 4 times (x 80B)
Class com.google.gson.internal.sql.SqlDateTypeAdapter$1                               : loaded 4 times (x 73B)
Class kotlin.collections.State                                                        : loaded 4 times (x 77B)
Class com.google.gson.internal.bind.ReflectiveTypeAdapterFactory$BoundField           : loaded 4 times (x 73B)
Class kotlin.coroutines.CoroutineContext                                              : loaded 4 times (x 68B)
Class com.google.gson.FieldNamingPolicy$7                                             : loaded 4 times (x 81B)
Class com.google.common.cache.LocalCache$EntryFactory$1                               : loaded 4 times (x 81B)
Class com.google.common.collect.MultimapBuilder$MultimapBuilderWithKeys$6             : loaded 4 times (x 74B)
Class com.google.common.collect.MultimapBuilder$ListMultimapBuilder                   : loaded 4 times (x 73B)
Class com.google.gson.FieldNamingPolicy$6                                             : loaded 4 times (x 81B)
Class com.google.common.cache.LoadingCache                                            : loaded 4 times (x 68B)
Class org.apache.commons.io.output.QueueOutputStream                                  : loaded 4 times (x 85B)
Class kotlin.annotation.AnnotationTarget                                              : loaded 4 times (x 77B)
Class com.google.common.collect.MultimapBuilder$MultimapBuilderWithKeys$5             : loaded 4 times (x 76B)
Class [Lcom.google.common.cache.LocalCache$Strength;                                  : loaded 4 times (x 67B)
Class com.google.gson.stream.JsonReader$1                                             : loaded 4 times (x 70B)
Class com.google.gson.internal.bind.DefaultDateTypeAdapter$DateType                   : loaded 4 times (x 71B)
Class com.google.gson.Gson$FutureTypeAdapter                                          : loaded 4 times (x 74B)
Class kotlin.jvm.internal.MutablePropertyReference1Impl                               : loaded 4 times (x 135B)
Class com.google.gson.internal.reflect.ReflectionHelper$RecordSupportedHelper         : loaded 4 times (x 76B)
Class com.google.common.collect.ExplicitOrdering                                      : loaded 4 times (x 113B)
Class com.google.gson.internal.bind.TypeAdapters$4                                    : loaded 4 times (x 73B)
Class com.google.gson.FieldNamingPolicy$5                                             : loaded 4 times (x 81B)
Class com.google.common.collect.Maps$TransformedEntriesMap                            : loaded 4 times (x 125B)
Class kotlin.collections.builders.MapBuilder$Companion                                : loaded 4 times (x 69B)
Class com.google.common.collect.NullsLastOrdering                                     : loaded 4 times (x 113B)
Class com.google.gson.JsonSyntaxException                                             : loaded 4 times (x 80B)
Class com.google.common.collect.Maps$9                                                : loaded 4 times (x 74B)
Class com.google.common.base.CommonPattern                                            : loaded 4 times (x 72B)
Class org.apache.commons.io.file.PathFilter                                           : loaded 4 times (x 68B)
Class [Lcom.google.common.collect.LinkedHashMultimap$ValueSetLink;                    : loaded 4 times (x 67B)
Class com.google.common.collect.AllEqualOrdering                                      : loaded 4 times (x 112B)
Class com.google.gson.FieldNamingPolicy$4                                             : loaded 4 times (x 81B)
Class com.google.gson.internal.bind.TypeAdapters$3                                    : loaded 4 times (x 73B)
Class [Lcom.google.common.cache.CacheBuilder$NullListener;                            : loaded 4 times (x 67B)
Class com.google.gson.FieldNamingPolicy$3                                             : loaded 4 times (x 81B)
Class com.google.gson.internal.bind.TypeAdapters$2                                    : loaded 4 times (x 73B)
Class com.google.common.collect.ComparatorOrdering                                    : loaded 4 times (x 113B)
Class com.google.gson.internal.bind.DateTypeAdapter$1                                 : loaded 4 times (x 73B)
Class com.google.gson.FieldNamingPolicy$2                                             : loaded 4 times (x 81B)
Class com.google.gson.JsonIOException                                                 : loaded 4 times (x 80B)
Class com.google.common.collect.MultimapBuilder$MultimapBuilderWithKeys$4             : loaded 4 times (x 74B)
Class com.google.gson.internal.bind.TypeAdapters$1                                    : loaded 4 times (x 73B)
Class com.google.gson.FieldNamingPolicy$1                                             : loaded 4 times (x 81B)
Class com.google.common.collect.UsingToStringOrdering                                 : loaded 4 times (x 112B)
Class com.google.gson.internal.$Gson$Types                                            : loaded 4 times (x 69B)
Class com.google.common.cache.CacheLoader$UnsupportedLoadingOperationException        : loaded 4 times (x 80B)
Class org.apache.commons.io.FilenameUtils                                             : loaded 4 times (x 69B)
Class com.google.common.cache.ReferenceEntry                                          : loaded 4 times (x 68B)
Class kotlin.coroutines.Continuation                                                  : loaded 4 times (x 68B)
Class com.google.common.base.MoreObjects                                              : loaded 4 times (x 69B)
Class com.google.gson.internal.sql.SqlDateTypeAdapter                                 : loaded 4 times (x 72B)
Class [Lkotlin.annotation.AnnotationRetention;                                        : loaded 4 times (x 67B)
Class android.databinding.tool.util.LoggedErrorException                              : loaded 4 times (x 80B)
Class com.google.gson.internal.reflect.ReflectionHelper                               : loaded 4 times (x 69B)
Class com.google.gson.internal.bind.MapTypeAdapterFactory                             : loaded 4 times (x 73B)
Class com.google.gson.internal.ConstructorConstructor$19                              : loaded 4 times (x 74B)
Class com.google.gson.internal.bind.JsonTreeWriter                                    : loaded 4 times (x 96B)
Class com.google.common.collect.Iterables$5                                           : loaded 4 times (x 79B)
Class com.google.common.collect.LexicographicalOrdering                               : loaded 4 times (x 113B)
Class kotlin.jvm.internal.markers.KMutableIterator                                    : loaded 4 times (x 68B)
Class com.google.common.collect.FluentIterable                                        : loaded 4 times (x 79B)
Class com.google.common.collect.MultimapBuilder$MultimapBuilderWithKeys$3             : loaded 4 times (x 74B)
Class com.google.common.cache.CacheStats                                              : loaded 4 times (x 69B)
Class [Lcom.google.gson.stream.JsonToken;                                             : loaded 4 times (x 67B)
Class [Lcom.google.common.base.Function;                                              : loaded 4 times (x 67B)
Class kotlin.coroutines.intrinsics.IntrinsicsKt__IntrinsicsJvmKt                      : loaded 4 times (x 69B)
Class kotlin.collections.builders.ListBuilderKt                                       : loaded 4 times (x 69B)
Class kotlin.coroutines.jvm.internal.BaseContinuationImpl                             : loaded 4 times (x 85B)
Class kotlin.jvm.internal.markers.KMutableIterable                                    : loaded 4 times (x 68B)
Class com.google.common.collect.LinkedHashMultimapGwtSerializationDependencies        : loaded 4 times (x 172B)
Class com.google.common.cache.LocalCache$LocalLoadingCache                            : loaded 4 times (x 132B)
Class com.google.gson.internal.ConstructorConstructor$18                              : loaded 4 times (x 73B)
Class com.google.common.base.Suppliers$SupplierOfInstance                             : loaded 4 times (x 77B)
Class com.google.common.collect.MultimapBuilder$MultimapBuilderWithKeys$2             : loaded 4 times (x 74B)
Class kotlin.coroutines.EmptyCoroutineContext                                         : loaded 4 times (x 75B)
Class [Lcom.google.gson.ReflectionAccessFilter$FilterResult;                          : loaded 4 times (x 67B)
Class com.google.gson.internal.sql.SqlTimeTypeAdapter$1                               : loaded 4 times (x 73B)
Class com.google.common.collect.MultimapBuilder                                       : loaded 4 times (x 71B)
Class com.google.common.base.Objects                                                  : loaded 4 times (x 69B)
Class android.databinding.tool.util.Preconditions                                     : loaded 4 times (x 69B)
Class kotlin.reflect.KMutableProperty$Setter                                          : loaded 4 times (x 68B)
Class com.google.common.collect.MultimapBuilder$MultimapBuilderWithKeys$1             : loaded 4 times (x 74B)
Class com.google.common.collect.ImmutableSortedAsList                                 : loaded 4 times (x 180B)
Class com.google.common.cache.CacheBuilder$NullListener                               : loaded 4 times (x 80B)
Class com.google.gson.internal.bind.ReflectiveTypeAdapterFactory$1                    : loaded 4 times (x 77B)
Class com.google.common.collect.MultimapBuilder$4                                     : loaded 4 times (x 82B)
Class com.google.gson.LongSerializationPolicy$1                                       : loaded 4 times (x 78B)
Class com.google.common.collect.MultimapBuilder$3                                     : loaded 4 times (x 82B)
Class com.google.gson.LongSerializationPolicy$2                                       : loaded 4 times (x 78B)
Class com.google.common.collect.MultimapBuilder$2                                     : loaded 4 times (x 81B)
Class [Lcom.google.gson.FieldNamingPolicy;                                            : loaded 4 times (x 67B)
Class com.google.common.collect.MultimapBuilder$1                                     : loaded 4 times (x 81B)
Class io.realm.annotations.RealmClass                                                 : loaded 4 times (x 68B)
Class com.google.gson.internal.bind.TypeAdapterRuntimeTypeWrapper                     : loaded 4 times (x 72B)
Class com.google.gson.internal.bind.TypeAdapters$34$1                                 : loaded 4 times (x 72B)
Class com.google.gson.internal.Excluder$1                                             : loaded 4 times (x 72B)
Class com.google.gson.stream.JsonReader                                               : loaded 4 times (x 95B)
Class kotlin.reflect.jvm.internal.KPackageImpl                                        : loaded 4 times (x 83B)
Class com.google.common.cache.LocalCache$EntryFactory                                 : loaded 4 times (x 81B)
Class com.google.gson.internal.UnsafeAllocator$4                                      : loaded 4 times (x 70B)
Class com.google.gson.internal.bind.TypeAdapters$34                                   : loaded 4 times (x 74B)
Class kotlin.io.LinesSequence$iterator$1                                              : loaded 4 times (x 77B)
Class com.google.gson.internal.$Gson$Types$ParameterizedTypeImpl                      : loaded 4 times (x 79B)
Class com.google.common.base.Predicates                                               : loaded 4 times (x 69B)
Class com.google.gson.stream.MalformedJsonException                                   : loaded 4 times (x 80B)
Class com.google.gson.TypeAdapter$1                                                   : loaded 4 times (x 72B)
Class com.google.gson.internal.bind.SerializationDelegatingTypeAdapter                : loaded 4 times (x 72B)
Class com.google.gson.internal.UnsafeAllocator$3                                      : loaded 4 times (x 71B)
Class com.google.gson.internal.UnsafeAllocator$2                                      : loaded 4 times (x 71B)
Class com.google.common.util.concurrent.UncheckedExecutionException                   : loaded 4 times (x 80B)
Class com.google.gson.internal.bind.TypeAdapters$33                                   : loaded 4 times (x 74B)
Class org.apache.commons.io.function.IOFunction                                       : loaded 4 times (x 68B)
Class com.google.gson.internal.UnsafeAllocator$1                                      : loaded 4 times (x 71B)
Class org.apache.commons.io.filefilter.IOFileFilter                                   : loaded 4 times (x 68B)
Class com.google.gson.FieldNamingStrategy                                             : loaded 4 times (x 68B)
Class com.google.common.cache.LocalCache$Strength$3                                   : loaded 4 times (x 79B)
Class com.google.gson.internal.bind.TypeAdapters$32                                   : loaded 4 times (x 74B)
Class com.google.gson.internal.bind.TypeAdapters$31                                   : loaded 4 times (x 74B)
Class com.google.gson.TypeAdapter                                                     : loaded 4 times (x 71B)
Class com.google.common.cache.LocalCache$Strength$2                                   : loaded 4 times (x 79B)
Class com.google.gson.GsonBuilder                                                     : loaded 4 times (x 70B)
Class kotlin.coroutines.jvm.internal.DebugProbesKt                                    : loaded 4 times (x 69B)
Class io.realm.annotations.Ignore                                                     : loaded 4 times (x 68B)
Class com.google.common.base.Ticker$1                                                 : loaded 4 times (x 70B)
Class com.google.common.cache.LocalCache$Strength$1                                   : loaded 4 times (x 79B)
Class com.google.gson.internal.bind.MapTypeAdapterFactory$Adapter                     : loaded 4 times (x 72B)
Class com.google.gson.internal.ConstructorConstructor$9                               : loaded 4 times (x 74B)
Class com.google.gson.internal.Primitives                                             : loaded 4 times (x 69B)
Class com.google.gson.Gson$5                                                          : loaded 4 times (x 74B)
Class com.google.common.collect.Ordering                                              : loaded 4 times (x 112B)
Class com.google.common.collect.ReverseOrdering                                       : loaded 4 times (x 113B)
Class com.google.common.base.Splitter$1                                               : loaded 4 times (x 75B)
Class com.google.gson.Gson$4                                                          : loaded 4 times (x 74B)
Class com.google.gson.Gson$3                                                          : loaded 4 times (x 73B)
Class com.google.gson.Gson$2                                                          : loaded 4 times (x 74B)
Class com.google.gson.Gson$1                                                          : loaded 4 times (x 74B)
Class [Lkotlin.DeprecationLevel;                                                      : loaded 4 times (x 67B)
Class com.google.common.cache.LocalCache$Segment                                      : loaded 4 times (x 152B)
Class android.databinding.tool.processing.ScopedException                             : loaded 4 times (x 84B)
Class kotlin.io.FileTreeWalk$DirectoryState                                           : loaded 4 times (x 71B)
Class kotlin.collections.builders.MapBuilder                                          : loaded 4 times (x 110B)
Class org.apache.commons.io.FileUtils                                                 : loaded 4 times (x 69B)
Class com.google.gson.internal.bind.ArrayTypeAdapter$1                                : loaded 4 times (x 73B)
Class com.google.gson.JsonArray                                                       : loaded 4 times (x 98B)
Class com.google.gson.internal.bind.DefaultDateTypeAdapter$DateType$1                 : loaded 4 times (x 71B)
Class com.google.gson.internal.bind.DefaultDateTypeAdapter                            : loaded 4 times (x 72B)
Class com.google.common.cache.LocalCache$ValueReference                               : loaded 4 times (x 68B)
Class com.google.common.collect.ImmutableListMultimap$Builder                         : loaded 4 times (x 81B)
Class com.google.gson.internal.bind.ReflectiveTypeAdapterFactory                      : loaded 4 times (x 73B)
Class com.google.gson.LongSerializationPolicy                                         : loaded 4 times (x 78B)
Class [Lcom.google.common.cache.Weigher;                                              : loaded 4 times (x 67B)
Class com.google.gson.internal.sql.SqlTypesSupport$1                                  : loaded 4 times (x 72B)
Class com.google.common.collect.LinkedHashMultimap$ValueSet                           : loaded 4 times (x 140B)
Class com.google.gson.internal.sql.SqlTypesSupport$2                                  : loaded 4 times (x 72B)
Class com.google.gson.ReflectionAccessFilter$FilterResult                             : loaded 4 times (x 77B)
Class com.google.common.base.Splitter                                                 : loaded 4 times (x 70B)
Class com.google.common.collect.Maps$12                                               : loaded 4 times (x 80B)
Class com.google.common.cache.CacheLoader$FunctionToCacheLoader                       : loaded 4 times (x 73B)
Class com.google.common.collect.AbstractMapBasedMultimap$KeySet                       : loaded 4 times (x 135B)
Class com.google.common.collect.MultimapBuilder$SortedSetMultimapBuilder              : loaded 4 times (x 75B)
Class com.google.common.cache.CacheBuilder$1                                          : loaded 4 times (x 83B)
Class android.databinding.tool.util.L$Client                                          : loaded 4 times (x 68B)
Class com.google.common.cache.LocalCache$Strength                                     : loaded 4 times (x 79B)
Class com.google.common.base.Splitter$Strategy                                        : loaded 4 times (x 68B)
Class com.google.common.cache.CacheBuilder$2                                          : loaded 4 times (x 70B)
Class kotlin.io.FileWalkDirection                                                     : loaded 4 times (x 77B)
Class com.google.gson.internal.$Gson$Preconditions                                    : loaded 4 times (x 69B)
Class kotlin.collections.CollectionsKt___CollectionsKt$asSequence$$inlined$Sequence$1 : loaded 4 times (x 73B)
Class kotlin.jvm.internal.markers.KMutableList                                        : loaded 4 times (x 68B)
Class com.google.common.collect.Maps$13                                               : loaded 4 times (x 83B)
Class com.google.common.cache.LocalCache                                              : loaded 4 times (x 185B)
Class com.google.common.collect.Maps$EntryFunction$2                                  : loaded 4 times (x 89B)
Class com.google.gson.internal.reflect.ReflectionHelper$RecordHelper                  : loaded 4 times (x 73B)
Class com.google.gson.internal.sql.SqlTimeTypeAdapter                                 : loaded 4 times (x 72B)
Class com.google.common.collect.Maps$EntryFunction$1                                  : loaded 4 times (x 89B)
Class [Lcom.google.gson.LongSerializationPolicy;                                      : loaded 4 times (x 67B)
Class kotlin.DeprecationLevel                                                         : loaded 4 times (x 77B)
Class [Lcom.google.common.cache.RemovalListener;                                      : loaded 4 times (x 67B)
Class com.google.common.base.Predicates$CompositionPredicate                          : loaded 4 times (x 86B)
Class com.google.common.cache.CacheLoader$InvalidCacheLoadException                   : loaded 4 times (x 80B)
Class com.google.gson.JsonParseException                                              : loaded 4 times (x 80B)
Class com.google.gson.JsonNull                                                        : loaded 4 times (x 90B)
Class kotlin.reflect.jvm.internal.KMutableProperty1Impl$_setter$1                     : loaded 4 times (x 77B)
Class com.google.common.cache.Weigher                                                 : loaded 4 times (x 68B)
Class [Lkotlin.annotation.AnnotationTarget;                                           : loaded 4 times (x 67B)
Class com.google.common.base.ExtraObjectsMethodsForWeb                                : loaded 4 times (x 69B)
Class com.google.gson.internal.ConstructorConstructor                                 : loaded 4 times (x 70B)
Class com.google.common.cache.AbstractCache$StatsCounter                              : loaded 4 times (x 68B)
Class kotlin.io.FileTreeWalk$FileTreeWalkIterator                                     : loaded 4 times (x 81B)
Class com.google.gson.internal.sql.SqlTimestampTypeAdapter                            : loaded 4 times (x 74B)
Class kotlin.jvm.internal.StringCompanionObject                                       : loaded 4 times (x 69B)
Class com.google.gson.JsonPrimitive                                                   : loaded 4 times (x 91B)
Class kotlin.collections.IndexingIterator                                             : loaded 4 times (x 77B)
Class com.google.gson.internal.ObjectConstructor                                      : loaded 4 times (x 68B)
Class kotlin.io.FileTreeWalk$FileTreeWalkIterator$WhenMappings                        : loaded 4 times (x 69B)
Class com.google.gson.internal.Excluder                                               : loaded 4 times (x 73B)
Class kotlin.collections.builders.ListBuilder                                         : loaded 4 times (x 167B)
Class kotlin.sequences.SequencesKt___SequencesKt$filterNotNull$1                      : loaded 4 times (x 76B)
Class com.google.common.collect.MultimapBuilder$MultimapBuilderWithKeys               : loaded 4 times (x 80B)
Class com.google.gson.Gson                                                            : loaded 4 times (x 70B)
Class kotlin.collections.IndexingIterable                                             : loaded 4 times (x 77B)
Class [Lkotlin.collections.State;                                                     : loaded 4 times (x 67B)
Class com.google.common.cache.LocalCache$ComputingValueReference                      : loaded 4 times (x 94B)
Class [Lcom.google.common.cache.CacheBuilder$OneWeigher;                              : loaded 4 times (x 67B)
Class com.google.common.cache.LocalCache$LoadingValueReference                        : loaded 4 times (x 94B)
Class com.google.gson.internal.bind.ReflectiveTypeAdapterFactory$RecordAdapter        : loaded 4 times (x 75B)
Class kotlin.io.LinesSequence                                                         : loaded 4 times (x 73B)
Class kotlin.ResultKt                                                                 : loaded 4 times (x 69B)
Class com.google.gson.ToNumberPolicy$4                                                : loaded 4 times (x 81B)
Class com.google.gson.internal.sql.SqlTimestampTypeAdapter$1                          : loaded 4 times (x 73B)
Class com.google.gson.internal.LazilyParsedNumber                                     : loaded 4 times (x 76B)
Class com.google.gson.ToNumberPolicy$3                                                : loaded 4 times (x 81B)
Class [Lcom.google.common.cache.LocalCache$Segment;                                   : loaded 4 times (x 67B)
Class com.google.gson.internal.bind.ObjectTypeAdapter                                 : loaded 4 times (x 72B)
Class com.google.gson.ToNumberPolicy$2                                                : loaded 4 times (x 81B)
Class com.google.gson.internal.bind.JsonAdapterAnnotationTypeAdapterFactory           : loaded 4 times (x 73B)
Class kotlin.jvm.internal.markers.KMutableMap                                         : loaded 4 times (x 68B)
Class com.google.gson.ToNumberPolicy$1                                                : loaded 4 times (x 81B)
Class com.google.gson.internal.bind.NumberTypeAdapter$1                               : loaded 4 times (x 74B)
Class kotlin.streams.jdk8.StreamsKt                                                   : loaded 4 times (x 69B)
Class com.google.common.base.Equivalence$Wrapper                                      : loaded 4 times (x 70B)
Class com.google.common.collect.NullsFirstOrdering                                    : loaded 4 times (x 113B)
Class com.google.common.util.concurrent.ExecutionError                                : loaded 4 times (x 80B)
Class kotlin.collections.AbstractIterator                                             : loaded 4 times (x 81B)
Class [Landroid.databinding.tool.CompilerArguments$Type;                              : loaded 4 times (x 67B)
Class com.google.common.base.AbstractIterator                                         : loaded 4 times (x 78B)
Class com.google.common.cache.CacheLoader$1                                           : loaded 4 times (x 73B)
Class [Lcom.google.gson.ToNumberStrategy;                                             : loaded 4 times (x 67B)
Class kotlin.io.FileTreeWalk                                                          : loaded 4 times (x 73B)
Class kotlin.sequences.FilteringSequence                                              : loaded 4 times (x 73B)
Class com.google.gson.JsonElement                                                     : loaded 4 times (x 90B)
Class kotlin.io.FileTreeWalk$FileTreeWalkIterator$TopDownDirectoryState               : loaded 4 times (x 72B)
Class kotlin.collections.CollectionsKt___CollectionsKt$withIndex$1                    : loaded 4 times (x 77B)
Class com.google.common.base.Splitter$1$1                                             : loaded 4 times (x 84B)
Class com.google.common.collect.Maps$EntryFunction                                    : loaded 4 times (x 89B)
Class kotlin.coroutines.jvm.internal.CoroutineStackFrame                              : loaded 4 times (x 68B)
Class com.google.common.collect.Multimaps$CustomListMultimap                          : loaded 4 times (x 172B)
Class android.databinding.tool.util.L                                                 : loaded 4 times (x 69B)
Class com.google.gson.internal.bind.ReflectiveTypeAdapterFactory$FieldReflectionAdapter: loaded 4 times (x 75B)
Class com.google.common.collect.NaturalOrdering                                       : loaded 4 times (x 113B)
Class com.google.common.collect.MultimapBuilder$SetMultimapBuilder                    : loaded 4 times (x 73B)
Class com.google.gson.internal.JsonReaderInternalAccess                               : loaded 4 times (x 70B)
Class com.google.common.collect.LinkedHashMultimap$ValueSetLink                       : loaded 4 times (x 68B)
Class com.google.common.cache.Cache                                                   : loaded 4 times (x 68B)
Class org.apache.commons.io.output.NullWriter                                         : loaded 4 times (x 97B)
Class kotlin.reflect.jvm.internal.KPackageImpl$data$1                                 : loaded 4 times (x 77B)
Class kotlin.jvm.internal.markers.KMutableListIterator                                : loaded 4 times (x 68B)
Class com.google.gson.FieldNamingPolicy                                               : loaded 4 times (x 81B)
Class com.google.gson.internal.bind.TypeAdapters$10                                   : loaded 4 times (x 73B)
Class com.google.gson.internal.bind.TypeAdapters$29                                   : loaded 4 times (x 73B)
Class com.google.common.base.JdkPattern                                               : loaded 4 times (x 73B)
Class com.google.common.collect.ByFunctionOrdering                                    : loaded 4 times (x 113B)
Class com.google.gson.internal.bind.TypeAdapters$11                                   : loaded 4 times (x 73B)
Class com.google.gson.internal.bind.TypeAdapters$12                                   : loaded 4 times (x 73B)
Class com.google.gson.internal.bind.ReflectiveTypeAdapterFactory$Adapter              : loaded 4 times (x 75B)
Class kotlin.coroutines.jvm.internal.SuspendFunction                                  : loaded 4 times (x 68B)
Class com.google.gson.internal.bind.TypeAdapters$28                                   : loaded 4 times (x 73B)
Class kotlin.coroutines.intrinsics.IntrinsicsKt                                       : loaded 4 times (x 69B)
Class kotlin.jvm.internal.SpreadBuilder                                               : loaded 4 times (x 74B)
Class com.google.gson.internal.bind.TypeAdapters$13                                   : loaded 4 times (x 73B)
Class com.google.gson.internal.bind.JsonTreeReader                                    : loaded 4 times (x 96B)
Class com.google.gson.internal.bind.DateTypeAdapter                                   : loaded 4 times (x 72B)
Class com.google.gson.reflect.TypeToken                                               : loaded 4 times (x 73B)
Class com.google.gson.internal.bind.TypeAdapters$27                                   : loaded 4 times (x 73B)
Class com.google.common.cache.CacheLoader$SupplierToCacheLoader                       : loaded 4 times (x 73B)
Class com.google.gson.internal.bind.TypeAdapters$26                                   : loaded 4 times (x 73B)
Class com.google.gson.internal.bind.TypeAdapters$14                                   : loaded 4 times (x 73B)
Class com.google.common.cache.CacheLoader                                             : loaded 4 times (x 72B)
Class com.google.gson.internal.bind.TypeAdapters$25                                   : loaded 4 times (x 73B)
Class com.google.gson.internal.sql.SqlTypesSupport                                    : loaded 4 times (x 69B)
Class com.google.common.cache.RemovalListener                                         : loaded 4 times (x 68B)
Class com.google.gson.internal.bind.TypeAdapters$24                                   : loaded 4 times (x 73B)
Class com.google.gson.internal.bind.TypeAdapters$23                                   : loaded 4 times (x 73B)
Class com.google.gson.internal.bind.TypeAdapters$15                                   : loaded 4 times (x 73B)
Class kotlin.collections.builders.ListBuilder$Itr                                     : loaded 4 times (x 92B)
Class com.google.common.collect.LinkedHashMultimap                                    : loaded 4 times (x 173B)
Class com.google.gson.internal.bind.TypeAdapters$16                                   : loaded 4 times (x 73B)
Class com.google.gson.internal.bind.ObjectTypeAdapter$1                               : loaded 4 times (x 74B)
Class com.google.gson.internal.bind.TypeAdapters$17                                   : loaded 4 times (x 73B)
Class org.apache.commons.io.CloseableURLConnection                                    : loaded 4 times (x 115B)
Class com.google.common.collect.AbstractMapBasedMultimap$WrappedSet                   : loaded 4 times (x 140B)
Class com.google.gson.internal.bind.TypeAdapters$18                                   : loaded 4 times (x 73B)
Class [Lcom.google.gson.FieldNamingStrategy;                                          : loaded 4 times (x 67B)
Class com.google.gson.internal.bind.TypeAdapters$22                                   : loaded 4 times (x 73B)
Class [Lkotlin.coroutines.intrinsics.CoroutineSingletons;                             : loaded 4 times (x 67B)
Class com.google.common.collect.FluentIterable$1                                      : loaded 4 times (x 79B)
Class com.google.common.cache.LocalCache$1                                            : loaded 4 times (x 87B)
Class com.google.gson.internal.bind.TypeAdapters$21                                   : loaded 4 times (x 73B)
Class com.google.gson.internal.bind.TypeAdapters$19                                   : loaded 4 times (x 73B)
Class com.google.gson.annotations.SerializedName                                      : loaded 4 times (x 68B)
Class com.google.common.cache.LocalCache$2                                            : loaded 4 times (x 140B)
Class com.google.gson.TypeAdapterFactory                                              : loaded 4 times (x 68B)
Class kotlin.collections.AbstractIterator$WhenMappings                                : loaded 4 times (x 69B)
Class [Lcom.google.common.collect.LinkedHashMultimap$ValueEntry;                      : loaded 4 times (x 67B)
Class com.google.gson.internal.bind.ArrayTypeAdapter                                  : loaded 4 times (x 72B)
Class com.google.common.collect.AbstractMapBasedMultimap$WrappedCollection$WrappedIterator: loaded 4 times (x 82B)
Class com.google.common.collect.FluentIterable$2                                      : loaded 4 times (x 79B)
Class com.google.gson.ToNumberPolicy                                                  : loaded 4 times (x 81B)
Class com.google.gson.internal.bind.NumberTypeAdapter                                 : loaded 4 times (x 72B)
Class com.google.gson.internal.bind.TypeAdapters$20                                   : loaded 4 times (x 73B)
Class kotlin.coroutines.intrinsics.IntrinsicsKt__IntrinsicsKt                         : loaded 4 times (x 69B)
Class [Lcom.google.common.cache.LocalCache$EntryFactory;                              : loaded 4 times (x 67B)
Class com.google.gson.internal.bind.TreeTypeAdapter                                   : loaded 4 times (x 73B)
Class com.google.common.cache.CacheBuilder$OneWeigher                                 : loaded 4 times (x 80B)
Class com.google.common.collect.FluentIterable$3                                      : loaded 4 times (x 79B)
Class com.google.gson.internal.bind.CollectionTypeAdapterFactory$Adapter              : loaded 4 times (x 72B)
Class com.google.common.cache.LocalCache$LocalManualCache$1                           : loaded 4 times (x 73B)
Class com.google.common.collect.CompoundOrdering                                      : loaded 4 times (x 113B)
Class kotlin.UnsafeLazyImpl                                                           : loaded 4 times (x 74B)
Class com.google.common.cache.CacheBuilder                                            : loaded 4 times (x 70B)
Class com.google.gson.annotations.JsonAdapter                                         : loaded 4 times (x 68B)
Class kotlin.io.FileTreeWalk$WalkState                                                : loaded 4 times (x 71B)
Class com.google.gson.internal.reflect.ReflectionHelper$RecordNotSupportedHelper      : loaded 4 times (x 76B)
Class kotlin.sequences.FilteringSequence$iterator$1                                   : loaded 4 times (x 77B)
Class kotlin.annotation.AnnotationRetention                                           : loaded 4 times (x 77B)
Class com.google.common.base.Splitter$SplittingIterator                               : loaded 4 times (x 82B)
Class kotlin.jvm.internal.markers.KMutableCollection                                  : loaded 4 times (x 68B)
Class kotlin.annotation.MustBeDocumented                                              : loaded 4 times (x 68B)
Class com.google.common.collect.MultimapBuilder$ArrayListSupplier                     : loaded 4 times (x 75B)
Class com.google.gson.internal.UnsafeAllocator                                        : loaded 4 times (x 70B)
Class com.google.common.collect.SortedIterables                                       : loaded 4 times (x 69B)
Class com.google.gson.internal.ReflectionAccessFilterHelper                           : loaded 4 times (x 69B)
Class kotlin.coroutines.intrinsics.CoroutineSingletons                                : loaded 4 times (x 77B)
Class com.google.common.base.Ticker                                                   : loaded 4 times (x 70B)
Class com.google.gson.JsonObject                                                      : loaded 4 times (x 91B)
Class dagger.spi.internal.shaded.androidx.room.jarjarred.kotlinx.metadata.internal.metadata.jvm.JvmProtoBuf$JvmPropertySignature: loaded 3 times (x 112B)
Class com.google.common.collect.AbstractMapBasedMultimap$AsMap                        : loaded 3 times (x 126B)
Class dagger.spi.internal.shaded.androidx.room.compiler.processing.javac.kotlin.KmFunctionContainerImpl: loaded 3 times (x 98B)
Class dagger.spi.internal.shaded.androidx.room.jarjarred.kotlinx.metadata.KmPropertyAccessorAttributes: loaded 3 times (x 69B)
Class android.databinding.tool.store.BindingAdapterStore$merge$$inlined$merge$5$1     : loaded 3 times (x 75B)
Class dagger.hilt.processor.internal.kotlin.KotlinMetadataFactory                     : loaded 3 times (x 70B)
Class android.databinding.tool.reflection.ImportBag                                   : loaded 3 times (x 70B)
Class io.realm.processor.RealmJsonTypeHelper$ObjectIdTypeConverter                    : loaded 3 times (x 74B)
Class androidx.databinding.InverseBindingMethods                                      : loaded 3 times (x 68B)
Class dagger.spi.internal.shaded.androidx.room.compiler.processing.javac.kotlin.KmClassContainer$functionByDescriptor$2: loaded 3 times (x 77B)
Class android.databinding.tool.writer.BindingMapperWriterV2$Companion                 : loaded 3 times (x 69B)
Class com.squareup.kotlinpoet.ClassNames                                              : loaded 3 times (x 69B)
Class [Ldagger.spi.internal.shaded.androidx.room.jarjarred.kotlinx.metadata.KmVersionRequirementLevel;: loaded 3 times (x 67B)
Class com.google.devtools.ksp.symbol.KSAnnotated                                      : loaded 3 times (x 68B)
Class dagger.spi.internal.shaded.androidx.room.jarjarred.kotlinx.metadata.internal.metadata.deserialization.Flags: loaded 3 times (x 69B)
Class io.realm.processor.RealmProxyClassGenerator$Companion                           : loaded 3 times (x 69B)
Class com.google.common.collect.AbstractMapBasedMultimap$2                            : loaded 3 times (x 83B)
Class dagger.spi.internal.shaded.androidx.room.jarjarred.kotlinx.metadata.internal.metadata.deserialization.VersionRequirement: loaded 3 times (x 70B)
Class android.databinding.tool.reflection.annotation.AnnotationClass                  : loaded 3 times (x 103B)
Class dagger.internal.codegen.validation.BindingElementValidator$1                    : loaded 3 times (x 69B)
Class dagger.spi.internal.shaded.androidx.room.jarjarred.kotlinx.metadata.internal.protobuf.ExtensionRegistryLite$ObjectIntPair: loaded 3 times (x 70B)
Class dagger.spi.internal.shaded.androidx.room.compiler.processing.javac.JavacMethodElement$parameters$2$1$1: loaded 3 times (x 77B)
Class dagger.spi.internal.shaded.androidx.room.compiler.processing.util.NamingUtilsKt : loaded 3 times (x 69B)
Class dagger.spi.internal.shaded.androidx.room.compiler.processing.ksp.KSTypeJavaPoetExtKt: loaded 3 times (x 69B)
Class android.databinding.tool.writer.MergedBindingMapperWriter$Companion             : loaded 3 times (x 69B)
Class io.realm.processor.RealmJsonTypeHelper$SimpleTypeConverter                      : loaded 3 times (x 75B)
Class dagger.spi.internal.shaded.androidx.room.jarjarred.kotlinx.metadata.internal.metadata.jvm.JvmProtoBuf$JvmFieldSignatureOrBuilder: loaded 3 times (x 68B)
Class android.databinding.tool.reflection.annotation.AnnotationLogger                 : loaded 3 times (x 75B)
Class dagger.spi.internal.shaded.androidx.room.jarjarred.kotlinx.metadata.internal.protobuf.SmallSortedMap$1: loaded 3 times (x 128B)
Class dagger.internal.codegen.binding.AutoValue_ProvisionBinding                      : loaded 3 times (x 94B)
Class android.databinding.tool.store.BindingAdapterStore$Companion                    : loaded 3 times (x 69B)
Class android.databinding.tool.store.SetterStore$MethodDescription                    : loaded 3 times (x 75B)
Class dagger.spi.internal.shaded.androidx.room.compiler.processing.javac.kotlin.KmVisibility: loaded 3 times (x 68B)
Class dagger.spi.internal.shaded.androidx.room.jarjarred.kotlinx.metadata.internal.metadata.ProtoBuf$Function$1: loaded 3 times (x 142B)
Class android.databinding.tool.reflection.ModelAnalyzer$viewStubProxyType$2           : loaded 3 times (x 77B)
Class dagger.spi.internal.shaded.androidx.room.compiler.processing.javac.JavacAnnotationValue$value$2: loaded 3 times (x 77B)
Class dagger.spi.internal.shaded.androidx.room.compiler.processing.javac.kotlin.KmClassContainer$primaryConstructorSignature$2: loaded 3 times (x 77B)
Class io.realm.processor.TypeMirrors$Companion                                        : loaded 3 times (x 69B)
Class dagger.internal.codegen.model.AutoValue_DependencyRequest$Builder               : loaded 3 times (x 75B)
Class dagger.spi.internal.shaded.androidx.room.jarjarred.kotlinx.metadata.internal.metadata.jvm.JvmProtoBuf$JvmMethodSignature$1: loaded 3 times (x 142B)
Class org.apache.commons.io.file.SimplePathVisitor                                    : loaded 3 times (x 83B)
Class dagger.spi.internal.shaded.androidx.room.compiler.processing.KnownTypeNames     : loaded 3 times (x 69B)
Class dagger.internal.codegen.xprocessing.XExecutableTypes                            : loaded 3 times (x 69B)
Class android.databinding.tool.reflection.ModelAnalyzer$classFinderCache$1            : loaded 3 times (x 77B)
Class dagger.internal.codegen.compileroption.ValidationType$1                         : loaded 3 times (x 69B)
Class dagger.internal.codegen.binding.BindsTypeChecker$1                              : loaded 3 times (x 69B)
Class dagger.spi.internal.shaded.androidx.room.compiler.codegen.XClassName$Companion  : loaded 3 times (x 69B)
Class android.databinding.tool.store.SetterStore$AccessorKey                          : loaded 3 times (x 75B)
Class dagger.spi.internal.shaded.androidx.room.jarjarred.kotlinx.metadata.internal.extensions.KmExtension: loaded 3 times (x 68B)
Class dagger.spi.internal.shaded.androidx.room.jarjarred.kotlinx.metadata.internal.metadata.ProtoBuf$TypeParameterOrBuilder: loaded 3 times (x 68B)
Class dagger.spi.internal.shaded.androidx.room.jarjarred.kotlinx.metadata.internal.metadata.deserialization.VersionRequirement$Version: loaded 3 times (x 69B)
Class android.databinding.tool.LibTypes$viewDataBinding$2                             : loaded 3 times (x 77B)
Class dagger.spi.internal.shaded.androidx.room.jarjarred.kotlinx.metadata.internal.metadata.jvm.JvmProtoBuf$StringTableTypesOrBuilder: loaded 3 times (x 68B)
Class android.databinding.tool.store.SetterStore$IntermediateV1                       : loaded 3 times (x 74B)
Class com.squareup.javapoet.TypeName$1                                                : loaded 3 times (x 107B)
Class dagger.spi.internal.shaded.auto.common.Overrides$NativeOverrides                : loaded 3 times (x 72B)
Class dagger.spi.internal.shaded.androidx.room.jarjarred.kotlinx.metadata.internal.protobuf.RopeByteString$RopeInputStream: loaded 3 times (x 90B)
Class android.databinding.tool.reflection.SdkUtil$ApiChecker                          : loaded 3 times (x 72B)
Class dagger.spi.internal.shaded.androidx.room.jarjarred.kotlinx.metadata.jvm.JvmTypeParameterExtensionVisitor$Companion: loaded 3 times (x 69B)
Class com.squareup.kotlinpoet.TypeName$Companion                                      : loaded 3 times (x 69B)
Class dagger.internal.codegen.model.AutoValue_Scope                                   : loaded 3 times (x 71B)
Class dagger.internal.codegen.writing.InjectionMethods$CheckNotNullPolicy             : loaded 3 times (x 77B)
Class dagger.internal.codegen.binding.Nullability                                     : loaded 3 times (x 71B)
Class dagger.spi.internal.shaded.androidx.room.jarjarred.kotlinx.metadata.KmExtensionVisitor: loaded 3 times (x 68B)
Class android.databinding.tool.store.SetterStore$InverseMethodDescription             : loaded 3 times (x 75B)
Class com.squareup.kotlinpoet.ClassName$special$$inlined$thenBy$1                     : loaded 3 times (x 88B)
Class dagger.internal.codegen.base.AutoValue_ModuleAnnotation                         : loaded 3 times (x 74B)
Class com.squareup.kotlinpoet.ClassName$special$$inlined$thenBy$2                     : loaded 3 times (x 88B)
Class dagger.spi.internal.shaded.androidx.room.jarjarred.kotlinx.metadata.Attributes$hasAnnotations$10: loaded 3 times (x 135B)
Class org.apache.commons.io.filefilter.AndFileFilter                                  : loaded 3 times (x 125B)
Class com.google.gson.internal.Streams                                                : loaded 3 times (x 69B)
Class dagger.spi.internal.shaded.androidx.room.jarjarred.kotlinx.metadata.internal.metadata.ProtoBuf$Class: loaded 3 times (x 178B)
Class dagger.spi.internal.shaded.androidx.room.jarjarred.kotlinx.metadata.internal.metadata.jvm.deserialization.JvmNameResolverBase$Companion: loaded 3 times (x 69B)
Class androidx.databinding.BindingAdapter                                             : loaded 3 times (x 68B)
Class androidx.databinding.Bindable                                                   : loaded 3 times (x 68B)
Class dagger.spi.internal.shaded.androidx.room.compiler.processing.XAnnotation        : loaded 3 times (x 68B)
Class dagger.spi.internal.shaded.androidx.room.jarjarred.kotlinx.metadata.jvm.JvmFieldSignature: loaded 3 times (x 72B)
Class dagger.spi.internal.shaded.androidx.room.jarjarred.kotlinx.metadata.Attributes$hasAnnotations$14: loaded 3 times (x 135B)
Class io.realm.processor.RealmProxyClassGenerator$emitPrimitiveType$1$1               : loaded 3 times (x 77B)
Class dagger.spi.internal.shaded.androidx.room.jarjarred.kotlinx.metadata.internal.metadata.ProtoBuf$EnumEntry$1: loaded 3 times (x 142B)
Class com.google.common.graph.BaseGraph                                               : loaded 3 times (x 68B)
Class dagger.spi.internal.shaded.androidx.room.jarjarred.kotlinx.metadata.ClassKind   : loaded 3 times (x 77B)
Class android.databinding.tool.LibTypes$viewBinding$2                                 : loaded 3 times (x 77B)
Class dagger.spi.internal.shaded.androidx.room.compiler.processing.javac.kotlin.KmClassContainer$propertyList$2: loaded 3 times (x 77B)
Class dagger.internal.codegen.writing.InjectionMethods$InstanceCastPolicy             : loaded 3 times (x 77B)
Class dagger.spi.internal.shaded.androidx.room.compiler.processing.javac.JavacAnnotation$type$2: loaded 3 times (x 77B)
Class dagger.spi.internal.shaded.androidx.room.compiler.processing.XFiler$Mode        : loaded 3 times (x 77B)
Class dagger.internal.codegen.model.DependencyRequest$Builder                         : loaded 3 times (x 74B)
Class dagger.spi.internal.shaded.androidx.room.compiler.processing.javac.JavacMethodType$NormalMethodType: loaded 3 times (x 89B)
Class dagger.spi.internal.shaded.androidx.room.compiler.processing.javac.JavacType$typeName$2: loaded 3 times (x 77B)
Class dagger.internal.codegen.xprocessing.XAnnotations                                : loaded 3 times (x 69B)
Class io.realm.annotations.LinkingObjects                                             : loaded 3 times (x 68B)
Class dagger.spi.internal.shaded.androidx.room.jarjarred.kotlinx.metadata.internal.metadata.ProtoBuf$VersionRequirementTableOrBuilder: loaded 3 times (x 68B)
Class com.squareup.javapoet.CodeBlock$CodeBlockJoiner                                 : loaded 3 times (x 70B)
Class dagger.spi.internal.shaded.androidx.room.jarjarred.kotlinx.metadata.internal.metadata.jvm.deserialization.JvmMetadataVersion$Companion: loaded 3 times (x 69B)
Class dagger.spi.internal.shaded.androidx.room.compiler.processing.javac.kotlin.KmClassContainer$type$2: loaded 3 times (x 77B)
Class dagger.spi.internal.shaded.androidx.room.compiler.processing.javac.JavacMethodParameter: loaded 3 times (x 223B)
Class dagger.spi.internal.shaded.androidx.room.compiler.processing.javac.VisitorData  : loaded 3 times (x 70B)
Class dagger.spi.internal.shaded.androidx.room.jarjarred.kotlinx.metadata.Attributes$hasAnnotations$18: loaded 3 times (x 135B)
Class android.databinding.annotationprocessor.ProcessExpressionsFromV1Compat$Companion: loaded 3 times (x 69B)
Class dagger.spi.internal.shaded.androidx.room.compiler.processing.javac.JavacArrayType$componentType$2: loaded 3 times (x 77B)
Class android.databinding.tool.writer.ComponentWriter                                 : loaded 3 times (x 71B)
Class dagger.spi.internal.shaded.androidx.room.compiler.codegen.XTypeName             : loaded 3 times (x 73B)
Class dagger.spi.internal.shaded.androidx.room.jarjarred.kotlinx.metadata.KmConstructorVisitor: loaded 3 times (x 74B)
Class org.apache.commons.io.filefilter.FileEqualsFileFilter                           : loaded 3 times (x 114B)
Class dagger.spi.internal.shaded.androidx.room.jarjarred.kotlinx.metadata.internal.protobuf.MessageLite$Builder: loaded 3 times (x 68B)
Class dagger.spi.internal.shaded.androidx.room.compiler.processing.XEnumTypeElementKt : loaded 3 times (x 69B)
Class dagger.spi.internal.shaded.androidx.room.jarjarred.kotlinx.metadata.internal.ReadersKt$WhenMappings: loaded 3 times (x 69B)
Class dagger.spi.internal.shaded.androidx.room.jarjarred.kotlinx.metadata.internal.FlagDelegatesImplKt: loaded 3 times (x 69B)
Class dagger.internal.codegen.binding.MembersInjectionBinding$InjectionSite$Kind      : loaded 3 times (x 77B)
Class dagger.spi.internal.shaded.androidx.room.jarjarred.kotlinx.metadata.internal.metadata.ProtoBuf$TypeTable$1: loaded 3 times (x 142B)
Class android.databinding.tool.store.SetterStore$IntermediateV2                       : loaded 3 times (x 74B)
Class dagger.spi.internal.shaded.androidx.room.jarjarred.kotlinx.metadata.KmTypeProjection: loaded 3 times (x 70B)
Class dagger.internal.codegen.xprocessing.XTypes                                      : loaded 3 times (x 69B)
Class dagger.internal.DaggerGenerated                                                 : loaded 3 times (x 68B)
Class io.realm.processor.RealmProxyClassGenerator$emitRealmList$1$1                   : loaded 3 times (x 77B)
Class android.databinding.annotationprocessor.ProcessMethodAdapters                   : loaded 3 times (x 73B)
Class dagger.spi.internal.shaded.androidx.room.compiler.processing.javac.JavacTypeElement$kotlinMetadata$2: loaded 3 times (x 77B)
Class android.databinding.tool.writer.BRWriter                                        : loaded 3 times (x 69B)
Class io.realm.processor.RealmJsonTypeHelper$MutableRealmIntegerTypeConverter         : loaded 3 times (x 74B)
Class dagger.spi.internal.shaded.androidx.room.jarjarred.kotlinx.metadata.internal.ReadersKt: loaded 3 times (x 69B)
Class [Ldagger.internal.codegen.javapoet.AnnotationSpecs$Suppression;                 : loaded 3 times (x 67B)
Class io.realm.annotations.RealmNamingPolicy                                          : loaded 3 times (x 77B)
Class android.databinding.tool.store.SetterStore$IntermediateV3                       : loaded 3 times (x 74B)
Class [Lcom.squareup.javawriter.JavaWriter$Scope;                                     : loaded 3 times (x 67B)
Class dagger.spi.internal.shaded.androidx.room.compiler.processing.javac.JavacTypeElement$packageElement$2: loaded 3 times (x 77B)
Class io.realm.processor.RealmProxyMediatorGenerator$emitCreateDetachedCopyMethod$1$1 : loaded 3 times (x 77B)
Class dagger.spi.internal.shaded.androidx.room.compiler.processing.KClassExtKt        : loaded 3 times (x 69B)
Class org.apache.commons.io.file.CountingPathVisitor                                  : loaded 3 times (x 89B)
Class android.databinding.tool.util.SymbolTableUtil                                   : loaded 3 times (x 69B)
Class dagger.spi.internal.shaded.androidx.room.jarjarred.kotlinx.metadata.internal.protobuf.GeneratedMessageLite$ExtensionDescriptor: loaded 3 times (x 82B)
Class dagger.spi.internal.shaded.androidx.room.jarjarred.kotlinx.metadata.jvm.internal.JvmConstructorExtension: loaded 3 times (x 81B)
Class dagger.spi.internal.shaded.androidx.room.jarjarred.kotlinx.metadata.internal.protobuf.CodedInputStream: loaded 3 times (x 70B)
Class dagger.spi.internal.shaded.androidx.room.jarjarred.kotlinx.metadata.KmDeclarationContainerExtensionVisitor: loaded 3 times (x 68B)
Class android.databinding.tool.reflection.ModelAnalyzer$stateFlowType$2               : loaded 3 times (x 77B)
Class dagger.spi.internal.shaded.androidx.room.jarjarred.kotlinx.metadata.internal.metadata.ProtoBuf$VersionRequirement$1: loaded 3 times (x 142B)
Class dagger.internal.codegen.model.$AutoValue_Key$Builder                            : loaded 3 times (x 76B)
Class dagger.internal.codegen.binding.$AutoValue_ProvisionBinding                     : loaded 3 times (x 93B)
Class dagger.spi.internal.shaded.androidx.room.jarjarred.kotlinx.metadata.internal.metadata.jvm.deserialization.JvmNameResolverKt: loaded 3 times (x 69B)
Class dagger.internal.codegen.validation.BindingMethodValidator$1                     : loaded 3 times (x 69B)
Class com.squareup.javawriter.JavaWriter$Scope                                        : loaded 3 times (x 77B)
Class io.realm.processor.RealmProxyMediatorGenerator$emitGetSimpleClassNameMethod$1$1 : loaded 3 times (x 77B)
Class android.databinding.annotationprocessor.ProcessBindable$IntermediateV1          : loaded 3 times (x 80B)
Class dagger.internal.codegen.model.DaggerElement                                     : loaded 3 times (x 71B)
Class dagger.spi.internal.shaded.androidx.room.jarjarred.kotlinx.metadata.internal.protobuf.RopeByteString: loaded 3 times (x 108B)
Class dagger.spi.internal.shaded.androidx.room.compiler.processing.XTypeKt            : loaded 3 times (x 69B)
Class dagger.spi.internal.shaded.androidx.room.compiler.processing.InternalXAnnotationValue$Companion: loaded 3 times (x 69B)
Class [Ldagger.spi.internal.shaded.androidx.room.jarjarred.kotlinx.metadata.internal.metadata.ProtoBuf$Effect$InvocationKind;: loaded 3 times (x 67B)
Class io.realm.processor.Utils$WhenMappings                                           : loaded 3 times (x 69B)
Class dagger.spi.internal.shaded.androidx.room.jarjarred.kotlinx.metadata.internal.extensions.ExtensionUtilsKt: loaded 3 times (x 69B)
Class android.databinding.tool.processing.scopes.ScopeProvider                        : loaded 3 times (x 68B)
Class dagger.internal.codegen.binding.AutoValue_MembersInjectionBinding_InjectionSite : loaded 3 times (x 75B)
Class dagger.spi.internal.shaded.androidx.room.compiler.processing.javac.JavacProcessingEnv$WhenMappings: loaded 3 times (x 69B)
Class dagger.spi.internal.shaded.androidx.room.jarjarred.kotlinx.metadata.KmPropertyExtensionVisitor: loaded 3 times (x 68B)
Class dagger.spi.internal.shaded.androidx.room.compiler.processing.javac.kotlin.KmValueParameterContainer: loaded 3 times (x 70B)
Class dagger.spi.internal.shaded.androidx.room.jarjarred.kotlinx.metadata.jvm.internal.JvmClassExtension: loaded 3 times (x 91B)
Class android.databinding.tool.ext.ExtKt                                              : loaded 3 times (x 69B)
Class dagger.hilt.processor.internal.kotlin.KotlinMetadataFactory_Factory$InstanceHolder: loaded 3 times (x 69B)
Class android.databinding.tool.reflection.ModelAnalyzer$listTypes$2                   : loaded 3 times (x 77B)
Class dagger.spi.internal.shaded.androidx.room.jarjarred.kotlinx.metadata.internal.metadata.jvm.JvmProtoBuf$JvmFieldSignature$1: loaded 3 times (x 142B)
Class dagger.spi.internal.shaded.androidx.room.jarjarred.kotlinx.metadata.KmFunctionExtensionVisitor: loaded 3 times (x 68B)
Class io.realm.processor.RealmProxyMediatorGenerator$emitInsertOrUpdateListToRealmMethod$1$2: loaded 3 times (x 77B)
Class android.databinding.annotationprocessor.ProcessExpressions$Intermediate         : loaded 3 times (x 68B)
Class dagger.spi.internal.shaded.androidx.room.jarjarred.kotlinx.metadata.Attributes$hasAnnotations$22: loaded 3 times (x 135B)
Class io.realm.processor.RealmProxyMediatorGenerator$emitIsEmbeddedMethod$1$1         : loaded 3 times (x 77B)
Class dagger.internal.codegen.base.FrameworkTypes                                     : loaded 3 times (x 69B)
Class dagger.spi.internal.shaded.androidx.room.compiler.processing.javac.JavacConstructorElement$parameters$2: loaded 3 times (x 77B)
Class dagger.spi.internal.shaded.androidx.room.jarjarred.kotlinx.metadata.internal.FlagDelegatesImplKt$constructorBooleanFlag$1: loaded 3 times (x 135B)
Class dagger.spi.internal.shaded.androidx.room.jarjarred.kotlinx.metadata.internal.protobuf.BoundedByteString: loaded 3 times (x 110B)
Class android.databinding.tool.LibTypes$liveData$2                                    : loaded 3 times (x 77B)
Class dagger.spi.internal.shaded.androidx.room.jarjarred.kotlinx.metadata.Attributes$isNullCheckPredicate$2: loaded 3 times (x 135B)
Class android.databinding.tool.store.BindingAdapterStore$merge$$inlined$merge$4$1     : loaded 3 times (x 75B)
Class dagger.internal.codegen.xprocessing.XTypes$XTypeEquivalence                     : loaded 3 times (x 82B)
Class dagger.spi.internal.shaded.androidx.room.jarjarred.kotlinx.metadata.Attributes$hasAnnotations$26: loaded 3 times (x 135B)
Class dagger.internal.codegen.xprocessing.XProcessingEnvs$1                           : loaded 3 times (x 69B)
Class android.databinding.tool.reflection.ModelAnalyzer$viewDataBindingType$2         : loaded 3 times (x 77B)
Class android.databinding.tool.LibTypes$lifecycleOwner$2                              : loaded 3 times (x 77B)
Class kotlin.sequences.SequenceScope                                                  : loaded 3 times (x 71B)
Class io.realm.processor.RealmProxyMediatorGenerator$emitInsertOrUpdateListToRealmMethod$1$1: loaded 3 times (x 77B)
Class dagger.spi.internal.shaded.androidx.room.jarjarred.kotlinx.metadata.internal.protobuf.AbstractParser: loaded 3 times (x 142B)
Class android.databinding.annotationprocessor.ProcessExpressions                      : loaded 3 times (x 73B)
Class kotlin.collections.MapWithDefaultImpl                                           : loaded 3 times (x 124B)
Class dagger.spi.internal.shaded.auto.common.MoreTypes$ArrayTypeVisitor               : loaded 3 times (x 100B)
Class io.realm.processor.ext.JavaWriterExtKt                                          : loaded 3 times (x 69B)
Class android.databinding.tool.store.BindingAdapterStore                              : loaded 3 times (x 73B)
Class dagger.spi.internal.shaded.androidx.room.compiler.codegen.XTypeNameKt           : loaded 3 times (x 69B)
Class [Ldagger.spi.internal.shaded.androidx.room.jarjarred.kotlinx.metadata.KmVariance;: loaded 3 times (x 67B)
Class dagger.spi.internal.shaded.androidx.room.jarjarred.kotlinx.metadata.internal.metadata.deserialization.VersionRequirement$Companion: loaded 3 times (x 69B)
Class dagger.spi.internal.shaded.androidx.room.compiler.processing.XRoundEnv          : loaded 3 times (x 68B)
Class dagger.spi.internal.shaded.androidx.room.jarjarred.kotlinx.metadata.internal.metadata.ProtoBuf$Function: loaded 3 times (x 147B)
Class [Landroid.databinding.annotationprocessor.ProcessDataBinding$ProcessingStep;    : loaded 3 times (x 67B)
Class dagger.spi.internal.shaded.androidx.room.compiler.processing.javac.kotlin.KmClassContainer$constructorList$2: loaded 3 times (x 77B)
Class dagger.spi.internal.shaded.androidx.room.jarjarred.kotlinx.metadata.jvm.internal.JvmMetadataExtensions: loaded 3 times (x 101B)
Class dagger.spi.internal.shaded.androidx.room.jarjarred.kotlinx.metadata.KmValueParameter: loaded 3 times (x 75B)
Class dagger.spi.internal.shaded.androidx.room.jarjarred.kotlinx.metadata.internal.protobuf.MessageLite: loaded 3 times (x 68B)
Class dagger.spi.internal.shaded.androidx.room.jarjarred.kotlinx.metadata.internal.metadata.jvm.deserialization.JvmMemberSignature: loaded 3 times (x 72B)
Class dagger.spi.internal.shaded.androidx.room.compiler.processing.javac.JavacTypeElement$_declaredFields$2: loaded 3 times (x 77B)
Class org.apache.commons.io.filefilter.TrueFileFilter                                 : loaded 3 times (x 92B)
Class dagger.spi.internal.shaded.androidx.room.jarjarred.kotlinx.metadata.internal.FlagDelegatesImplKt$valueParameterBooleanFlag$1: loaded 3 times (x 135B)
Class org.apache.commons.io.file.AccumulatorPathVisitor                               : loaded 3 times (x 93B)
Class android.databinding.tool.reflection.RecursiveResolutionStack                    : loaded 3 times (x 70B)
Class dagger.spi.internal.shaded.androidx.room.compiler.processing.javac.JavacMethodParameter$closestMemberContainer$2: loaded 3 times (x 77B)
Class dagger.internal.codegen.base.MapKeyAccessibility                                : loaded 3 times (x 69B)
Class dagger.spi.internal.shaded.androidx.room.jarjarred.kotlinx.metadata.internal.metadata.ProtoBuf$Property: loaded 3 times (x 146B)
Class dagger.spi.internal.shaded.androidx.room.jarjarred.kotlinx.metadata.internal.metadata.ProtoBuf$AnnotationOrBuilder: loaded 3 times (x 68B)
Class dagger.spi.internal.shaded.androidx.room.compiler.processing.javac.JavacVariableElement$type$2: loaded 3 times (x 77B)
Class com.squareup.javawriter.JavaWriter                                              : loaded 3 times (x 123B)
Class dagger.spi.internal.shaded.androidx.room.jarjarred.kotlinx.metadata.internal.FlagDelegatesImplKt$typeBooleanFlag$1: loaded 3 times (x 135B)
Class [Ldagger.spi.internal.shaded.androidx.room.jarjarred.kotlinx.metadata.MemberKind;: loaded 3 times (x 67B)
Class dagger.internal.codegen.extension.Optionals                                     : loaded 3 times (x 69B)
Class dagger.spi.internal.shaded.androidx.room.jarjarred.kotlinx.metadata.internal.metadata.ProtoBuf$Effect$EffectType: loaded 3 times (x 80B)
Class io.realm.processor.SimpleClassName                                              : loaded 3 times (x 70B)
Class dagger.spi.internal.shaded.androidx.room.compiler.processing.InternalXAnnotation: loaded 3 times (x 137B)
Class dagger.internal.codegen.xprocessing.XAnnotationValues                           : loaded 3 times (x 69B)
Class dagger.internal.codegen.xprocessing.XTypeElements                               : loaded 3 times (x 69B)
Class dagger.hilt.processor.internal.aggregateddeps.AggregatedDepsGenerator           : loaded 3 times (x 70B)
Class dagger.internal.codegen.xprocessing.XMethodElements                             : loaded 3 times (x 69B)
Class dagger.spi.internal.shaded.androidx.room.compiler.processing.javac.kotlin.KmClassContainer$Companion: loaded 3 times (x 69B)
Class dagger.spi.internal.shaded.androidx.room.jarjarred.kotlinx.metadata.internal.metadata.deserialization.ProtoTypeTableUtilKt: loaded 3 times (x 69B)
Class dagger.spi.internal.shaded.androidx.room.compiler.processing.javac.JavacExecutableType$parameterTypes$2: loaded 3 times (x 77B)
Class android.databinding.tool.reflection.ModelAnalyzer                               : loaded 3 times (x 75B)
Class android.databinding.tool.store.SetterStore$Intermediate                         : loaded 3 times (x 68B)
Class kotlin.collections.AbstractList$IteratorImpl                                    : loaded 3 times (x 80B)
Class com.google.common.collect.Count                                                 : loaded 3 times (x 69B)
Class dagger.spi.internal.shaded.androidx.room.compiler.processing.XEquality          : loaded 3 times (x 68B)
Class dagger.spi.internal.shaded.androidx.room.jarjarred.kotlinx.metadata.internal.protobuf.LazyField: loaded 3 times (x 81B)
Class dagger.spi.internal.shaded.androidx.room.jarjarred.kotlinx.metadata.Attributes$visibility$22: loaded 3 times (x 135B)
Class dagger.spi.internal.shaded.androidx.room.compiler.processing.util.MemoizedSequence$CachedIterator: loaded 3 times (x 77B)
Class io.realm.processor.RealmProxyMediatorGenerator$emitCreateUsingJsonStream$1$1    : loaded 3 times (x 77B)
Class android.databinding.annotationprocessor.ProcessDataBinding$1                    : loaded 3 times (x 76B)
Class android.databinding.annotationprocessor.BindableBag$ModuleBR                    : loaded 3 times (x 70B)
Class dagger.spi.internal.shaded.androidx.room.jarjarred.kotlinx.metadata.internal.metadata.jvm.JvmProtoBuf$JvmMethodSignature$Builder: loaded 3 times (x 132B)
Class dagger.spi.internal.shaded.androidx.room.compiler.processing.javac.JavacVariableElement: loaded 3 times (x 198B)
Class com.google.common.collect.FluentIterable$3$1                                    : loaded 3 times (x 96B)
Class io.realm.annotations.PrimaryKey                                                 : loaded 3 times (x 68B)
Class dagger.spi.internal.shaded.androidx.room.jarjarred.kotlinx.metadata.Attributes$isNegated$2: loaded 3 times (x 135B)
Class dagger.hilt.processor.internal.Components                                       : loaded 3 times (x 69B)
Class com.google.common.collect.Multisets$EntrySet                                    : loaded 3 times (x 134B)
Class dagger.internal.codegen.validation.ValidationReport$Builder                     : loaded 3 times (x 70B)
Class dagger.spi.internal.shaded.androidx.room.jarjarred.kotlinx.metadata.internal.metadata.ProtoBuf$Type: loaded 3 times (x 143B)
Class io.realm.processor.RealmProxyMediatorGenerator$emitInsertListToRealmMethod$1$2  : loaded 3 times (x 77B)
Class dagger.spi.internal.shaded.androidx.room.jarjarred.kotlinx.metadata.internal.FlagImplKt: loaded 3 times (x 69B)
Class dagger.spi.internal.shaded.androidx.room.jarjarred.kotlinx.metadata.internal.extensions.KmTypeExtension: loaded 3 times (x 68B)
Class dagger.spi.internal.shaded.androidx.room.compiler.processing.javac.JavacTypeElement$packageName$2: loaded 3 times (x 77B)
Class dagger.spi.internal.shaded.androidx.room.compiler.processing.javac.JavacTypeElement$Companion$WhenMappings: loaded 3 times (x 69B)
Class dagger.internal.codegen.binding.MembersInjectionBinding$InjectionSite           : loaded 3 times (x 74B)
Class dagger.internal.codegen.writing.InjectionMethods$ProvisionMethod                : loaded 3 times (x 69B)
Class android.databinding.tool.store.GenClassInfoLog$GenClassImpl$Companion           : loaded 3 times (x 69B)
Class android.databinding.tool.reflection.ModelAnalyzer$mapType$2                     : loaded 3 times (x 77B)
Class [Ldagger.internal.codegen.base.ModuleKind;                                      : loaded 3 times (x 67B)
Class dagger.spi.internal.shaded.androidx.room.jarjarred.kotlinx.metadata.internal.protobuf.LazyFieldLite: loaded 3 times (x 80B)
Class dagger.spi.internal.shaded.androidx.room.jarjarred.kotlinx.metadata.internal.protobuf.SmallSortedMap$Entry: loaded 3 times (x 86B)
Class dagger.spi.internal.shaded.androidx.room.jarjarred.kotlinx.metadata.internal.metadata.deserialization.BinaryVersion: loaded 3 times (x 72B)
Class dagger.spi.internal.shaded.androidx.room.jarjarred.kotlinx.metadata.internal.metadata.ProtoBuf$TypeTable: loaded 3 times (x 107B)
Class kotlin.sequences.SequencesKt__SequenceBuilderKt$sequence$$inlined$Sequence$1    : loaded 3 times (x 73B)
Class dagger.internal.codegen.model.$AutoValue_Key                                    : loaded 3 times (x 78B)
Class [Ldagger.internal.codegen.binding.FrameworkType;                                : loaded 3 times (x 67B)
Class dagger.spi.internal.shaded.androidx.room.compiler.processing.javac.JavacTypeElement$superClass$2: loaded 3 times (x 77B)
Class com.google.common.base.VerifyException                                          : loaded 3 times (x 80B)
Class io.realm.processor.RealmProxyMediatorGenerator$emitCreateColumnInfoMethod$1$1   : loaded 3 times (x 77B)
Class io.realm.processor.RealmProxyMediatorGenerator$emitInsertListToRealmMethod$1$1  : loaded 3 times (x 77B)
Class android.databinding.tool.store.GenClassInfoLog                                  : loaded 3 times (x 70B)
Class dagger.internal.codegen.model.AutoValue_DaggerType                              : loaded 3 times (x 73B)
Class [Ldagger.spi.internal.shaded.androidx.room.compiler.processing.XAnnotated;      : loaded 3 times (x 67B)
Class org.apache.commons.io.filefilter.FileFileFilter                                 : loaded 3 times (x 114B)
Class dagger.spi.internal.shaded.androidx.room.jarjarred.kotlinx.metadata.KmTypeParameterVisitor: loaded 3 times (x 73B)
Class dagger.spi.internal.shaded.androidx.room.jarjarred.kotlinx.metadata.internal.metadata.ProtoBuf$VersionRequirement$Level: loaded 3 times (x 80B)
Class android.databinding.tool.writer.BindingMapperWriterV2$generateInnerBrLookup$1$1 : loaded 3 times (x 77B)
Class io.realm.processor.RealmProxyMediatorGenerator$emitGetClazzClassNameMethod$1$1  : loaded 3 times (x 77B)
Class android.databinding.tool.reflection.ClassFinderCache                            : loaded 3 times (x 70B)
Class dagger.spi.internal.shaded.androidx.room.compiler.processing.javac.JavacFieldElement$syntheticMethodForAnnotations$2: loaded 3 times (x 77B)
Class android.databinding.tool.LibTypes$Companion                                     : loaded 3 times (x 69B)
Class io.realm.processor.RealmProxyMediatorGenerator$emitInsertObjectToRealmMethod$1$1: loaded 3 times (x 77B)
Class dagger.spi.internal.shaded.androidx.room.jarjarred.kotlinx.metadata.jvm.JvmMethodSignature: loaded 3 times (x 72B)
Class [Ldagger.internal.codegen.xprocessing.XTypeElements$Visibility;                 : loaded 3 times (x 67B)
Class dagger.internal.codegen.base.RequestKinds                                       : loaded 3 times (x 69B)
Class dagger.spi.internal.shaded.auto.common.MoreTypes$TypeVariableVisitor            : loaded 3 times (x 100B)
Class dagger.spi.internal.shaded.androidx.room.jarjarred.kotlinx.metadata.KmTypeVisitor: loaded 3 times (x 80B)
Class dagger.spi.internal.shaded.androidx.room.jarjarred.kotlinx.metadata.internal.protobuf.WireFormat$JavaType: loaded 3 times (x 77B)
Class dagger.spi.internal.shaded.androidx.room.jarjarred.kotlinx.metadata.internal.metadata.deserialization.BinaryVersion$Companion: loaded 3 times (x 69B)
Class android.databinding.annotationprocessor.BindableBag$Companion                   : loaded 3 times (x 69B)
Class dagger.spi.internal.shaded.auto.common.MoreTypes$CastingTypeVisitor             : loaded 3 times (x 100B)
Class android.databinding.tool.LibTypes$dataBindingComponent$2                        : loaded 3 times (x 77B)
Class dagger.spi.internal.shaded.androidx.room.jarjarred.kotlinx.metadata.KmValueParameterVisitor: loaded 3 times (x 74B)
Class dagger.spi.internal.shaded.auto.common.MoreElements                             : loaded 3 times (x 69B)
Class dagger.spi.internal.shaded.androidx.room.jarjarred.kotlinx.metadata.Attributes$visibility$6: loaded 3 times (x 135B)
Class dagger.spi.internal.shaded.androidx.room.jarjarred.kotlinx.metadata.internal.metadata.ProtoBuf$VersionRequirement: loaded 3 times (x 114B)
Class dagger.spi.internal.shaded.androidx.room.jarjarred.kotlinx.metadata.internal.metadata.ProtoBuf$ValueParameter$1: loaded 3 times (x 142B)
Class dagger.spi.internal.shaded.androidx.room.jarjarred.kotlinx.metadata.KmVersion   : loaded 3 times (x 69B)
Class com.google.common.graph.Traverser                                               : loaded 3 times (x 71B)
Class dagger.spi.internal.shaded.androidx.room.jarjarred.kotlinx.metadata.internal.extensions.MetadataExtensions$Companion: loaded 3 times (x 69B)
Class android.databinding.tool.store.SetterStore$InverseDescription                   : loaded 3 times (x 75B)
Class dagger.internal.codegen.binding.$AutoValue_MembersInjectionBinding_InjectionSite: loaded 3 times (x 75B)
Class dagger.spi.internal.shaded.androidx.room.jarjarred.kotlinx.metadata.internal.metadata.ProtoBuf$Expression$ConstantValue: loaded 3 times (x 80B)
Class android.databinding.tool.store.ResourceBundle$ValidateAndFilterCallback         : loaded 3 times (x 68B)
Class dagger.internal.codegen.model.DaggerTypeElement                                 : loaded 3 times (x 72B)
Class dagger.spi.internal.shaded.androidx.room.jarjarred.kotlinx.metadata.jvm.internal.JvmPropertyExtension: loaded 3 times (x 86B)
Class dagger.spi.internal.shaded.androidx.room.jarjarred.kotlinx.metadata.internal.ReadUtilsKt: loaded 3 times (x 69B)
Class [Landroid.databinding.tool.util.GenerationalClassUtil$ExtensionFilter;          : loaded 3 times (x 67B)
Class dagger.spi.internal.shaded.androidx.room.compiler.processing.javac.kotlin.KmBaseTypeContainer: loaded 3 times (x 68B)
Class dagger.spi.internal.shaded.androidx.room.compiler.processing.javac.kotlin.KmTypeContainer: loaded 3 times (x 74B)
Class io.realm.processor.RealmProxyInterfaceGenerator                                 : loaded 3 times (x 70B)
Class io.realm.processor.RealmJsonTypeHelper                                          : loaded 3 times (x 69B)
Class io.realm.processor.Constants                                                    : loaded 3 times (x 69B)
Class dagger.spi.internal.shaded.androidx.room.jarjarred.kotlinx.metadata.Attributes$visibility$2: loaded 3 times (x 135B)
Class android.databinding.tool.LibTypes$observableMap$2                               : loaded 3 times (x 77B)
Class android.databinding.tool.LibTypes$typeRewriter$2                                : loaded 3 times (x 76B)
Class dagger.spi.internal.shaded.androidx.room.compiler.processing.javac.JavacTypeElement$_declaredMethods$2: loaded 3 times (x 77B)
Class com.google.common.collect.Maps$FilteredEntryMap$KeySet                          : loaded 3 times (x 135B)
Class android.databinding.tool.LibTypes$inverseBindingListener$2                      : loaded 3 times (x 77B)
Class dagger.spi.internal.shaded.androidx.room.compiler.processing.javac.JavacElement : loaded 3 times (x 177B)
Class kotlin.text.StringsKt__StringsKt$rangesDelimitedBy$1                            : loaded 3 times (x 77B)
Class dagger.spi.internal.shaded.androidx.room.compiler.processing.XExecutableParameterElement: loaded 3 times (x 68B)
Class dagger.spi.internal.shaded.androidx.room.compiler.processing.javac.JavacPackageElement$qualifiedName$2: loaded 3 times (x 77B)
Class dagger.internal.codegen.model.Key$Builder                                       : loaded 3 times (x 74B)
Class android.databinding.tool.LibTypes                                               : loaded 3 times (x 70B)
Class dagger.spi.internal.shaded.androidx.room.jarjarred.kotlinx.metadata.internal.metadata.deserialization.ProtoBufUtilKt: loaded 3 times (x 69B)
Class dagger.spi.internal.shaded.androidx.room.jarjarred.kotlinx.metadata.internal.protobuf.FieldSet$1: loaded 3 times (x 69B)
Class android.databinding.tool.DataBinder                                             : loaded 3 times (x 78B)
Class com.google.common.collect.HashMultiset                                          : loaded 3 times (x 161B)
Class dagger.internal.codegen.writing.ModuleProxies                                   : loaded 3 times (x 69B)
Class dagger.spi.internal.shaded.androidx.room.jarjarred.kotlinx.metadata.internal.metadata.ProtoBuf$Type$1: loaded 3 times (x 142B)
Class dagger.spi.internal.shaded.androidx.room.jarjarred.kotlinx.metadata.internal.metadata.ProtoBuf$ConstructorOrBuilder: loaded 3 times (x 68B)
Class org.apache.commons.io.filefilter.SuffixFileFilter                               : loaded 3 times (x 114B)
Class android.databinding.tool.util.GenerationalClassUtil$Companion                   : loaded 3 times (x 69B)
Class dagger.spi.internal.shaded.androidx.room.jarjarred.kotlinx.metadata.KmConstructorExtensionVisitor: loaded 3 times (x 68B)
Class dagger.spi.internal.shaded.androidx.room.jarjarred.kotlinx.metadata.KmClassifier: loaded 3 times (x 69B)
Class dagger.spi.internal.shaded.androidx.room.jarjarred.kotlinx.metadata.internal.metadata.jvm.deserialization.BitEncoding: loaded 3 times (x 69B)
Class dagger.hilt.android.processor.internal.androidentrypoint.Generators             : loaded 3 times (x 69B)
Class dagger.spi.internal.shaded.androidx.room.jarjarred.kotlinx.metadata.internal.metadata.deserialization.TypeTable: loaded 3 times (x 70B)
Class dagger.spi.internal.shaded.androidx.room.jarjarred.kotlinx.metadata.internal.protobuf.CodedOutputStream: loaded 3 times (x 70B)
Class dagger.spi.internal.shaded.androidx.room.compiler.processing.javac.kotlin.KmPropertyFunctionContainerImpl: loaded 3 times (x 107B)
Class io.realm.processor.nameconverter.NameConverter                                  : loaded 3 times (x 68B)
Class dagger.spi.internal.shaded.androidx.room.compiler.processing.javac.JavacType$typeElement$2: loaded 3 times (x 77B)
Class dagger.spi.internal.shaded.androidx.room.jarjarred.kotlinx.metadata.jvm.JvmDeclarationContainerExtensionVisitor: loaded 3 times (x 79B)
Class dagger.spi.internal.shaded.androidx.room.jarjarred.kotlinx.metadata.internal.metadata.ProtoBuf$ValueParameter: loaded 3 times (x 126B)
Class dagger.spi.internal.shaded.androidx.room.jarjarred.kotlinx.metadata.internal.metadata.ProtoBuf$Annotation$1: loaded 3 times (x 142B)
Class dagger.spi.internal.shaded.androidx.room.compiler.processing.javac.JavacAnnotation$declaredAnnotationValues$2: loaded 3 times (x 77B)
Class dagger.spi.internal.shaded.androidx.room.jarjarred.kotlinx.metadata.internal.metadata.deserialization.VersionRequirement$Companion$WhenMappings: loaded 3 times (x 69B)
Class android.databinding.tool.reflection.RecursiveResolutionStack$items$1            : loaded 3 times (x 72B)
Class com.squareup.kotlinpoet.UtilKt                                                  : loaded 3 times (x 69B)
Class dagger.spi.internal.shaded.androidx.room.jarjarred.kotlinx.metadata.internal.metadata.ProtoBuf$VersionRequirementOrBuilder: loaded 3 times (x 68B)
Class dagger.spi.internal.shaded.androidx.room.compiler.processing.javac.JavacMethodType$returnType$2: loaded 3 times (x 77B)
Class [Ldagger.hilt.android.processor.internal.androidentrypoint.AndroidEntryPointMetadata$AndroidType;: loaded 3 times (x 67B)
Class dagger.spi.internal.shaded.androidx.room.jarjarred.kotlinx.metadata.jvm.KotlinClassMetadata$Companion: loaded 3 times (x 69B)
Class android.databinding.annotationprocessor.ProcessDataBinding$ProcessingStep       : loaded 3 times (x 73B)
Class android.databinding.annotationprocessor.AnnotationUtil                          : loaded 3 times (x 69B)
Class android.databinding.tool.util.GenerationalClassUtil$ExtensionFilter             : loaded 3 times (x 78B)
Class dagger.spi.internal.shaded.androidx.room.jarjarred.kotlinx.metadata.internal.metadata.jvm.JvmProtoBuf$StringTableTypes: loaded 3 times (x 108B)
Class dagger.spi.internal.shaded.androidx.room.jarjarred.kotlinx.metadata.internal.metadata.jvm.JvmProtoBuf: loaded 3 times (x 69B)
Class dagger.spi.internal.shaded.androidx.room.compiler.processing.javac.JavacRoundEnv: loaded 3 times (x 76B)
Class dagger.spi.internal.shaded.androidx.room.compiler.processing.CommonProcessorDelegate$processRound$currentElementsDeferredByStep$1$previousRoundDeferredElementsByAnnotation$1: loaded 3 times (x 76B)
Class android.databinding.tool.store.BindingAdapterStore$merge$$inlined$merge$3$1     : loaded 3 times (x 75B)
Class dagger.internal.codegen.javapoet.AnnotationSpecs                                : loaded 3 times (x 69B)
Class dagger.spi.internal.shaded.androidx.room.compiler.processing.javac.kotlin.KmClassContainer$superType$2: loaded 3 times (x 77B)
Class com.google.devtools.ksp.symbol.KSNode                                           : loaded 3 times (x 68B)
Class dagger.spi.internal.shaded.androidx.room.compiler.processing.javac.DefaultJavacType: loaded 3 times (x 185B)
Class dagger.spi.internal.shaded.auto.common.AnnotationMirrors$1                      : loaded 3 times (x 82B)
Class dagger.spi.internal.shaded.androidx.room.jarjarred.kotlinx.metadata.internal.protobuf.Parser: loaded 3 times (x 68B)
Class org.apache.commons.io.filefilter.AbstractFileFilter                             : loaded 3 times (x 114B)
Class dagger.spi.internal.shaded.androidx.room.jarjarred.kotlinx.metadata.internal.metadata.ProtoBuf$Effect$InvocationKind: loaded 3 times (x 80B)
Class io.realm.processor.RealmVersionChecker$Companion                                : loaded 3 times (x 69B)
Class android.databinding.tool.processing.scopes.FileScopeProvider                    : loaded 3 times (x 68B)
Class dagger.spi.internal.shaded.androidx.room.compiler.processing.XAnnotationValue   : loaded 3 times (x 68B)
Class android.databinding.tool.store.SetterStore$AdapterSetter                        : loaded 3 times (x 88B)
Class dagger.spi.internal.shaded.androidx.room.compiler.processing.javac.kotlin.JvmDescriptorTypeVisitor$WhenMappings: loaded 3 times (x 69B)
Class dagger.internal.codegen.binding.AutoValue_Nullability                           : loaded 3 times (x 72B)
Class android.databinding.tool.reflection.ModelAnalyzer$mutableLiveDataType$2         : loaded 3 times (x 77B)
Class dagger.spi.internal.shaded.androidx.room.compiler.processing.javac.JavacElement$docComment$2: loaded 3 times (x 77B)
Class dagger.hilt.android.processor.internal.androidentrypoint.InjectorEntryPointGenerator: loaded 3 times (x 70B)
Class com.google.common.collect.Iterators$ConcatenatedIterator                        : loaded 3 times (x 80B)
Class dagger.spi.internal.shaded.androidx.room.compiler.processing.javac.JavacRoundEnv$rootElements$2: loaded 3 times (x 77B)
Class com.squareup.kotlinpoet.ClassName$special$$inlined$compareBy$1                  : loaded 3 times (x 87B)
Class android.databinding.tool.util.SymbolTable                                       : loaded 3 times (x 70B)
Class kotlin.sequences.SequenceBuilderIterator                                        : loaded 3 times (x 83B)
Class dagger.spi.internal.shaded.androidx.room.jarjarred.kotlinx.metadata.KmConstructor: loaded 3 times (x 75B)
Class com.google.common.collect.AbstractMapBasedMultimap$AsMap$AsMapEntries           : loaded 3 times (x 136B)
Class dagger.spi.internal.shaded.androidx.room.compiler.processing.javac.JavacMethodParameter$kotlinMetadata$2: loaded 3 times (x 77B)
Class android.databinding.tool.store.GenClassInfoLog$Companion                        : loaded 3 times (x 69B)
Class io.realm.processor.DefaultModuleGenerator                                       : loaded 3 times (x 70B)
Class dagger.spi.internal.shaded.androidx.room.compiler.processing.javac.JavacMethodElement$typeParameters$2: loaded 3 times (x 77B)
Class dagger.spi.internal.shaded.androidx.room.compiler.processing.javac.JavacConstructorElement$executableType$2: loaded 3 times (x 77B)
Class [Ldagger.spi.internal.shaded.androidx.room.jarjarred.kotlinx.metadata.internal.protobuf.WireFormat$FieldType;: loaded 3 times (x 67B)
Class io.realm.processor.ClassMetaData$WhenMappings                                   : loaded 3 times (x 69B)
Class io.realm.processor.RealmProxyMediatorGenerator$emitCreteOrUpdateUsingJsonObject$1$1: loaded 3 times (x 77B)
Class [Ldagger.internal.codegen.writing.InjectionMethods$InstanceCastPolicy;          : loaded 3 times (x 67B)
Class io.realm.processor.RealmProxyMediatorGenerator$emitUpdateEmbeddedObjectMethod$1$1: loaded 3 times (x 77B)
Class dagger.spi.internal.shaded.androidx.room.compiler.processing.javac.JavacExecutableElement$Companion: loaded 3 times (x 69B)
Class dagger.spi.internal.shaded.androidx.room.compiler.processing.XArrayType         : loaded 3 times (x 68B)
Class dagger.internal.codegen.model.DependencyRequest                                 : loaded 3 times (x 73B)
Class dagger.spi.internal.shaded.androidx.room.compiler.processing.javac.JavacAnnotationValue$1: loaded 3 times (x 77B)
Class dagger.spi.internal.shaded.androidx.room.compiler.processing.javac.kotlin.KmConstructorContainer$parameters$2: loaded 3 times (x 77B)
Class dagger.spi.internal.shaded.androidx.room.compiler.processing.javac.JavacConstructorType: loaded 3 times (x 81B)
Class dagger.internal.codegen.base.DaggerSuperficialValidation$1                      : loaded 3 times (x 69B)
Class dagger.spi.internal.shaded.androidx.room.jarjarred.kotlinx.metadata.internal.protobuf.WireFormat$FieldType: loaded 3 times (x 81B)
Class kotlin.coroutines.jvm.internal.RestrictedContinuationImpl                       : loaded 3 times (x 85B)
Class dagger.spi.internal.shaded.androidx.room.compiler.processing.javac.JavacMethodElement$propertyName$2: loaded 3 times (x 77B)
Class dagger.spi.internal.shaded.androidx.room.compiler.processing.javac.JavacTypeElement$JavacEnumTypeElement: loaded 3 times (x 347B)
Class dagger.spi.internal.shaded.auto.common.GeneratedAnnotations                     : loaded 3 times (x 69B)
Class dagger.internal.codegen.model.AutoValue_DaggerElement                           : loaded 3 times (x 72B)
Class dagger.internal.codegen.base.ModuleKind                                         : loaded 3 times (x 77B)
Class io.realm.processor.TypeMirrors                                                  : loaded 3 times (x 70B)
Class dagger.spi.internal.shaded.androidx.room.jarjarred.kotlinx.metadata.internal.metadata.jvm.deserialization.JvmNameResolver: loaded 3 times (x 78B)
Class dagger.spi.internal.shaded.androidx.room.compiler.processing.XConstructorElement: loaded 3 times (x 68B)
Class dagger.spi.internal.shaded.androidx.room.jarjarred.kotlinx.metadata.internal.protobuf.ByteString: loaded 3 times (x 106B)
Class dagger.internal.codegen.extension.DaggerCollectors                              : loaded 3 times (x 69B)
Class dagger.spi.internal.shaded.androidx.room.jarjarred.kotlinx.metadata.jvm.internal.JvmTypeExtension: loaded 3 times (x 84B)
Class dagger.internal.codegen.model.DaggerAnnotation                                  : loaded 3 times (x 74B)
Class [Ldagger.spi.internal.shaded.androidx.room.jarjarred.kotlinx.metadata.Modality; : loaded 3 times (x 67B)
Class android.databinding.tool.util.Resources                                         : loaded 3 times (x 70B)
Class dagger.spi.internal.shaded.androidx.room.jarjarred.kotlinx.metadata.internal.metadata.jvm.deserialization.JvmProtoBufUtil: loaded 3 times (x 69B)
Class dagger.spi.internal.shaded.androidx.room.compiler.processing.javac.kotlin.KmClassContainer$functionList$2: loaded 3 times (x 77B)
Class dagger.spi.internal.shaded.androidx.room.compiler.processing.javac.JavacMethodElement$kotlinDefaultImplClass$2: loaded 3 times (x 77B)
Class android.databinding.tool.reflection.ModelMethod                                 : loaded 3 times (x 87B)
Class com.google.common.base.Functions                                                : loaded 3 times (x 69B)
Class io.realm.annotations.RealmModule                                                : loaded 3 times (x 68B)
Class android.databinding.tool.util.GenerationalClassUtil$IgnoreSerialIdObjectInputStream: loaded 3 times (x 143B)
Class dagger.spi.internal.shaded.androidx.room.jarjarred.kotlinx.metadata.internal.metadata.jvm.JvmProtoBuf$JvmFieldSignature: loaded 3 times (x 106B)
Class dagger.internal.codegen.model.BindingKind                                       : loaded 3 times (x 77B)
Class org.apache.commons.io.file.Counters                                             : loaded 3 times (x 69B)
Class dagger.internal.codegen.extension.DaggerCollectors$ToOptionalState              : loaded 3 times (x 70B)
Class dagger.spi.internal.shaded.androidx.room.jarjarred.kotlinx.metadata.internal.metadata.jvm.JvmProtoBuf$JvmMethodSignatureOrBuilder: loaded 3 times (x 68B)
Class dagger.spi.internal.shaded.auto.common.MoreTypes$TypeEquivalence                : loaded 3 times (x 80B)
Class io.realm.processor.RealmVersionChecker                                          : loaded 3 times (x 70B)
Class org.apache.commons.io.file.Counters$PathCounters                                : loaded 3 times (x 68B)
Class dagger.internal.codegen.base.RequestKinds$1                                     : loaded 3 times (x 69B)
Class dagger.internal.codegen.model.AutoValue_Key_MultibindingContributionIdentifier  : loaded 3 times (x 72B)
Class android.databinding.tool.reflection.ModelAnalyzer$mutableStateFlowDataType$2    : loaded 3 times (x 77B)
Class dagger.spi.internal.shaded.androidx.room.jarjarred.kotlinx.metadata.internal.metadata.ProtoBuf$VersionRequirementTable: loaded 3 times (x 105B)
Class dagger.spi.internal.shaded.androidx.room.jarjarred.kotlinx.metadata.jvm.JvmTypeExtensionVisitor$Companion: loaded 3 times (x 69B)
Class dagger.internal.codegen.base.ModuleAnnotation                                   : loaded 3 times (x 74B)
Class dagger.spi.internal.shaded.androidx.room.jarjarred.kotlinx.metadata.jvm.JvmExtensionsKt: loaded 3 times (x 69B)
Class dagger.spi.internal.shaded.androidx.room.jarjarred.kotlinx.metadata.internal.metadata.ProtoBuf$TypeParameter$Variance: loaded 3 times (x 80B)
Class dagger.spi.internal.shaded.androidx.room.jarjarred.kotlinx.metadata.internal.protobuf.GeneratedMessageLite: loaded 3 times (x 99B)
Class dagger.spi.internal.shaded.androidx.room.compiler.processing.InternalXAnnotated : loaded 3 times (x 68B)
Class dagger.hilt.processor.internal.kotlin.DaggerKotlinMetadataUtils_MetadataComponent$Builder: loaded 3 times (x 69B)
Class dagger.spi.internal.shaded.androidx.room.jarjarred.kotlinx.metadata.internal.metadata.ProtoBuf$Class$Kind$1: loaded 3 times (x 72B)
Class dagger.spi.internal.shaded.androidx.room.compiler.processing.javac.JavacTypeElement$typeParameters$2: loaded 3 times (x 77B)
Class [Ldagger.spi.internal.shaded.androidx.room.jarjarred.kotlinx.metadata.Visibility;: loaded 3 times (x 67B)
Class org.apache.commons.io.file.PathVisitor                                          : loaded 3 times (x 68B)
Class dagger.spi.internal.shaded.auto.common.MoreTypes$DeclaredTypeVisitor            : loaded 3 times (x 100B)
Class android.databinding.tool.reflection.annotation.AnnotationTypeUtil               : loaded 3 times (x 75B)
Class dagger.spi.internal.shaded.androidx.room.jarjarred.kotlinx.metadata.internal.metadata.ProtoBuf$Constructor: loaded 3 times (x 122B)
Class android.databinding.tool.reflection.ModelAnalyzer$observableFieldTypes$2        : loaded 3 times (x 77B)
Class dagger.spi.internal.shaded.androidx.room.jarjarred.kotlinx.metadata.jvm.JvmClassExtensionVisitor: loaded 3 times (x 85B)
Class dagger.spi.internal.shaded.androidx.room.compiler.processing.DeclarationCollectorKt$collectAllMethods$1: loaded 3 times (x 93B)
Class android.databinding.tool.store.GenClassInfoLog$GenClassImpl                     : loaded 3 times (x 70B)
Class dagger.spi.internal.shaded.androidx.room.jarjarred.kotlinx.metadata.internal.metadata.ProtoBuf$ValueParameterOrBuilder: loaded 3 times (x 68B)
Class dagger.spi.internal.shaded.androidx.room.jarjarred.kotlinx.metadata.internal.metadata.deserialization.VersionRequirementTable: loaded 3 times (x 70B)
Class dagger.spi.internal.shaded.androidx.room.compiler.processing.javac.JavacTypeElement$allFieldsIncludingPrivateSupers$1: loaded 3 times (x 77B)
Class dagger.spi.internal.shaded.androidx.room.compiler.processing.javac.JavacElement$equalityItems$2: loaded 3 times (x 77B)
Class dagger.spi.internal.shaded.androidx.room.jarjarred.kotlinx.metadata.KmVersionRequirementLevel: loaded 3 times (x 77B)
Class [Ldagger.internal.codegen.writing.InjectionMethods$CheckNotNullPolicy;          : loaded 3 times (x 67B)
Class dagger.hilt.android.processor.internal.androidentrypoint.AutoValue_AndroidEntryPointMetadata: loaded 3 times (x 90B)
Class dagger.spi.internal.shaded.androidx.room.compiler.processing.javac.JavacTypeElement$xClassName$2: loaded 3 times (x 77B)
Class dagger.spi.internal.shaded.androidx.room.jarjarred.kotlinx.metadata.jvm.internal.JvmTypeParameterExtension: loaded 3 times (x 82B)
Class com.google.gson.internal.Streams$AppendableWriter                               : loaded 3 times (x 97B)
Class dagger.spi.internal.shaded.androidx.room.compiler.processing.javac.kotlin.KmClassContainer$superTypes$2: loaded 3 times (x 77B)
Class dagger.spi.internal.shaded.androidx.room.jarjarred.kotlinx.metadata.internal.protobuf.FieldSet: loaded 3 times (x 70B)
Class dagger.spi.internal.shaded.androidx.room.compiler.processing.javac.JavacConstructorElement$parameters$2$1$1: loaded 3 times (x 77B)
Class dagger.spi.internal.shaded.androidx.room.jarjarred.kotlinx.metadata.internal.extensions.KmTypeParameterExtension: loaded 3 times (x 68B)
Class dagger.spi.internal.shaded.androidx.room.jarjarred.kotlinx.metadata.internal.metadata.ProtoBuf$Visibility: loaded 3 times (x 80B)
Class dagger.spi.internal.shaded.androidx.room.jarjarred.kotlinx.metadata.internal.metadata.ProtoBuf$PackageOrBuilder: loaded 3 times (x 68B)
Class [Ldagger.spi.internal.shaded.androidx.room.jarjarred.kotlinx.metadata.internal.metadata.ProtoBuf$TypeParameter$Variance;: loaded 3 times (x 67B)
Class dagger.spi.internal.shaded.androidx.room.compiler.processing.javac.kotlin.JvmDescriptorTypeVisitor: loaded 3 times (x 97B)
Class dagger.spi.internal.shaded.androidx.room.jarjarred.kotlinx.metadata.KmType      : loaded 3 times (x 81B)
Class dagger.spi.internal.shaded.androidx.room.compiler.processing.javac.JavacTypeElement$allMethods$1: loaded 3 times (x 77B)
Class dagger.spi.internal.shaded.androidx.room.compiler.processing.XMethodType        : loaded 3 times (x 68B)
Class dagger.hilt.processor.internal.kotlin.DaggerKotlinMetadataUtils_MetadataComponent: loaded 3 times (x 69B)
Class android.databinding.tool.reflection.ModelAnalyzer$hasGeneratedAnnotation$2      : loaded 3 times (x 77B)
Class dagger.spi.internal.shaded.androidx.room.jarjarred.kotlinx.metadata.jvm.JvmTypeParameterExtensionVisitor: loaded 3 times (x 77B)
Class com.squareup.kotlinpoet.TypeName                                                : loaded 3 times (x 84B)
Class com.google.common.collect.HashMultimapGwtSerializationDependencies              : loaded 3 times (x 172B)
Class android.databinding.tool.reflection.ModelAnalyzer$objectType$2                  : loaded 3 times (x 77B)
Class com.google.common.collect.AbstractMapBasedMultimap$WrappedList                  : loaded 3 times (x 165B)
Class android.databinding.annotationprocessor.ProcessExpressionsFromV1Compat          : loaded 3 times (x 70B)
Class android.databinding.tool.store.ResourceBundle                                   : loaded 3 times (x 82B)
Class dagger.hilt.android.processor.internal.androidentrypoint.$AutoValue_AndroidEntryPointMetadata: loaded 3 times (x 90B)
Class dagger.spi.internal.shaded.androidx.room.jarjarred.kotlinx.metadata.NodesKt     : loaded 3 times (x 69B)
Class dagger.spi.internal.shaded.androidx.room.compiler.processing.javac.JavacFieldElement$enclosingElement$2: loaded 3 times (x 77B)
Class com.squareup.kotlinpoet.TagMap$Companion                                        : loaded 3 times (x 69B)
Class [Ldagger.spi.internal.shaded.androidx.room.jarjarred.kotlinx.metadata.internal.protobuf.Internal$EnumLite;: loaded 3 times (x 67B)
Class android.databinding.tool.LibTypes$mutableStateFlow$2                            : loaded 3 times (x 76B)
Class dagger.spi.internal.shaded.androidx.room.jarjarred.kotlinx.metadata.internal.BooleanFlagDelegate: loaded 3 times (x 70B)
Class com.google.common.collect.AbstractMapBasedMultimap$RandomAccessWrappedList      : loaded 3 times (x 165B)
Class android.databinding.tool.LibTypes$mutableLiveData$2                             : loaded 3 times (x 77B)
Class android.databinding.tool.util.FileUtil$listAndSortFiles$$inlined$sortedBy$2     : loaded 3 times (x 87B)
Class com.squareup.kotlinpoet.TagMap                                                  : loaded 3 times (x 77B)
Class io.realm.processor.RealmProxyMediatorGenerator$special$$inlined$compareByDescending$1: loaded 3 times (x 87B)
Class io.realm.processor.RealmProxyClassGenerator                                     : loaded 3 times (x 70B)
Class com.squareup.kotlinpoet.Annotatable                                             : loaded 3 times (x 68B)
Class android.databinding.tool.LibTypes$appCompatResources$2                          : loaded 3 times (x 77B)
Class io.realm.processor.ClassMetaData$Companion                                      : loaded 3 times (x 69B)
Class io.realm.processor.Utils                                                        : loaded 3 times (x 69B)
Class dagger.spi.internal.shaded.androidx.room.jarjarred.kotlinx.metadata.internal.FlagImpl: loaded 3 times (x 70B)
Class android.databinding.tool.util.FileUtil$listAndSortFiles$$inlined$sortedBy$1     : loaded 3 times (x 87B)
Class dagger.spi.internal.shaded.androidx.room.jarjarred.kotlinx.metadata.internal.metadata.ProtoBuf$Modality: loaded 3 times (x 80B)
Class dagger.spi.internal.shaded.androidx.room.jarjarred.kotlinx.metadata.jvm.internal.JvmFunctionExtension: loaded 3 times (x 83B)
Class kotlin.collections.SlidingWindowKt                                              : loaded 3 times (x 69B)
Class dagger.spi.internal.shaded.androidx.room.compiler.processing.javac.JavacTypeElement$className$2: loaded 3 times (x 77B)
Class android.databinding.tool.store.ResourceBundle$LayoutFileBundle                  : loaded 3 times (x 101B)
Class dagger.spi.internal.shaded.androidx.room.compiler.codegen.XClassName            : loaded 3 times (x 73B)
Class dagger.spi.internal.shaded.androidx.room.jarjarred.kotlinx.metadata.internal.metadata.ProtoBuf$VersionRequirementTable$1: loaded 3 times (x 142B)
Class dagger.spi.internal.shaded.androidx.room.jarjarred.kotlinx.metadata.internal.metadata.ProtoBuf$Type$Argument$1: loaded 3 times (x 142B)
Class com.google.common.base.Verify                                                   : loaded 3 times (x 69B)
Class android.databinding.annotationprocessor.BindableBag$PackageProps                : loaded 3 times (x 70B)
Class dagger.spi.internal.shaded.androidx.room.jarjarred.kotlinx.metadata.internal.metadata.ProtoBuf$Package$1: loaded 3 times (x 142B)
Class com.squareup.kotlinpoet.WildcardTypeName$Companion                              : loaded 3 times (x 69B)
Class dagger.spi.internal.shaded.androidx.room.compiler.processing.InternalXAnnotationValue$kind$2: loaded 3 times (x 77B)
Class dagger.spi.internal.shaded.auto.common.AnnotationOutput                         : loaded 3 times (x 69B)
Class android.databinding.tool.store.BindingAdapterStore$merge$$inlined$merge$2$1     : loaded 3 times (x 75B)
Class dagger.spi.internal.shaded.androidx.room.compiler.processing.javac.JavacTypeElement$enclosingElement$2: loaded 3 times (x 77B)
Class dagger.spi.internal.shaded.androidx.room.jarjarred.kotlinx.metadata.internal.protobuf.GeneratedMessageLite$1: loaded 3 times (x 69B)
Class dagger.spi.internal.shaded.androidx.room.jarjarred.kotlinx.metadata.Attributes$hasAnnotations$6: loaded 3 times (x 135B)
Class android.databinding.tool.reflection.ModelAnalyzer$viewStubType$2                : loaded 3 times (x 77B)
Class [Ldagger.internal.codegen.validation.ModuleValidator$ModuleMethodKind;          : loaded 3 times (x 67B)
Class io.realm.processor.RealmJsonTypeHelper$RealmAnyTypeConverter                    : loaded 3 times (x 74B)
Class dagger.spi.internal.shaded.androidx.room.jarjarred.kotlinx.metadata.internal.metadata.ProtoBuf$Effect$InvocationKind$1: loaded 3 times (x 72B)
Class dagger.internal.codegen.langmodel.Accessibility                                 : loaded 3 times (x 69B)
Class androidx.databinding.BindingConversion                                          : loaded 3 times (x 68B)
Class android.databinding.tool.reflection.annotation.AnnotationAnalyzer               : loaded 3 times (x 79B)
Class android.databinding.tool.LibTypes$nonNull$2                                     : loaded 3 times (x 77B)
Class dagger.spi.internal.shaded.androidx.room.compiler.processing.javac.JavacTypeElement$JavacEnumTypeElement$entries$2: loaded 3 times (x 77B)
Class [Ldagger.spi.internal.shaded.androidx.room.jarjarred.kotlinx.metadata.internal.protobuf.WireFormat$JavaType;: loaded 3 times (x 67B)
Class dagger.spi.internal.shaded.androidx.room.jarjarred.kotlinx.metadata.Attributes$hasAnnotations$2: loaded 3 times (x 135B)
Class org.apache.commons.io.file.Counters$AbstractPathCounters                        : loaded 3 times (x 80B)
Class dagger.spi.internal.shaded.androidx.room.compiler.processing.javac.JavacTypeElement$superInterfaces$2: loaded 3 times (x 77B)
Class dagger.spi.internal.shaded.androidx.room.jarjarred.kotlinx.metadata.internal.protobuf.SmallSortedMap$EmptySet$1: loaded 3 times (x 76B)
Class dagger.spi.internal.shaded.androidx.room.jarjarred.kotlinx.metadata.internal.protobuf.SmallSortedMap$EmptySet$2: loaded 3 times (x 76B)
Class [Ldagger.spi.internal.shaded.androidx.room.compiler.processing.XFiler$Mode;     : loaded 3 times (x 67B)
Class dagger.spi.internal.shaded.androidx.room.jarjarred.kotlinx.metadata.internal.metadata.ProtoBuf$Modality$1: loaded 3 times (x 72B)
Class dagger.spi.internal.shaded.androidx.room.compiler.processing.javac.JavacAnnotationValue: loaded 3 times (x 153B)
Class [Ldagger.spi.internal.shaded.androidx.room.jarjarred.kotlinx.metadata.ClassKind;: loaded 3 times (x 67B)
Class android.databinding.tool.store.SetterStore$SetterCall                           : loaded 3 times (x 88B)
Class com.squareup.javapoet.WildcardTypeName                                          : loaded 3 times (x 79B)
Class [Ldagger.internal.codegen.model.BindingKind;                                    : loaded 3 times (x 67B)
Class org.apache.commons.io.IOCase                                                    : loaded 3 times (x 78B)
Class android.databinding.annotationprocessor.ProcessBindable                         : loaded 3 times (x 77B)
Class dagger.hilt.processor.internal.ProcessorErrors                                  : loaded 3 times (x 69B)
Class dagger.spi.internal.shaded.androidx.room.jarjarred.kotlinx.metadata.internal.metadata.ProtoBuf$Annotation: loaded 3 times (x 107B)
Class dagger.spi.internal.shaded.androidx.room.compiler.processing.javac.JavacMethodParameter$jvmName$2: loaded 3 times (x 77B)
Class dagger.spi.internal.shaded.androidx.room.jarjarred.kotlinx.metadata.internal.extensions.MetadataExtensions$Companion$INSTANCES$2: loaded 3 times (x 76B)
Class dagger.spi.internal.shaded.androidx.room.compiler.processing.XPackageElement    : loaded 3 times (x 68B)
Class dagger.spi.internal.shaded.androidx.room.jarjarred.kotlinx.metadata.internal.metadata.ProtoBuf$Type$Argument: loaded 3 times (x 108B)
Class dagger.spi.internal.shaded.androidx.room.jarjarred.kotlinx.metadata.internal.metadata.jvm.deserialization.JvmNameResolverBase$WhenMappings: loaded 3 times (x 69B)
Class dagger.hilt.android.processor.internal.androidentrypoint.AndroidEntryPointMetadata$AndroidType: loaded 3 times (x 77B)
Class dagger.spi.internal.shaded.androidx.room.compiler.processing.javac.JavacFieldElement$getter$2: loaded 3 times (x 77B)
Class com.squareup.kotlinpoet.ClassName                                               : loaded 3 times (x 87B)
Class dagger.spi.internal.shaded.androidx.room.jarjarred.kotlinx.metadata.KmVersionRequirementVisitor: loaded 3 times (x 73B)
Class io.realm.processor.RealmProxyMediatorGenerator$emitInsertOrUpdateObjectToRealmMethod$1$1: loaded 3 times (x 77B)
Class android.databinding.tool.reflection.ModelAnalyzer$liveDataType$2                : loaded 3 times (x 77B)
Class dagger.spi.internal.shaded.androidx.room.compiler.processing.javac.kotlin.KotlinClassMetadataUtilsKt: loaded 3 times (x 69B)
Class io.realm.processor.RealmProxyClassGenerator$WhenMappings                        : loaded 3 times (x 69B)
Class dagger.spi.internal.shaded.androidx.room.compiler.processing.javac.kotlin.KmData: loaded 3 times (x 68B)
Class org.apache.commons.io.file.DeleteOption                                         : loaded 3 times (x 68B)
Class dagger.spi.internal.shaded.androidx.room.compiler.processing.javac.JavacTypeVariableType$equalityItems$2: loaded 3 times (x 77B)
Class android.databinding.tool.reflection.ModelClass                                  : loaded 3 times (x 102B)
Class dagger.internal.codegen.binding.FrameworkType$3                                 : loaded 3 times (x 69B)
Class dagger.spi.internal.shaded.androidx.room.jarjarred.kotlinx.metadata.KmVersionRequirementVersionKind: loaded 3 times (x 77B)
Class [Lio.realm.processor.Constants$RealmFieldType;                                  : loaded 3 times (x 67B)
Class dagger.spi.internal.shaded.androidx.room.jarjarred.kotlinx.metadata.internal.protobuf.AbstractMessageLite: loaded 3 times (x 96B)
Class dagger.spi.internal.shaded.androidx.room.compiler.processing.javac.JavacFieldElement: loaded 3 times (x 225B)
Class org.apache.commons.io.filefilter.ConditionalFileFilter                          : loaded 3 times (x 68B)
Class dagger.spi.internal.shaded.androidx.room.compiler.processing.InternalXAnnotation$valuesByName$2: loaded 3 times (x 77B)
Class dagger.spi.internal.shaded.androidx.room.jarjarred.kotlinx.metadata.internal.EnumFlagDelegate: loaded 3 times (x 70B)
Class dagger.internal.codegen.model.AutoValue_Key                                     : loaded 3 times (x 78B)
Class [Lorg.apache.commons.io.FileSystem;                                             : loaded 3 times (x 67B)
Class dagger.spi.internal.shaded.androidx.room.compiler.processing.javac.JavacArrayType: loaded 3 times (x 209B)
Class dagger.internal.codegen.binding.FrameworkType$2                                 : loaded 3 times (x 82B)
Class android.databinding.tool.expr.VersionProvider                                   : loaded 3 times (x 68B)
Class android.databinding.tool.LibTypes$bindable$2                                    : loaded 3 times (x 77B)
Class dagger.spi.internal.shaded.androidx.room.jarjarred.kotlinx.metadata.KmDeclarationContainerVisitor: loaded 3 times (x 75B)
Class org.apache.commons.io.file.Counters$Counter                                     : loaded 3 times (x 68B)
Class [Ldagger.spi.internal.shaded.androidx.room.jarjarred.kotlinx.metadata.internal.metadata.ProtoBuf$VersionRequirement$Level;: loaded 3 times (x 67B)
Class dagger.internal.codegen.binding.AssistedInjectionAnnotations                    : loaded 3 times (x 69B)
Class [Lorg.apache.commons.io.file.DeleteOption;                                      : loaded 3 times (x 67B)
Class dagger.internal.codegen.binding.FrameworkType$1                                 : loaded 3 times (x 82B)
Class io.realm.processor.RealmFieldElement                                            : loaded 3 times (x 95B)
Class [Ldagger.spi.internal.shaded.androidx.room.jarjarred.kotlinx.metadata.internal.metadata.ProtoBuf$Modality;: loaded 3 times (x 67B)
Class dagger.spi.internal.shaded.androidx.room.jarjarred.kotlinx.metadata.internal.protobuf.InvalidProtocolBufferException: loaded 3 times (x 82B)
Class dagger.spi.internal.shaded.auto.common.Overrides$ExplicitOverrides              : loaded 3 times (x 74B)
Class io.realm.processor.RealmProxyClassGenerator$emitRealmModel$1$1                  : loaded 3 times (x 77B)
Class dagger.spi.internal.shaded.androidx.room.compiler.processing.javac.JavacMethodElement$name$2: loaded 3 times (x 77B)
Class org.apache.commons.io.file.PathUtils                                            : loaded 3 times (x 69B)
Class dagger.spi.internal.shaded.androidx.room.jarjarred.kotlinx.metadata.jvm.JvmClassExtensionVisitor$Companion: loaded 3 times (x 69B)
Class dagger.spi.internal.shaded.androidx.room.jarjarred.kotlinx.metadata.KmClass     : loaded 3 times (x 96B)
Class dagger.spi.internal.shaded.androidx.room.jarjarred.kotlinx.metadata.KmFunction  : loaded 3 times (x 80B)
Class dagger.spi.internal.shaded.androidx.room.jarjarred.kotlinx.metadata.internal.metadata.jvm.deserialization.UtfEncodingKt: loaded 3 times (x 69B)
Class dagger.internal.codegen.javapoet.CodeBlocks                                     : loaded 3 times (x 69B)
Class dagger.internal.codegen.validation.ValidationReport                             : loaded 3 times (x 70B)
Class dagger.spi.internal.shaded.androidx.room.jarjarred.kotlinx.metadata.internal.extensions.KmConstructorExtension: loaded 3 times (x 68B)
Class android.databinding.tool.writer.BindingMapperWriterV2$generateInnerLayoutIdLookup$1$1: loaded 3 times (x 77B)
Class dagger.internal.codegen.binding.$AutoValue_ProvisionBinding$Builder             : loaded 3 times (x 101B)
Class dagger.spi.internal.shaded.androidx.room.jarjarred.kotlinx.metadata.internal.protobuf.ExtensionRegistryLite: loaded 3 times (x 72B)
Class dagger.internal.codegen.xprocessing.XTypeElements$Visibility                    : loaded 3 times (x 77B)
Class com.squareup.kotlinpoet.TypeName$cachedString$2                                 : loaded 3 times (x 77B)
Class dagger.spi.internal.shaded.androidx.room.jarjarred.kotlinx.metadata.internal.metadata.ProtoBuf$MemberKind: loaded 3 times (x 80B)
Class android.databinding.tool.store.SetterStore$MultiValueAdapterKey                 : loaded 3 times (x 75B)
Class android.databinding.tool.reflection.TypeUtil                                    : loaded 3 times (x 72B)
Class dagger.spi.internal.shaded.androidx.room.jarjarred.kotlinx.metadata.jvm.JvmMemberSignature: loaded 3 times (x 71B)
Class dagger.spi.internal.shaded.androidx.room.compiler.processing.javac.JavacType$superTypes$2: loaded 3 times (x 77B)
Class dagger.spi.internal.shaded.androidx.room.jarjarred.kotlinx.metadata.internal.FlagDelegatesImplKt$functionBooleanFlag$1: loaded 3 times (x 135B)
Class dagger.spi.internal.shaded.androidx.room.jarjarred.kotlinx.metadata.internal.protobuf.WireFormat: loaded 3 times (x 69B)
Class [Ldagger.spi.internal.shaded.androidx.room.jarjarred.kotlinx.metadata.internal.metadata.ProtoBuf$VersionRequirement$VersionKind;: loaded 3 times (x 67B)
Class dagger.spi.internal.shaded.androidx.room.jarjarred.kotlinx.metadata.KmTypeParameterExtensionVisitor: loaded 3 times (x 68B)
Class dagger.spi.internal.shaded.androidx.room.jarjarred.kotlinx.metadata.internal.protobuf.CodedOutputStream$OutOfSpaceException: loaded 3 times (x 80B)
Class dagger.spi.internal.shaded.androidx.room.jarjarred.kotlinx.metadata.internal.protobuf.ByteString$ByteIterator: loaded 3 times (x 68B)
Class com.google.common.collect.Multimaps$Entries                                     : loaded 3 times (x 116B)
Class dagger.hilt.android.processor.internal.androidentrypoint.AndroidEntryPointMetadata$Type: loaded 3 times (x 70B)
Class androidx.databinding.InverseMethod                                              : loaded 3 times (x 68B)
Class dagger.spi.internal.shaded.androidx.room.compiler.processing.javac.JavacExecutableElement$enclosingElement$2: loaded 3 times (x 77B)
Class dagger.spi.internal.shaded.androidx.room.jarjarred.kotlinx.metadata.jvm.internal.JvmExceptionUtilsKt: loaded 3 times (x 69B)
Class dagger.spi.internal.shaded.androidx.room.jarjarred.kotlinx.metadata.Flag        : loaded 3 times (x 70B)
Class com.squareup.kotlinpoet.Taggable                                                : loaded 3 times (x 68B)
Class dagger.spi.internal.shaded.androidx.room.jarjarred.kotlinx.metadata.internal.metadata.ProtoBuf$VersionRequirement$VersionKind$1: loaded 3 times (x 72B)
Class android.databinding.tool.LibTypes$dataBindingUtil$2                             : loaded 3 times (x 77B)
Class dagger.spi.internal.shaded.androidx.room.compiler.processing.XTypeParameterElement: loaded 3 times (x 68B)
Class dagger.spi.internal.shaded.androidx.room.jarjarred.kotlinx.metadata.MemberKind  : loaded 3 times (x 77B)
Class android.databinding.tool.CompilerArguments$Companion$stringToFileList$1         : loaded 3 times (x 76B)
Class android.databinding.tool.writer.BindingMapperWriterV2$special$$inlined$sortedBy$1: loaded 3 times (x 87B)
Class dagger.spi.internal.shaded.androidx.room.compiler.processing.javac.JavacDeclaredType: loaded 3 times (x 185B)
Class dagger.spi.internal.shaded.androidx.room.jarjarred.kotlinx.metadata.internal.metadata.jvm.JvmProtoBuf$StringTableTypes$Record$1: loaded 3 times (x 142B)
Class dagger.spi.internal.shaded.androidx.room.jarjarred.kotlinx.metadata.internal.metadata.ProtoBuf$VersionRequirement$VersionKind: loaded 3 times (x 80B)
Class [Lcom.squareup.javapoet.ClassName;                                              : loaded 3 times (x 67B)
Class android.databinding.tool.processing.Scope                                       : loaded 3 times (x 69B)
Class com.google.common.collect.RegularImmutableBiMap$Inverse                         : loaded 3 times (x 141B)
Class [Ldagger.spi.internal.shaded.androidx.room.jarjarred.kotlinx.metadata.internal.metadata.ProtoBuf$Effect$EffectType;: loaded 3 times (x 67B)
Class dagger.spi.internal.shaded.androidx.room.compiler.processing.javac.kotlin.JvmDescriptorUtilsKt: loaded 3 times (x 69B)
Class [Ldagger.spi.internal.shaded.androidx.room.jarjarred.kotlinx.metadata.internal.metadata.ProtoBuf$MemberKind;: loaded 3 times (x 67B)
Class android.databinding.tool.writer.BindingMapperWriterV2$special$$inlined$sortedBy$2: loaded 3 times (x 87B)
Class dagger.spi.internal.shaded.androidx.room.compiler.processing.javac.kotlin.KmClassContainer: loaded 3 times (x 77B)
Class dagger.internal.codegen.validation.DependencyRequestValidator$Validator         : loaded 3 times (x 70B)
Class com.google.gson.internal.ConstructorConstructor$11                              : loaded 3 times (x 73B)
Class android.databinding.tool.LibTypes$dataBinderMapper$2                            : loaded 3 times (x 77B)
Class dagger.spi.internal.shaded.androidx.room.jarjarred.kotlinx.metadata.KmPropertyVisitor: loaded 3 times (x 78B)
Class dagger.spi.internal.shaded.androidx.room.jarjarred.kotlinx.metadata.internal.metadata.ProtoBuf$FunctionOrBuilder: loaded 3 times (x 68B)
Class dagger.spi.internal.shaded.androidx.room.compiler.processing.CommonProcessorDelegate: loaded 3 times (x 70B)
Class org.apache.commons.io.file.Counters$NoopCounter                                 : loaded 3 times (x 78B)
Class dagger.spi.internal.shaded.androidx.room.compiler.processing.javac.JavacAnnotationValueKt: loaded 3 times (x 69B)
Class dagger.spi.internal.shaded.androidx.room.jarjarred.kotlinx.metadata.internal.protobuf.CodedOutputStream$ByteBufferOutputStream: loaded 3 times (x 84B)
Class dagger.spi.internal.shaded.androidx.room.jarjarred.kotlinx.metadata.KmClassifier$TypeAlias: loaded 3 times (x 70B)
Class dagger.spi.internal.shaded.androidx.room.compiler.processing.javac.kotlin.KmPropertyContainer: loaded 3 times (x 77B)
Class com.google.common.base.Functions$ConstantFunction                               : loaded 3 times (x 82B)
Class dagger.spi.internal.shaded.androidx.room.compiler.processing.javac.JavacTypeElement$type$2: loaded 3 times (x 77B)
Class com.google.common.collect.AbstractMultimap$Entries                              : loaded 3 times (x 118B)
Class dagger.internal.codegen.base.SetType                                            : loaded 3 times (x 75B)
Class dagger.spi.internal.shaded.androidx.room.jarjarred.kotlinx.metadata.internal.extensions.KmClassExtension: loaded 3 times (x 68B)
Class dagger.spi.internal.shaded.androidx.room.jarjarred.kotlinx.metadata.Attributes  : loaded 3 times (x 69B)
Class dagger.spi.internal.shaded.androidx.room.jarjarred.kotlinx.metadata.KmProperty  : loaded 3 times (x 79B)
Class dagger.spi.internal.shaded.androidx.room.jarjarred.kotlinx.metadata.internal.metadata.ProtoBuf$Expression$ConstantValue$1: loaded 3 times (x 72B)
Class dagger.spi.internal.shaded.androidx.room.jarjarred.kotlinx.metadata.Attributes$kind$7: loaded 3 times (x 135B)
Class dagger.spi.internal.shaded.androidx.room.compiler.processing.util.MemoizedSequence: loaded 3 times (x 73B)
Class dagger.spi.internal.shaded.androidx.room.compiler.processing.DeclarationCollectorKt: loaded 3 times (x 69B)
Class dagger.spi.internal.shaded.androidx.room.jarjarred.kotlinx.metadata.internal.metadata.ProtoBuf$Type$Argument$Projection: loaded 3 times (x 80B)
Class android.databinding.tool.expr.ResourceExpr                                      : loaded 3 times (x 147B)
Class dagger.spi.internal.shaded.androidx.room.compiler.processing.javac.JavacAnnotation$defaultValues$2: loaded 3 times (x 77B)
Class io.realm.processor.QualifiedClassName                                           : loaded 3 times (x 70B)
Class com.google.common.collect.NullnessCasts                                         : loaded 3 times (x 69B)
Class dagger.spi.internal.shaded.auto.common.AnnotationOutput$SourceFormVisitor       : loaded 3 times (x 115B)
Class android.databinding.annotationprocessor.BindableBag$IdBag$buildMapping$$inlined$sortedBy$1: loaded 3 times (x 87B)
Class dagger.hilt.processor.internal.kotlin.KotlinMetadataUtil                        : loaded 3 times (x 70B)
Class dagger.spi.internal.shaded.androidx.room.jarjarred.kotlinx.metadata.Attributes$modality$2: loaded 3 times (x 135B)
Class android.databinding.tool.writer.MergedBindingMapperWriter                       : loaded 3 times (x 70B)
Class dagger.spi.internal.shaded.androidx.room.jarjarred.kotlinx.metadata.internal.metadata.ProtoBuf$ContractOrBuilder: loaded 3 times (x 68B)
Class dagger.spi.internal.shaded.androidx.room.jarjarred.kotlinx.metadata.internal.metadata.ProtoBuf$EnumEntryOrBuilder: loaded 3 times (x 68B)
Class org.apache.commons.io.FileSystem                                                : loaded 3 times (x 78B)
Class android.databinding.tool.store.GenClassInfoLog$createPackageInfoLog$1           : loaded 3 times (x 77B)
Class dagger.hilt.processor.internal.aggregateddeps.PkgPrivateMetadata                : loaded 3 times (x 73B)
Class dagger.hilt.processor.internal.kotlin.KotlinMetadataUtils$MetadataComponent     : loaded 3 times (x 68B)
Class dagger.spi.internal.shaded.androidx.room.jarjarred.kotlinx.metadata.internal.metadata.jvm.JvmProtoBuf$StringTableTypes$Record: loaded 3 times (x 117B)
Class [Ldagger.spi.internal.shaded.androidx.room.compiler.processing.InternalXAnnotationValue$Kind;: loaded 3 times (x 67B)
Class dagger.spi.internal.shaded.androidx.room.compiler.processing.javac.JavacMethodElement$parameters$2: loaded 3 times (x 77B)
Class dagger.spi.internal.shaded.androidx.room.jarjarred.kotlinx.metadata.Attributes$modality$6: loaded 3 times (x 135B)
Class org.bson.types.Decimal128                                                       : loaded 3 times (x 78B)
Class dagger.spi.internal.shaded.androidx.room.compiler.processing.javac.JavacDeclaredType$equalityItems$2: loaded 3 times (x 77B)
Class android.databinding.tool.reflection.ModelAnalyzer$viewBindingType$2             : loaded 3 times (x 77B)
Class com.squareup.kotlinpoet.ClassName$Companion                                     : loaded 3 times (x 69B)
Class com.squareup.kotlinpoet.TypeNames                                               : loaded 3 times (x 69B)
Class android.databinding.tool.store.SetterStore                                      : loaded 3 times (x 87B)
Class dagger.spi.internal.shaded.androidx.room.jarjarred.kotlinx.metadata.Attributes$kind$2: loaded 3 times (x 135B)
Class android.databinding.tool.store.BindingAdapterStore$merge$$inlined$merge$1       : loaded 3 times (x 75B)
Class android.databinding.tool.store.BindingAdapterStore$merge$$inlined$merge$2       : loaded 3 times (x 75B)
Class android.databinding.annotationprocessor.ProcessBindable$Intermediate            : loaded 3 times (x 68B)
Class dagger.spi.internal.shaded.androidx.room.compiler.processing.javac.JavacTypeElement$enclosingTypeElement$2: loaded 3 times (x 77B)
Class android.databinding.tool.store.BindingAdapterStore$merge$$inlined$merge$3       : loaded 3 times (x 75B)
Class dagger.spi.internal.shaded.androidx.room.compiler.processing.JavaPoetExtKt      : loaded 3 times (x 69B)
Class dagger.spi.internal.shaded.auto.common.MoreTypes$AsElementVisitor               : loaded 3 times (x 99B)
Class dagger.spi.internal.shaded.auto.common.MoreTypes                                : loaded 3 times (x 69B)
Class dagger.spi.internal.shaded.androidx.room.jarjarred.kotlinx.metadata.internal.metadata.jvm.JvmProtoBuf$JvmPropertySignature$Builder: loaded 3 times (x 139B)
Class dagger.hilt.android.processor.internal.androidentrypoint.AndroidEntryPointMetadata: loaded 3 times (x 89B)
Class dagger.spi.internal.shaded.androidx.room.compiler.processing.javac.JavacTypeVariableType: loaded 3 times (x 209B)
Class com.squareup.kotlinpoet.WildcardTypeName                                        : loaded 3 times (x 84B)
Class [Ldagger.internal.codegen.base.ContributionType;                                : loaded 3 times (x 67B)
Class android.databinding.tool.store.BindingAdapterStore$merge$$inlined$merge$4       : loaded 3 times (x 75B)
Class dagger.hilt.processor.internal.Processors                                       : loaded 3 times (x 69B)
Class dagger.spi.internal.shaded.androidx.room.compiler.processing.javac.JavacMethodType$Companion: loaded 3 times (x 69B)
Class android.databinding.tool.store.BindingAdapterStore$merge$$inlined$merge$5       : loaded 3 times (x 75B)
Class android.databinding.tool.LibTypes$observableFields$2                            : loaded 3 times (x 77B)
Class dagger.spi.internal.shaded.androidx.room.jarjarred.kotlinx.metadata.KmTypeParameter: loaded 3 times (x 74B)
Class dagger.hilt.processor.internal.kotlin.DaggerKotlinMetadataUtils_MetadataComponent$MetadataComponentImpl: loaded 3 times (x 73B)
Class dagger.spi.internal.shaded.auto.common.Overrides                                : loaded 3 times (x 70B)
Class dagger.spi.internal.shaded.androidx.room.compiler.processing.javac.JavacAnnotationValueKt$UNWRAP_VISITOR$1$visitArray$1$1: loaded 3 times (x 77B)
Class dagger.spi.internal.shaded.androidx.room.jarjarred.kotlinx.metadata.internal.metadata.jvm.JvmProtoBuf$StringTableTypes$Record$Operation: loaded 3 times (x 80B)
Class io.realm.processor.RealmJsonTypeHelper$DateTypeConverter                        : loaded 3 times (x 74B)
Class io.realm.processor.RealmJsonTypeHelper$Decimal128TypeConverter                  : loaded 3 times (x 74B)
Class android.databinding.annotationprocessor.ProcessExpressions$IntermediateV2       : loaded 3 times (x 80B)
Class dagger.spi.internal.shaded.androidx.room.jarjarred.kotlinx.metadata.internal.metadata.jvm.deserialization.ClassMapperLite: loaded 3 times (x 69B)
Class io.realm.processor.OsObjectBuilderTypeHelper                                    : loaded 3 times (x 69B)
Class dagger.spi.internal.shaded.androidx.room.jarjarred.kotlinx.metadata.internal.metadata.ProtoBuf$Class$Kind: loaded 3 times (x 80B)
Class android.databinding.tool.reflection.ModelAnalyzer$appCompatResourcesType$2      : loaded 3 times (x 77B)
Class android.databinding.tool.util.GenerationalClassUtil                             : loaded 3 times (x 70B)
Class android.databinding.annotationprocessor.ProcessExpressions$IntermediateV1       : loaded 3 times (x 79B)
Class com.google.common.collect.AbstractMapBasedMultimap$Itr                          : loaded 3 times (x 81B)
Class android.databinding.tool.LibTypes$stateFlow$2                                   : loaded 3 times (x 76B)
Class dagger.spi.internal.shaded.androidx.room.jarjarred.kotlinx.metadata.Attributes$visibility$10: loaded 3 times (x 135B)
Class dagger.spi.internal.shaded.androidx.room.compiler.processing.javac.kotlin.JvmDescriptorTypeVisitor$visitExecutable$parameterDescriptors$1: loaded 3 times (x 77B)
Class dagger.spi.internal.shaded.androidx.room.compiler.processing.javac.JavacAnnotation: loaded 3 times (x 137B)
Class dagger.spi.internal.shaded.androidx.room.jarjarred.kotlinx.metadata.internal.metadata.ProtoBuf$Type$ArgumentOrBuilder: loaded 3 times (x 68B)
Class dagger.spi.internal.shaded.androidx.room.jarjarred.kotlinx.metadata.internal.metadata.jvm.deserialization.JvmMetadataVersion: loaded 3 times (x 72B)
Class dagger.spi.internal.shaded.androidx.room.compiler.processing.javac.JavacPackageElement$name$2: loaded 3 times (x 77B)
Class android.databinding.tool.store.BindingAdapterStore$merge$$inlined$merge$1$1     : loaded 3 times (x 75B)
Class dagger.spi.internal.shaded.androidx.room.compiler.processing.javac.JavacExecutableElement$thrownTypes$2: loaded 3 times (x 77B)
Class dagger.spi.internal.shaded.androidx.room.jarjarred.kotlinx.metadata.Attributes$isReified$2: loaded 3 times (x 135B)
Class dagger.spi.internal.shaded.androidx.room.compiler.processing.CommonProcessorDelegate$processRound$currentElementsDeferredByStep$1$stepDeferredElementsByAnnotation$1: loaded 3 times (x 76B)
Class dagger.spi.internal.shaded.androidx.room.compiler.processing.javac.JavacFieldElement$setter$2: loaded 3 times (x 77B)
Class dagger.spi.internal.shaded.androidx.room.jarjarred.kotlinx.metadata.internal.protobuf.Internal$EnumLite: loaded 3 times (x 68B)
Class dagger.spi.internal.shaded.androidx.room.compiler.processing.javac.ElementExtKt : loaded 3 times (x 69B)
Class dagger.internal.codegen.model.AutoValue_DependencyRequest                       : loaded 3 times (x 74B)
Class dagger.spi.internal.shaded.androidx.room.compiler.processing.javac.JavacMethodType: loaded 3 times (x 89B)
Class android.databinding.tool.LibTypes$listClassNames$2                              : loaded 3 times (x 77B)
Class dagger.internal.codegen.writing.InjectionMethods                                : loaded 3 times (x 69B)
Class dagger.spi.internal.shaded.androidx.room.jarjarred.kotlinx.metadata.internal.metadata.jvm.deserialization.JvmNameResolverBase: loaded 3 times (x 78B)
Class dagger.spi.internal.shaded.androidx.room.compiler.codegen.XTypeName$Companion   : loaded 3 times (x 69B)
Class io.realm.processor.RealmProxyMediatorGenerator$emitNewInstanceMethod$1$1        : loaded 3 times (x 77B)
Class dagger.spi.internal.shaded.androidx.room.compiler.processing.javac.JavacAnnotation$annotationValues$2: loaded 3 times (x 77B)
Class dagger.spi.internal.shaded.androidx.room.jarjarred.kotlinx.metadata.Attributes$modality$10: loaded 3 times (x 135B)
Class com.google.common.collect.ImmutableMapEntry$NonTerminalImmutableBiMapEntry      : loaded 3 times (x 83B)
Class dagger.spi.internal.shaded.androidx.room.jarjarred.kotlinx.metadata.internal.protobuf.MessageLiteOrBuilder: loaded 3 times (x 68B)
Class dagger.internal.codegen.binding.FrameworkType                                   : loaded 3 times (x 82B)
Class dagger.spi.internal.shaded.androidx.room.compiler.processing.javac.JavacDeclaredType$typeArguments$2: loaded 3 times (x 77B)
Class dagger.spi.internal.shaded.androidx.room.jarjarred.kotlinx.metadata.jvm.KotlinClassMetadata: loaded 3 times (x 70B)
Class dagger.spi.internal.shaded.androidx.room.compiler.processing.javac.JavacConstructorElement$typeParameters$2: loaded 3 times (x 77B)
Class dagger.spi.internal.shaded.androidx.room.jarjarred.kotlinx.metadata.internal.FlagDelegatesImplKt$propertyBooleanFlag$1: loaded 3 times (x 135B)
Class com.google.common.collect.Iterators$EmptyModifiableIterator                     : loaded 3 times (x 84B)
Class dagger.spi.internal.shaded.androidx.room.jarjarred.kotlinx.metadata.Attributes$modality$14: loaded 3 times (x 135B)
Class dagger.spi.internal.shaded.androidx.room.jarjarred.kotlinx.metadata.internal.protobuf.LiteralByteString: loaded 3 times (x 110B)
Class dagger.spi.internal.shaded.androidx.room.compiler.processing.javac.JavacMethodType$typeVariableNames$2: loaded 3 times (x 77B)
Class com.google.common.graph.Traverser$2                                             : loaded 3 times (x 72B)
Class dagger.spi.internal.shaded.androidx.room.jarjarred.kotlinx.metadata.internal.extensions.KmFunctionExtension: loaded 3 times (x 68B)
Class com.google.common.collect.AbstractMapBasedMultimap$AsMap$AsMapIterator          : loaded 3 times (x 81B)
Class dagger.spi.internal.shaded.androidx.room.jarjarred.kotlinx.metadata.internal.metadata.ProtoBuf$TypeParameter: loaded 3 times (x 128B)
Class android.databinding.tool.reflection.ModelAnalyzer$stringType$2                  : loaded 3 times (x 77B)
Class dagger.spi.internal.shaded.androidx.room.jarjarred.kotlinx.metadata.internal.metadata.jvm.JvmProtoBuf$StringTableTypes$1: loaded 3 times (x 142B)
Class dagger.spi.internal.shaded.androidx.room.compiler.processing.javac.JavacTypeElement$qualifiedName$2: loaded 3 times (x 77B)
Class io.realm.processor.ClassMetaData                                                : loaded 3 times (x 70B)
Class dagger.spi.internal.shaded.androidx.room.jarjarred.kotlinx.metadata.KmFunctionVisitor: loaded 3 times (x 79B)
Class dagger.spi.internal.shaded.androidx.room.jarjarred.kotlinx.metadata.Visibility  : loaded 3 times (x 77B)
Class dagger.spi.internal.shaded.androidx.room.jarjarred.kotlinx.metadata.KmVariance  : loaded 3 times (x 77B)
Class dagger.spi.internal.shaded.androidx.room.jarjarred.kotlinx.metadata.internal.metadata.jvm.JvmProtoBuf$StringTableTypes$RecordOrBuilder: loaded 3 times (x 68B)
Class android.databinding.tool.store.GenClassInfoLog$GenClass                         : loaded 3 times (x 70B)
Class com.google.common.graph.Traverser$1                                             : loaded 3 times (x 72B)
Class dagger.spi.internal.shaded.androidx.room.compiler.processing.javac.JavacTypeElement: loaded 3 times (x 296B)
Class dagger.spi.internal.shaded.androidx.room.compiler.processing.javac.JavacMethodParameter$name$2: loaded 3 times (x 77B)
Class dagger.spi.internal.shaded.auto.common.MoreElements$TypeElementVisitor          : loaded 3 times (x 91B)
Class org.bson.types.ObjectId                                                         : loaded 3 times (x 72B)
Class dagger.internal.codegen.base.ModuleKind$1                                       : loaded 3 times (x 69B)
Class dagger.spi.internal.shaded.androidx.room.compiler.processing.javac.JavacConstructorElement$kotlinMetadata$2: loaded 3 times (x 77B)
Class [Ldagger.spi.internal.shaded.androidx.room.jarjarred.kotlinx.metadata.internal.metadata.ProtoBuf$Class$Kind;: loaded 3 times (x 67B)
Class dagger.spi.internal.shaded.androidx.room.jarjarred.kotlinx.metadata.internal.metadata.jvm.JvmProtoBuf$JvmPropertySignature$1: loaded 3 times (x 142B)
Class [Ldagger.internal.codegen.model.DependencyRequest;                              : loaded 3 times (x 67B)
Class dagger.spi.internal.shaded.androidx.room.jarjarred.kotlinx.metadata.internal.metadata.ProtoBuf$TypeParameter$1: loaded 3 times (x 142B)
Class dagger.spi.internal.shaded.androidx.room.compiler.processing.XFieldElement      : loaded 3 times (x 68B)
Class android.databinding.annotationprocessor.BindableBag                             : loaded 3 times (x 70B)
Class [Ldagger.spi.internal.shaded.androidx.room.jarjarred.kotlinx.metadata.internal.metadata.jvm.JvmProtoBuf$StringTableTypes$Record$Operation;: loaded 3 times (x 67B)
Class dagger.spi.internal.shaded.androidx.room.jarjarred.kotlinx.metadata.KmClassExtensionVisitor: loaded 3 times (x 68B)
Class dagger.internal.codegen.xprocessing.XElements                                   : loaded 3 times (x 69B)
Class dagger.internal.codegen.base.MapType                                            : loaded 3 times (x 78B)
Class dagger.spi.internal.shaded.androidx.room.compiler.processing.javac.kotlin.JvmAbi: loaded 3 times (x 69B)
Class dagger.internal.codegen.base.UniqueNameSet                                      : loaded 3 times (x 70B)
Class dagger.spi.internal.shaded.androidx.room.jarjarred.kotlinx.metadata.internal.protobuf.UninitializedMessageException: loaded 3 times (x 82B)
Class dagger.spi.internal.shaded.androidx.room.compiler.processing.XElementKt         : loaded 3 times (x 69B)
Class dagger.spi.internal.shaded.androidx.room.compiler.processing.InternalXAnnotationValue$Kind$Companion: loaded 3 times (x 69B)
Class io.realm.processor.RealmJsonTypeHelper$JsonToRealmFieldTypeConverter            : loaded 3 times (x 68B)
Class org.apache.commons.io.file.Counters$NoopPathCounters                            : loaded 3 times (x 80B)
Class dagger.spi.internal.shaded.androidx.room.compiler.processing.javac.JavacPackageElement: loaded 3 times (x 191B)
Class dagger.spi.internal.shaded.androidx.room.jarjarred.kotlinx.metadata.internal.protobuf.SmallSortedMap$EmptySet: loaded 3 times (x 69B)
Class dagger.spi.internal.shaded.androidx.room.jarjarred.kotlinx.metadata.internal.metadata.ProtoBuf$TypeTableOrBuilder: loaded 3 times (x 68B)
Class org.apache.commons.io.filefilter.OrFileFilter                                   : loaded 3 times (x 125B)
Class com.google.common.collect.HashMultimap                                          : loaded 3 times (x 172B)
Class dagger.spi.internal.shaded.androidx.room.jarjarred.kotlinx.metadata.internal.metadata.jvm.deserialization.JvmMemberSignature$Field: loaded 3 times (x 73B)
Class org.apache.commons.io.function.Uncheck                                          : loaded 3 times (x 69B)
Class dagger.spi.internal.shaded.androidx.room.compiler.processing.javac.JavacType$xTypeName$2: loaded 3 times (x 77B)
Class android.databinding.tool.reflection.MutableImportBag                            : loaded 3 times (x 70B)
Class dagger.spi.internal.shaded.androidx.room.jarjarred.kotlinx.metadata.KmTypeExtensionVisitor: loaded 3 times (x 68B)
Class dagger.spi.internal.shaded.androidx.room.compiler.processing.javac.JavacTypeElement$Companion: loaded 3 times (x 69B)
Class io.realm.annotations.RealmField                                                 : loaded 3 times (x 68B)
Class org.apache.commons.io.function.IOBiFunction                                     : loaded 3 times (x 68B)
Class android.databinding.tool.LibTypes$viewStubProxy$2                               : loaded 3 times (x 77B)
Class android.databinding.tool.reflection.ModelAnalyzer$observableListType$2          : loaded 3 times (x 77B)
Class android.databinding.tool.reflection.SdkUtil                                     : loaded 3 times (x 75B)
Class dagger.spi.internal.shaded.androidx.room.jarjarred.kotlinx.metadata.internal.metadata.jvm.JvmProtoBuf$StringTableTypes$Record$Operation$1: loaded 3 times (x 72B)
Class dagger.spi.internal.shaded.androidx.room.compiler.processing.javac.DefaultJavacType$equalityItems$2: loaded 3 times (x 77B)
Class dagger.internal.codegen.binding.FrameworkField                                  : loaded 3 times (x 71B)
Class dagger.spi.internal.shaded.androidx.room.jarjarred.kotlinx.metadata.internal.extensions.KmPropertyExtension: loaded 3 times (x 68B)
Class android.databinding.tool.CompilerChef$BindableHolder                            : loaded 3 times (x 68B)
Class dagger.spi.internal.shaded.androidx.room.compiler.processing.javac.JavacExecutableElement$jvmDescriptor$2: loaded 3 times (x 77B)
Class android.databinding.tool.store.SetterStore$BindingSetterCall                    : loaded 3 times (x 68B)
Class dagger.spi.internal.shaded.androidx.room.compiler.processing.InternalXAnnotationKt: loaded 3 times (x 69B)
Class android.databinding.tool.LibTypes$dataBindingKtx$2                              : loaded 3 times (x 76B)
Class android.databinding.annotationprocessor.BindableBag$BRMapping                   : loaded 3 times (x 70B)
Class dagger.spi.internal.shaded.androidx.room.jarjarred.kotlinx.metadata.internal.protobuf.SmallSortedMap: loaded 3 times (x 128B)
Class dagger.spi.internal.shaded.androidx.room.compiler.processing.javac.JavacMethodElement$executableType$2: loaded 3 times (x 77B)
Class dagger.spi.internal.shaded.androidx.room.jarjarred.kotlinx.metadata.jvm.JvmPropertyExtensionVisitor: loaded 3 times (x 80B)
Class [Ldagger.spi.internal.shaded.androidx.room.jarjarred.kotlinx.metadata.internal.metadata.ProtoBuf$Type$Argument$Projection;: loaded 3 times (x 67B)
Class dagger.spi.internal.shaded.androidx.room.jarjarred.kotlinx.metadata.internal.protobuf.AbstractMessageLite$Builder: loaded 3 times (x 120B)
Class dagger.internal.codegen.binding.ContributionBinding$1                           : loaded 3 times (x 69B)
Class dagger.internal.codegen.model.DaggerType                                        : loaded 3 times (x 72B)
Class android.databinding.tool.processing.scopes.LocationScopeProvider                : loaded 3 times (x 68B)
Class io.realm.processor.nameconverter.IdentityConverter                              : loaded 3 times (x 72B)
Class android.databinding.tool.expr.MethodCallExpr                                    : loaded 3 times (x 151B)
Class dagger.spi.internal.shaded.androidx.room.jarjarred.kotlinx.metadata.InconsistentKotlinMetadataException: loaded 3 times (x 80B)
Class dagger.spi.internal.shaded.androidx.room.compiler.processing.XConstructorType   : loaded 3 times (x 68B)
Class dagger.spi.internal.shaded.androidx.room.compiler.processing.javac.JavacType    : loaded 3 times (x 185B)
Class dagger.internal.codegen.model.Scope                                             : loaded 3 times (x 70B)
Class dagger.spi.internal.shaded.androidx.room.compiler.processing.javac.JavacMethodElement: loaded 3 times (x 267B)
Class dagger.spi.internal.shaded.androidx.room.compiler.processing.javac.JavacArrayType$xTypeName$2: loaded 3 times (x 77B)
Class androidx.databinding.BindingMethods                                             : loaded 3 times (x 68B)
Class dagger.spi.internal.shaded.androidx.room.jarjarred.kotlinx.metadata.jvm.JvmMemberSignatureKt: loaded 3 times (x 69B)
Class android.databinding.tool.store.SetterStore$ModelMethodSetter                    : loaded 3 times (x 88B)
Class dagger.spi.internal.shaded.androidx.room.jarjarred.kotlinx.metadata.internal.metadata.deserialization.Flags$EnumLiteFlagField: loaded 3 times (x 74B)
Class kotlin.coroutines.jvm.internal.RestrictedSuspendLambda                          : loaded 3 times (x 89B)
Class android.databinding.tool.LibTypes$bindingAdapter$2                              : loaded 3 times (x 77B)
Class dagger.spi.internal.shaded.androidx.room.compiler.processing.javac.kotlin.KmConstructorContainer: loaded 3 times (x 98B)
Class dagger.spi.internal.shaded.androidx.room.jarjarred.kotlinx.metadata.internal.metadata.ProtoBuf$MemberKind$1: loaded 3 times (x 72B)
Class android.databinding.tool.util.FileUtil                                          : loaded 3 times (x 69B)
Class dagger.internal.codegen.xprocessing.XTypes$1                                    : loaded 3 times (x 69B)
Class dagger.spi.internal.shaded.androidx.room.compiler.processing.javac.JavacArrayType$equalityItems$2: loaded 3 times (x 77B)
Class dagger.internal.codegen.binding.InjectionSiteFactory$InjectionSiteVisitor       : loaded 3 times (x 70B)
Class androidx.databinding.InverseBindingAdapter                                      : loaded 3 times (x 68B)
Class dagger.internal.codegen.binding.SourceFiles$1                                   : loaded 3 times (x 69B)
Class [Lorg.apache.commons.io.IOCase;                                                 : loaded 3 times (x 67B)
Class android.databinding.tool.util.GenerationalClassUtil$load$1                      : loaded 3 times (x 77B)
Class dagger.spi.internal.shaded.androidx.room.jarjarred.kotlinx.metadata.KmClassifier$Class: loaded 3 times (x 70B)
Class dagger.spi.internal.shaded.androidx.room.jarjarred.kotlinx.metadata.jvm.JvmFunctionExtensionVisitor: loaded 3 times (x 78B)
Class android.databinding.tool.CompilerChef                                           : loaded 3 times (x 83B)
Class android.databinding.tool.util.GenerationalClassUtil$load$2                      : loaded 3 times (x 77B)
Class com.squareup.kotlinpoet.Dynamic                                                 : loaded 3 times (x 84B)
Class dagger.spi.internal.shaded.androidx.room.compiler.processing.XMethodElement     : loaded 3 times (x 68B)
Class dagger.spi.internal.shaded.androidx.room.jarjarred.kotlinx.metadata.internal.protobuf.Internal$EnumLiteMap: loaded 3 times (x 68B)
Class dagger.spi.internal.shaded.androidx.room.jarjarred.kotlinx.metadata.internal.protobuf.ByteString$Output: loaded 3 times (x 84B)
Class dagger.spi.internal.shaded.androidx.room.jarjarred.kotlinx.metadata.Attributes$kind$11: loaded 3 times (x 135B)
Class dagger.spi.internal.shaded.androidx.room.compiler.processing.javac.JavacType$rawType$2: loaded 3 times (x 77B)
Class dagger.spi.internal.shaded.androidx.room.compiler.processing.XTypeVariableType  : loaded 3 times (x 68B)
Class kotlin.text.StringsKt__StringsKt$splitToSequence$2                              : loaded 3 times (x 77B)
Class dagger.spi.internal.shaded.androidx.room.jarjarred.kotlinx.metadata.jvm.internal.JvmExtensionNodesKt: loaded 3 times (x 69B)
Class com.google.common.collect.AbstractMultiset$EntrySet                             : loaded 3 times (x 136B)
Class android.databinding.tool.ext.Replacement                                        : loaded 3 times (x 70B)
Class dagger.spi.internal.shaded.androidx.room.jarjarred.kotlinx.metadata.internal.metadata.ProtoBuf$Class$1: loaded 3 times (x 142B)
Class dagger.spi.internal.shaded.androidx.room.jarjarred.kotlinx.metadata.internal.protobuf.GeneratedMessageLite$GeneratedExtension: loaded 3 times (x 77B)
Class [Lcom.google.common.collect.Iterators$EmptyModifiableIterator;                  : loaded 3 times (x 67B)
Class dagger.spi.internal.shaded.androidx.room.jarjarred.kotlinx.metadata.internal.metadata.ProtoBuf$Contract: loaded 3 times (x 105B)
Class dagger.spi.internal.shaded.androidx.room.jarjarred.kotlinx.metadata.KmTypeProjection$Companion: loaded 3 times (x 69B)
Class [Ldagger.spi.internal.shaded.androidx.room.jarjarred.kotlinx.metadata.internal.metadata.ProtoBuf$Visibility;: loaded 3 times (x 67B)
Class dagger.spi.internal.shaded.androidx.room.compiler.processing.javac.JavacExecutableElement: loaded 3 times (x 221B)
Class dagger.spi.internal.shaded.androidx.room.jarjarred.kotlinx.metadata.jvm.JvmFunctionExtensionVisitor$Companion: loaded 3 times (x 69B)
Class dagger.spi.internal.shaded.androidx.room.compiler.processing.javac.JavacExecutableType: loaded 3 times (x 79B)
Class io.realm.processor.RealmProxyMediatorGenerator                                  : loaded 3 times (x 70B)
Class dagger.spi.internal.shaded.androidx.room.compiler.processing.javac.JavacConstructorElement: loaded 3 times (x 254B)
Class dagger.spi.internal.shaded.androidx.room.compiler.processing.InternalXAnnotationValue: loaded 3 times (x 153B)
Class dagger.spi.internal.shaded.androidx.room.jarjarred.kotlinx.metadata.internal.metadata.ProtoBuf$TypeParameter$Variance$1: loaded 3 times (x 72B)
Class dagger.spi.internal.shaded.androidx.room.jarjarred.kotlinx.metadata.KmVersionRequirement: loaded 3 times (x 73B)
Class dagger.internal.codegen.binding.BindingType                                     : loaded 3 times (x 77B)
Class dagger.internal.codegen.model.AutoValue_DaggerExecutableElement                 : loaded 3 times (x 72B)
Class dagger.spi.internal.shaded.androidx.room.jarjarred.kotlinx.metadata.internal.metadata.ProtoBuf$TypeOrBuilder: loaded 3 times (x 68B)
Class dagger.spi.internal.shaded.androidx.room.jarjarred.kotlinx.metadata.jvm.JvmConstructorExtensionVisitor$Companion: loaded 3 times (x 69B)
Class io.realm.processor.RealmJsonTypeHelper$UUIDTypeConverter                        : loaded 3 times (x 74B)
Class com.google.common.collect.Maps$1                                                : loaded 3 times (x 80B)
Class com.google.common.collect.Maps$FilteredKeyMap                                   : loaded 3 times (x 126B)
Class dagger.internal.codegen.binding.MapKeys                                         : loaded 3 times (x 69B)
Class dagger.spi.internal.shaded.androidx.room.jarjarred.kotlinx.metadata.jvm.JvmPropertyExtensionVisitor$Companion: loaded 3 times (x 69B)
Class dagger.spi.internal.shaded.androidx.room.jarjarred.kotlinx.metadata.internal.metadata.deserialization.NameResolver: loaded 3 times (x 68B)
Class dagger.spi.internal.shaded.androidx.room.compiler.processing.XEnumTypeElement   : loaded 3 times (x 68B)
Class dagger.spi.internal.shaded.auto.common.Visibility                               : loaded 3 times (x 77B)
Class [Ldagger.spi.internal.shaded.androidx.room.compiler.processing.XType;           : loaded 3 times (x 67B)
Class android.databinding.tool.store.SetterStore$ViewBindingRootViewSetterCall        : loaded 3 times (x 88B)
Class dagger.spi.internal.shaded.androidx.room.jarjarred.kotlinx.metadata.Attributes$visibility$14: loaded 3 times (x 135B)
Class android.databinding.tool.reflection.ModelAnalyzer$observableMapType$2           : loaded 3 times (x 77B)
Class com.google.gson.internal.$Gson$Types$GenericArrayTypeImpl                       : loaded 3 times (x 77B)
Class dagger.spi.internal.shaded.androidx.room.jarjarred.kotlinx.metadata.internal.metadata.ProtoBuf$VersionRequirement$Level$1: loaded 3 times (x 72B)
Class android.databinding.tool.LibTypes$propertyChangedInverseListener$2              : loaded 3 times (x 77B)
Class dagger.spi.internal.shaded.androidx.room.jarjarred.kotlinx.metadata.internal.metadata.ProtoBuf$Package: loaded 3 times (x 127B)
Class dagger.spi.internal.shaded.androidx.room.jarjarred.kotlinx.metadata.internal.metadata.deserialization.Flags$FlagField: loaded 3 times (x 71B)
Class dagger.internal.codegen.xprocessing.XAnnotations$1                              : loaded 3 times (x 82B)
Class android.databinding.tool.LibTypes$observable$2                                  : loaded 3 times (x 77B)
Class dagger.spi.internal.shaded.androidx.room.jarjarred.kotlinx.metadata.internal.metadata.ProtoBuf$PropertyOrBuilder: loaded 3 times (x 68B)
Class dagger.spi.internal.shaded.auto.common.AnnotationMirrors                        : loaded 3 times (x 69B)
Class io.realm.processor.RealmProxyMediatorGenerator$emitCopyOrUpdateMethod$1$1       : loaded 3 times (x 77B)
Class dagger.spi.internal.shaded.androidx.room.jarjarred.kotlinx.metadata.internal.metadata.ProtoBuf$Visibility$1: loaded 3 times (x 72B)
Class dagger.internal.codegen.xprocessing.XProcessingEnvs                             : loaded 3 times (x 69B)
Class android.databinding.tool.reflection.ModelAnalyzer$observableType$2              : loaded 3 times (x 77B)
Class dagger.spi.internal.shaded.androidx.room.jarjarred.kotlinx.metadata.internal.FlagDelegatesImplKt$classBooleanFlag$1: loaded 3 times (x 135B)
Class com.google.common.collect.AbstractMultiset                                      : loaded 3 times (x 157B)
Class dagger.spi.internal.shaded.androidx.room.jarjarred.kotlinx.metadata.internal.protobuf.FieldSet$FieldDescriptorLite: loaded 3 times (x 68B)
Class dagger.internal.codegen.base.AutoValue_SetType                                  : loaded 3 times (x 75B)
Class android.databinding.tool.Context                                                : loaded 3 times (x 69B)
Class [Ldagger.spi.internal.shaded.androidx.room.jarjarred.kotlinx.metadata.KmVersionRequirementVersionKind;: loaded 3 times (x 67B)
Class android.databinding.tool.expr.Expr                                              : loaded 3 times (x 146B)
Class dagger.hilt.processor.internal.kotlin.KotlinMetadataFactory_Factory             : loaded 3 times (x 76B)
Class dagger.internal.codegen.binding.AutoValue_FrameworkField                        : loaded 3 times (x 72B)
Class dagger.spi.internal.shaded.androidx.room.jarjarred.kotlinx.metadata.internal.ReadContext: loaded 3 times (x 70B)
Class dagger.spi.internal.shaded.androidx.room.jarjarred.kotlinx.metadata.internal.metadata.jvm.JvmProtoBuf$JvmMethodSignature: loaded 3 times (x 106B)
Class dagger.spi.internal.shaded.androidx.room.jarjarred.kotlinx.metadata.KmClassVisitor: loaded 3 times (x 90B)
Class android.databinding.tool.LibTypes$nullable$2                                    : loaded 3 times (x 77B)
Class com.squareup.javapoet.ClassName$1                                               : loaded 3 times (x 95B)
Class dagger.spi.internal.shaded.androidx.room.jarjarred.kotlinx.metadata.jvm.JvmTypeExtensionVisitor: loaded 3 times (x 78B)
Class dagger.spi.internal.shaded.androidx.room.jarjarred.kotlinx.metadata.jvm.KotlinClassMetadata$Class: loaded 3 times (x 70B)
Class dagger.spi.internal.shaded.androidx.room.jarjarred.kotlinx.metadata.internal.metadata.ProtoBuf$Property$1: loaded 3 times (x 142B)
Class dagger.internal.codegen.binding.KeyFactory$1                                    : loaded 3 times (x 69B)
Class dagger.internal.codegen.model.Key                                               : loaded 3 times (x 76B)
Class dagger.spi.internal.shaded.androidx.room.jarjarred.kotlinx.metadata.internal.metadata.ProtoBuf$ClassOrBuilder: loaded 3 times (x 68B)
Class android.databinding.annotationprocessor.BindableBag$IdBag                       : loaded 3 times (x 70B)
Class io.realm.processor.RealmJsonTypeHelper$ByteArrayTypeConverter                   : loaded 3 times (x 74B)
Class dagger.internal.codegen.model.AutoValue_DaggerTypeElement                       : loaded 3 times (x 73B)
Class dagger.hilt.processor.internal.kotlin.KotlinMetadataUtils                       : loaded 3 times (x 69B)
Class android.databinding.tool.store.SetterStore$1                                    : loaded 3 times (x 90B)
Class dagger.spi.internal.shaded.androidx.room.jarjarred.kotlinx.metadata.KmDeclarationContainer: loaded 3 times (x 68B)
Class dagger.spi.internal.shaded.androidx.room.jarjarred.kotlinx.metadata.internal.FlagDelegatesImplKt$propertyAccessorBooleanFlag$1: loaded 3 times (x 135B)
Class dagger.spi.internal.shaded.androidx.room.compiler.processing.XEnumEntry         : loaded 3 times (x 68B)
Class dagger.spi.internal.shaded.androidx.room.jarjarred.kotlinx.metadata.KmClassifier$TypeParameter: loaded 3 times (x 69B)
Class dagger.internal.codegen.base.Util                                               : loaded 3 times (x 69B)
Class dagger.internal.codegen.xprocessing.XTypes$TypeResolutionVisitor                : loaded 3 times (x 99B)
Class dagger.spi.internal.shaded.androidx.room.jarjarred.kotlinx.metadata.internal.metadata.ProtoBuf$Contract$1: loaded 3 times (x 142B)
Class dagger.internal.codegen.model.Key$MultibindingContributionIdentifier            : loaded 3 times (x 71B)
Class dagger.spi.internal.shaded.androidx.room.jarjarred.kotlinx.metadata.internal.protobuf.GeneratedMessageLite$Builder: loaded 3 times (x 126B)
Class android.databinding.tool.reflection.ModelAnalyzer$Companion                     : loaded 3 times (x 69B)
Class io.realm.annotations.Index                                                      : loaded 3 times (x 68B)
Class com.google.common.collect.AbstractMapBasedMultiset                              : loaded 3 times (x 161B)
Class dagger.spi.internal.shaded.androidx.room.jarjarred.kotlinx.metadata.KmExtensionType: loaded 3 times (x 70B)
Class dagger.spi.internal.shaded.androidx.room.compiler.processing.javac.JavacAnnotationValueKt$UNWRAP_VISITOR$1: loaded 3 times (x 101B)
Class dagger.spi.internal.shaded.androidx.room.compiler.processing.javac.kotlin.KmFunctionContainer: loaded 3 times (x 68B)
Class dagger.spi.internal.shaded.androidx.room.jarjarred.kotlinx.metadata.jvm.JvmConstructorExtensionVisitor: loaded 3 times (x 76B)
Class dagger.spi.internal.shaded.androidx.room.jarjarred.kotlinx.metadata.internal.metadata.deserialization.VersionRequirementTable$Companion: loaded 3 times (x 69B)
Class dagger.spi.internal.shaded.androidx.room.compiler.processing.ksp.KSTypeJavaPoetExtKt$typeVarNameConstructor$2: loaded 3 times (x 76B)
Class dagger.spi.internal.shaded.androidx.room.jarjarred.kotlinx.metadata.internal.protobuf.AbstractMessageLite$Builder$LimitedInputStream: loaded 3 times (x 90B)
Class androidx.databinding.Untaggable                                                 : loaded 3 times (x 68B)
Class dagger.spi.internal.shaded.androidx.room.jarjarred.kotlinx.metadata.internal.metadata.deserialization.VersionRequirement$Version$Companion: loaded 3 times (x 69B)
Class dagger.spi.internal.shaded.androidx.room.jarjarred.kotlinx.metadata.internal.metadata.ProtoBuf$Constructor$1: loaded 3 times (x 142B)
Class dagger.hilt.android.processor.internal.androidentrypoint.AndroidEntryPointProcessingStep$1: loaded 3 times (x 69B)
Class dagger.spi.internal.shaded.androidx.room.jarjarred.kotlinx.metadata.internal.metadata.ProtoBuf$EnumEntry: loaded 3 times (x 116B)
Class dagger.spi.internal.shaded.androidx.room.jarjarred.kotlinx.metadata.internal.protobuf.WireFormat$FieldType$4: loaded 3 times (x 81B)
Class dagger.internal.codegen.model.DaggerExecutableElement                           : loaded 3 times (x 71B)
Class dagger.spi.internal.shaded.androidx.room.compiler.processing.InternalXAnnotationValue$Kind: loaded 3 times (x 77B)
Class dagger.spi.internal.shaded.androidx.room.compiler.processing.util.MemoizedSequence$delegateIterator$2: loaded 3 times (x 77B)
Class io.realm.processor.ModuleMetaData                                               : loaded 3 times (x 70B)
Class dagger.spi.internal.shaded.androidx.room.compiler.processing.XEquality$Companion: loaded 3 times (x 69B)
Class dagger.spi.internal.shaded.auto.common.AnnotationOutput$1                       : loaded 3 times (x 105B)
Class dagger.spi.internal.shaded.androidx.room.compiler.processing.javac.JavacMethodElement$returnType$2: loaded 3 times (x 77B)
Class dagger.spi.internal.shaded.auto.common.MoreElements$CastingElementVisitor       : loaded 3 times (x 91B)
Class dagger.spi.internal.shaded.androidx.room.jarjarred.kotlinx.metadata.internal.protobuf.WireFormat$FieldType$3: loaded 3 times (x 81B)
Class android.databinding.tool.reflection.ModelAnalyzer$dataBindingKtxClass$2         : loaded 3 times (x 77B)
Class dagger.spi.internal.shaded.androidx.room.compiler.processing.javac.JavacMethodType$typeVariables$2: loaded 3 times (x 77B)
Class io.realm.processor.Constants$RealmFieldType                                     : loaded 3 times (x 77B)
Class dagger.internal.codegen.base.ContributionType                                   : loaded 3 times (x 77B)
Class dagger.spi.internal.shaded.androidx.room.jarjarred.kotlinx.metadata.Modality    : loaded 3 times (x 77B)
Class dagger.spi.internal.shaded.androidx.room.jarjarred.kotlinx.metadata.internal.extensions.MetadataExtensions: loaded 3 times (x 68B)
Class android.databinding.tool.writer.BindingMapperWriterV2$createLocalizedLayoutIds$1$2: loaded 3 times (x 77B)
Class io.realm.annotations.Required                                                   : loaded 3 times (x 68B)
Class [Ldagger.spi.internal.shaded.androidx.room.jarjarred.kotlinx.metadata.internal.metadata.ProtoBuf$Expression$ConstantValue;: loaded 3 times (x 67B)
Class dagger.internal.codegen.javapoet.AnnotationSpecs$Suppression                    : loaded 3 times (x 77B)
Class dagger.spi.internal.shaded.androidx.room.jarjarred.kotlinx.metadata.internal.protobuf.WireFormat$FieldType$2: loaded 3 times (x 81B)
Class dagger.spi.internal.shaded.androidx.room.jarjarred.kotlinx.metadata.Flag$Common : loaded 3 times (x 69B)
Class dagger.spi.internal.shaded.androidx.room.jarjarred.kotlinx.metadata.internal.metadata.jvm.JvmProtoBuf$JvmPropertySignatureOrBuilder: loaded 3 times (x 68B)
Class [Lio.realm.annotations.RealmNamingPolicy;                                       : loaded 3 times (x 67B)
Class dagger.spi.internal.shaded.androidx.room.jarjarred.kotlinx.metadata.internal.metadata.jvm.deserialization.JvmMemberSignature$Method: loaded 3 times (x 73B)
Class dagger.internal.codegen.model.AutoValue_DaggerAnnotation                        : loaded 3 times (x 75B)
Class dagger.spi.internal.shaded.androidx.room.jarjarred.kotlinx.metadata.internal.metadata.ProtoBuf$Type$Argument$Projection$1: loaded 3 times (x 72B)
Class dagger.spi.internal.shaded.androidx.room.jarjarred.kotlinx.metadata.internal.metadata.deserialization.Flags$BooleanFlagField: loaded 3 times (x 74B)
Class dagger.spi.internal.shaded.androidx.room.compiler.processing.javac.JavacMethodElement$kotlinMetadata$2: loaded 3 times (x 77B)
Class dagger.spi.internal.shaded.androidx.room.jarjarred.kotlinx.metadata.internal.metadata.ProtoBuf$Effect$EffectType$1: loaded 3 times (x 72B)
Class dagger.internal.codegen.base.$AutoValue_ModuleAnnotation                        : loaded 3 times (x 74B)
Class dagger.spi.internal.shaded.androidx.room.compiler.processing.javac.kotlin.KmClassContainer$typeParameters$2: loaded 3 times (x 77B)
Class dagger.spi.internal.shaded.androidx.room.compiler.processing.XNullability       : loaded 3 times (x 77B)
Class dagger.spi.internal.shaded.androidx.room.jarjarred.kotlinx.metadata.Attributes$visibility$18: loaded 3 times (x 135B)
Class dagger.spi.internal.shaded.androidx.room.compiler.processing.javac.JavacFieldElement$kotlinMetadata$2: loaded 3 times (x 77B)
Class [Ldagger.internal.codegen.binding.BindingType;                                  : loaded 3 times (x 67B)
Class dagger.spi.internal.shaded.androidx.room.jarjarred.kotlinx.metadata.internal.protobuf.GeneratedMessageLite$ExtendableMessageOrBuilder: loaded 3 times (x 68B)
Class dagger.spi.internal.shaded.androidx.room.compiler.processing.javac.JavacTypeElement$DefaultJavacTypeElement: loaded 3 times (x 296B)
Class dagger.spi.internal.shaded.androidx.room.jarjarred.kotlinx.metadata.internal.protobuf.GeneratedMessageLite$ExtendableMessage: loaded 3 times (x 111B)
Class dagger.spi.internal.shaded.androidx.room.jarjarred.kotlinx.metadata.internal.protobuf.WireFormat$FieldType$1: loaded 3 times (x 81B)
Class dagger.internal.codegen.base.AutoValue_MapType                                  : loaded 3 times (x 78B)
Class android.databinding.tool.writer.BindingMapperWriterV2                           : loaded 3 times (x 70B)
Class com.google.common.collect.LinkedHashMultimap$ValueSet$1                         : loaded 3 times (x 80B)
Class dagger.spi.internal.shaded.auto.common.MoreTypes$ExecutableTypeVisitor          : loaded 3 times (x 100B)
Class android.databinding.tool.store.SetterStore$BindingGetterCall                    : loaded 3 times (x 68B)
Class android.databinding.tool.LibTypes$observableList$2                              : loaded 3 times (x 77B)
Class dagger.internal.codegen.xprocessing.XAnnotationValues$1                         : loaded 3 times (x 82B)
Class [Ldagger.spi.internal.shaded.androidx.room.compiler.processing.XNullability;    : loaded 3 times (x 67B)
Class dagger.spi.internal.shaded.androidx.room.compiler.processing.XMethodElementKt   : loaded 3 times (x 69B)
Class dagger.internal.codegen.writing.ProviderInstanceRequestRepresentation$1         : loaded 2 times (x 69B)
Class com.google.common.collect.FilteredKeySetMultimap$EntrySet                       : loaded 2 times (x 147B)
Class [Ldagger.spi.model.BindingKind;                                                 : loaded 2 times (x 67B)
Class org.objectweb.asm.Frame                                                         : loaded 2 times (x 71B)
Class com.google.common.collect.StandardTable                                         : loaded 2 times (x 122B)
Class com.google.common.reflect.TypeResolver$TypeVariableKey                          : loaded 2 times (x 70B)
Class org.gradle.internal.classloader.ClassLoaderSpec                                 : loaded 2 times (x 69B)
Class dagger.hilt.processor.internal.root.ComponentGenerator                          : loaded 2 times (x 70B)
Class com.google.common.graph.DirectedMultiNetworkConnections                         : loaded 2 times (x 96B)
Class [Lcom.google.common.reflect.Types$JavaVersion;                                  : loaded 2 times (x 67B)
Class dagger.internal.codegen.validation.AutoValue_SpiModelBindingGraphConverter_SubcomponentCreatorBindingEdgeImpl: loaded 2 times (x 75B)
Class dagger.hilt.processor.internal.definecomponent.DefineComponentBuilderMetadatas  : loaded 2 times (x 70B)
Class com.google.common.graph.EndpointPair                                            : loaded 2 times (x 81B)
Class dagger.internal.codegen.writing.SimpleMethodRequestRepresentation               : loaded 2 times (x 72B)
Class com.google.common.graph.StandardMutableGraph                                    : loaded 2 times (x 158B)
Class dagger.internal.codegen.writing.OptionalFactoryInstanceCreationExpression_Factory: loaded 2 times (x 70B)
Class com.google.common.util.concurrent.AbstractFuture$TrustedFuture                  : loaded 2 times (x 95B)
Class dagger.internal.codegen.writing.FrameworkFieldInitializer$FrameworkInstanceCreationExpression: loaded 2 times (x 68B)
Class [Lcom.google.common.graph.GraphConstants$Presence;                              : loaded 2 times (x 67B)
Class dagger.internal.codegen.binding.DependencyEdgeImpl                              : loaded 2 times (x 74B)
Class dagger.internal.codegen.writing.DelegatingFrameworkInstanceCreationExpression$Factory: loaded 2 times (x 68B)
Class com.google.common.cache.LocalCache$StrongValueReference                         : loaded 2 times (x 88B)
Class dagger.internal.codegen.writing.PrivateMethodRequestRepresentation$Factory      : loaded 2 times (x 68B)
Class org.gradle.util.internal.GUtil                                                  : loaded 2 times (x 69B)
Class dagger.internal.codegen.componentgenerator.CurrentImplementationSubcomponent$ChildComponentImplementationFactoryModule: loaded 2 times (x 68B)
Class dagger.internal.codegen.bindinggraphvalidation.DependencyCycleValidator$1       : loaded 2 times (x 69B)
Class com.google.common.graph.NetworkConnections                                      : loaded 2 times (x 68B)
Class com.google.common.graph.MapIteratorCache$1                                      : loaded 2 times (x 135B)
Class org.gradle.internal.classloader.FilteringClassLoader                            : loaded 2 times (x 103B)
Class com.google.common.util.concurrent.AbstractFuture$SafeAtomicHelper               : loaded 2 times (x 77B)
Class dagger.internal.codegen.writing.ProviderInstanceSupplier_Factory                : loaded 2 times (x 70B)
Class com.google.common.graph.ImmutableGraph                                          : loaded 2 times (x 136B)
Class [Lorg.gradle.api.internal.ClassPathProvider;                                    : loaded 2 times (x 67B)
Class com.google.common.graph.DirectedGraphConnections$NodeConnection                 : loaded 2 times (x 70B)
Class dagger.internal.codegen.writing.FrameworkFieldInitializer                       : loaded 2 times (x 73B)
Class dagger.internal.codegen.writing.ProductionBindingRepresentation_Factory         : loaded 2 times (x 70B)
Class com.google.common.reflect.TypeResolver$TypeTable                                : loaded 2 times (x 71B)
Class com.google.common.reflect.Invokable$MethodInvokable                             : loaded 2 times (x 103B)
Class dagger.internal.codegen.writing.MapRequestRepresentation                        : loaded 2 times (x 72B)
Class dagger.spi.model.ComponentPath                                                  : loaded 2 times (x 71B)
Class org.gradle.cache.GlobalCache                                                    : loaded 2 times (x 68B)
Class dagger.internal.codegen.writing.FrameworkInstanceSupplier                       : loaded 2 times (x 68B)
Class dagger.spi.model.BindingGraph                                                   : loaded 2 times (x 92B)
Class dagger.hilt.processor.internal.DaggerModelsKt$WhenMappings                      : loaded 2 times (x 69B)
Class com.google.common.graph.AbstractDirectedNetworkConnections                      : loaded 2 times (x 96B)
Class ijJvmDebugger1_ay49jg0f4v3qc9naqwo408uer$_run_closure1                          : loaded 2 times (x 137B)
Class com.google.common.graph.ElementOrder$Type                                       : loaded 2 times (x 77B)
Class dagger.internal.codegen.writing.StaticFactoryInstanceSupplier_Factory_Impl      : loaded 2 times (x 73B)
Class dagger.internal.codegen.writing.ComponentCreatorImplementation                  : loaded 2 times (x 72B)
Class dagger.internal.codegen.writing.BindingRepresentations                          : loaded 2 times (x 69B)
Class dagger.hilt.processor.internal.definecomponent.AutoValue_DefineComponentClassesMetadata: loaded 2 times (x 74B)
Class dagger.internal.codegen.validation.SpiModelBindingGraphConverter$DependencyEdgeImpl: loaded 2 times (x 76B)
Class [Ldagger.internal.codegen.writing.FrameworkInstanceKind;                        : loaded 2 times (x 67B)
Class org.gradle.internal.service.ServiceLookupException                              : loaded 2 times (x 80B)
Class dagger.internal.codegen.binding.AutoValue_ResolvedBindings                      : loaded 2 times (x 87B)
Class com.google.common.collect.AbstractMultimap$EntrySet                             : loaded 2 times (x 136B)
Class dagger.hilt.processor.internal.AggregatedElements                               : loaded 2 times (x 69B)
Class org.objectweb.asm.ClassVisitor                                                  : loaded 2 times (x 86B)
Class [Ldagger.hilt.processor.internal.aggregateddeps.AggregatedDepsMetadata$DependencyType;: loaded 2 times (x 67B)
Class dagger.internal.codegen.writing.ComponentCreatorImplementationFactory$1         : loaded 2 times (x 69B)
Class com.google.common.collect.Maps$2                                                : loaded 2 times (x 80B)
Class com.google.common.collect.Maps$3                                                : loaded 2 times (x 80B)
Class com.google.common.graph.DirectedMultiNetworkConnections$1                       : loaded 2 times (x 135B)
Class com.google.common.graph.MapIteratorCache                                        : loaded 2 times (x 73B)
Class kotlin.text.StringsKt__StringsKt$splitToSequence$1                              : loaded 2 times (x 77B)
Class dagger.internal.codegen.writing.ComponentRequestRepresentations                 : loaded 2 times (x 70B)
Class dagger.internal.codegen.writing.MembersInjectionMethods                         : loaded 2 times (x 70B)
Class com.google.common.collect.ConsumingQueueIterator                                : loaded 2 times (x 80B)
Class dagger.internal.codegen.binding.$AutoValue_BindingGraph                         : loaded 2 times (x 77B)
Class dagger.internal.codegen.writing.AutoValue_ComponentCreatorImplementation        : loaded 2 times (x 73B)
Class org.gradle.internal.classpath.DefaultClassPath$ImmutableUniqueList$Builder      : loaded 2 times (x 73B)
Class dagger.internal.codegen.writing.ComponentImplementation                         : loaded 2 times (x 70B)
Class dagger.hilt.processor.internal.aliasof.AliasOfs                                 : loaded 2 times (x 70B)
Class dagger.internal.codegen.writing.DirectInstanceBindingRepresentation_Factory     : loaded 2 times (x 70B)
Class dagger.internal.codegen.writing.FrameworkFieldInitializer$1                     : loaded 2 times (x 69B)
Class com.google.common.graph.GraphConstants$Presence                                 : loaded 2 times (x 77B)
Class kotlin.io.FileSystemException                                                   : loaded 2 times (x 80B)
Class dagger.internal.codegen.writing.SwitchingProviders$SwitchingProviderBuilder     : loaded 2 times (x 70B)
Class dagger.internal.codegen.writing.ProvisionBindingRepresentation$Factory          : loaded 2 times (x 68B)
Class dagger.hilt.processor.internal.definecomponent.DefineComponentBuilderMetadatas$DefineComponentBuilderMetadata: loaded 2 times (x 72B)
Class dagger.internal.codegen.writing.SwitchingProviderInstanceSupplier_Factory       : loaded 2 times (x 70B)
Class com.google.common.base.PatternCompiler                                          : loaded 2 times (x 68B)
Class com.google.common.graph.AbstractBaseGraph                                       : loaded 2 times (x 112B)
Class dagger.internal.codegen.writing.ComponentProvisionRequestRepresentation$Factory : loaded 2 times (x 68B)
Class dagger.internal.codegen.binding.AutoValue_MethodSignature                       : loaded 2 times (x 73B)
Class com.google.common.reflect.Types$JavaVersion                                     : loaded 2 times (x 81B)
Class dagger.hilt.processor.internal.ComponentNames                                   : loaded 2 times (x 70B)
Class dagger.internal.codegen.binding.AutoValue_SubcomponentDeclaration               : loaded 2 times (x 76B)
Class dagger.internal.SetBuilder                                                      : loaded 2 times (x 70B)
Class [Lorg.objectweb.asm.SymbolTable$Entry;                                          : loaded 2 times (x 67B)
Class com.google.common.collect.FilteredKeySetMultimap                                : loaded 2 times (x 200B)
Class dagger.spi.model.DaggerExecutableElement                                        : loaded 2 times (x 72B)
Class com.google.common.io.ByteArrayDataInput                                         : loaded 2 times (x 68B)
Class dagger.internal.codegen.binding.AutoValue_ComponentDescriptor_ComponentMethodDescriptor: loaded 2 times (x 73B)
Class dagger.internal.codegen.base.AutoValue_OptionalType                             : loaded 2 times (x 73B)
Class dagger.internal.codegen.writing.SimpleMethodRequestRepresentation$Factory       : loaded 2 times (x 68B)
Class dagger.internal.codegen.writing.ProductionBindingRepresentation_Factory_Impl    : loaded 2 times (x 73B)
Class dagger.internal.codegen.model.BindingGraph$MissingBinding                       : loaded 2 times (x 80B)
Class dagger.internal.codegen.writing.ComponentCreatorImplementationFactory$BuilderForGeneratedRootComponentBuilder: loaded 2 times (x 80B)
Class dagger.internal.codegen.base.OptionalType$OptionalKind                          : loaded 2 times (x 77B)
Class dagger.internal.codegen.writing.MembersInjectorProviderCreationExpression$Factory: loaded 2 times (x 68B)
Class dagger.hilt.processor.internal.root.AutoValue_Root                              : loaded 2 times (x 76B)
Class ijJvmDebugger1_ay49jg0f4v3qc9naqwo408uer$_run_closure1$_closure2                : loaded 2 times (x 138B)
Class dagger.internal.codegen.writing.ComponentWrapperImplementation                  : loaded 2 times (x 78B)
Class com.google.common.collect.Iterables$8                                           : loaded 2 times (x 79B)
Class dagger.internal.codegen.binding.DependencyRequestFactory$1                      : loaded 2 times (x 69B)
Class dagger.internal.codegen.writing.UnscopedFrameworkInstanceCreationExpressionFactory$1: loaded 2 times (x 69B)
Class dagger.internal.codegen.DaggerDelegateComponentProcessor_Injector$CurrentImplementationSubcomponentBuilder: loaded 2 times (x 77B)
Class org.objectweb.asm.SymbolTable                                                   : loaded 2 times (x 70B)
Class dagger.internal.codegen.writing.SetFactoryCreationExpression_Factory            : loaded 2 times (x 70B)
Class dagger.internal.codegen.writing.FrameworkInstanceBindingRepresentation_Factory  : loaded 2 times (x 70B)
Class org.objectweb.asm.Edge                                                          : loaded 2 times (x 70B)
Class dagger.internal.codegen.writing.ComponentImplementation$ShardImplementation     : loaded 2 times (x 78B)
Class dagger.spi.model.BindingGraph$ComponentNode                                     : loaded 2 times (x 68B)
Class dagger.internal.codegen.writing.ComponentMethodRequestRepresentation$Factory    : loaded 2 times (x 68B)
Class [Lorg.objectweb.asm.AnnotationVisitor;                                          : loaded 2 times (x 67B)
Class dagger.internal.codegen.writing.ComponentRequestRepresentations_Factory         : loaded 2 times (x 77B)
Class com.google.common.util.concurrent.AbstractFuture$Listener                       : loaded 2 times (x 70B)
Class dagger.spi.model.AutoValue_Key_MultibindingContributionIdentifier               : loaded 2 times (x 72B)
Class dagger.internal.codegen.writing.MembersInjectionMethods_Factory                 : loaded 2 times (x 77B)
Class org.gradle.api.internal.classpath.UnknownModuleException                        : loaded 2 times (x 80B)
Class dagger.internal.codegen.writing.SubcomponentCreatorRequestRepresentation_Factory: loaded 2 times (x 70B)
Class dagger.internal.codegen.writing.ComponentCreatorImplementationFactory_Factory   : loaded 2 times (x 77B)
Class com.google.common.collect.Multiset$Entry                                        : loaded 2 times (x 68B)
Class com.google.common.collect.Collections2$TransformedCollection                    : loaded 2 times (x 116B)
Class dagger.internal.codegen.writing.ComponentImplementation$TypeSpecKind            : loaded 2 times (x 77B)
Class org.objectweb.asm.ClassTooLargeException                                        : loaded 2 times (x 81B)
Class org.objectweb.asm.Attribute                                                     : loaded 2 times (x 75B)
Class com.google.common.cache.LocalCache$WriteThroughEntry                            : loaded 2 times (x 77B)
Class dagger.internal.codegen.writing.ProvisionBindingRepresentation                  : loaded 2 times (x 73B)
Class dagger.spi.model.Key$1                                                          : loaded 2 times (x 69B)
Class com.google.common.graph.MutableGraph                                            : loaded 2 times (x 68B)
Class dagger.internal.codegen.componentgenerator.CurrentImplementationSubcomponent    : loaded 2 times (x 68B)
Class dagger.internal.codegen.validation.AutoValue_SpiModelBindingGraphConverter_BindingNodeImpl: loaded 2 times (x 103B)
Class com.google.common.cache.LocalCache$HashIterator                                 : loaded 2 times (x 84B)
Class org.objectweb.asm.AnnotationWriter                                              : loaded 2 times (x 77B)
Class dagger.internal.codegen.writing.DependencyMethodProducerCreationExpression_Factory: loaded 2 times (x 70B)
Class org.gradle.internal.classloader.VisitableURLClassLoader                         : loaded 2 times (x 115B)
Class dagger.internal.codegen.writing.ComponentInstanceRequestRepresentation_Factory_Impl: loaded 2 times (x 73B)
Class com.google.common.reflect.Types$ClassOwnership$3                                : loaded 2 times (x 69B)
Class dagger.hilt.processor.internal.root.AutoValue_ComponentTreeDepsMetadata         : loaded 2 times (x 79B)
Class com.google.common.reflect.Types$ClassOwnership$2                                : loaded 2 times (x 78B)
Class dagger.internal.codegen.writing.MembersInjectionRequestRepresentation_Factory_Impl: loaded 2 times (x 73B)
Class com.google.common.reflect.Invokable                                             : loaded 2 times (x 99B)
Class com.google.common.collect.AbstractMapBasedMultiset$1                            : loaded 2 times (x 80B)
Class com.google.common.reflect.Types$ClassOwnership$1                                : loaded 2 times (x 78B)
Class dagger.internal.codegen.writing.ComponentProvisionRequestRepresentation         : loaded 2 times (x 72B)
Class dagger.internal.codegen.writing.MembersInjectionRequestRepresentation$Factory   : loaded 2 times (x 68B)
Class dagger.internal.codegen.writing.ProducerCreationExpression$Factory              : loaded 2 times (x 68B)
Class com.google.common.collect.HashBiMap$BiEntry                                     : loaded 2 times (x 81B)
Class org.gradle.internal.classloader.ClassLoaderVisitor                              : loaded 2 times (x 74B)
Class org.objectweb.asm.RecordComponentVisitor                                        : loaded 2 times (x 75B)
Class dagger.hilt.processor.internal.AutoValue_ComponentDescriptor                    : loaded 2 times (x 75B)
Class dagger.internal.codegen.DaggerDelegateComponentProcessor_Injector$CurrentImplementationSubcomponentImpl: loaded 2 times (x 73B)
Class dagger.internal.codegen.writing.ComponentNames                                  : loaded 2 times (x 70B)
Class dagger.internal.codegen.writing.ComponentInstanceRequestRepresentation$Factory  : loaded 2 times (x 68B)
Class dagger.hilt.processor.internal.root.RootGenerator                               : loaded 2 times (x 70B)
Class dagger.internal.codegen.validation.AutoValue_SpiModelBindingGraphConverter_DaggerTypeElementImpl: loaded 2 times (x 74B)
Class dagger.hilt.processor.internal.definecomponent.AutoValue_DefineComponentMetadatas_DefineComponentMetadata: loaded 2 times (x 74B)
Class dagger.internal.codegen.binding.ComponentRequirement$1                          : loaded 2 times (x 69B)
Class dagger.internal.DelegateFactory                                                 : loaded 2 times (x 77B)
Class dagger.spi.internal.shaded.androidx.room.compiler.processing.javac.JavacRawType : loaded 2 times (x 77B)
Class com.google.common.util.concurrent.AbstractFuture$AtomicHelper                   : loaded 2 times (x 76B)
Class dagger.internal.codegen.writing.FrameworkInstanceRequestRepresentation          : loaded 2 times (x 74B)
Class dagger.internal.codegen.writing.OptionalRequestRepresentation$Factory           : loaded 2 times (x 68B)
Class org.gradle.internal.Cast                                                        : loaded 2 times (x 69B)
Class dagger.internal.codegen.writing.ProviderInstanceSupplier_Factory_Impl           : loaded 2 times (x 73B)
Class [Lcom.google.common.collect.HashBiMap$BiEntry;                                  : loaded 2 times (x 67B)
Class org.objectweb.asm.Label                                                         : loaded 2 times (x 71B)
Class dagger.internal.codegen.writing.AssistedFactoryRequestRepresentation_Factory_Impl: loaded 2 times (x 73B)
Class dagger.internal.codegen.writing.ComponentCreatorImplementationFactory$RequirementStatus: loaded 2 times (x 77B)
Class dagger.internal.codegen.writing.ProducerEntryPointView                          : loaded 2 times (x 70B)
Class com.google.common.hash.PrimitiveSink                                            : loaded 2 times (x 68B)
Class com.google.common.reflect.Reflection                                            : loaded 2 times (x 69B)
Class com.google.common.collect.LinkedHashMultimap$1                                  : loaded 2 times (x 81B)
Class dagger.internal.codegen.binding.MethodSignature                                 : loaded 2 times (x 72B)
Class com.google.common.collect.Multisets$ElementSet                                  : loaded 2 times (x 134B)
Class com.google.common.graph.ElementOrder                                            : loaded 2 times (x 70B)
Class dagger.internal.codegen.validation.SpiModelBindingGraphConverter$DaggerTypeImpl : loaded 2 times (x 73B)
Class dagger.internal.codegen.writing.MembersInjectionBindingRepresentation_Factory_Impl: loaded 2 times (x 73B)
Class dagger.internal.codegen.writing.OptionalFactories_Factory                       : loaded 2 times (x 77B)
Class dagger.internal.codegen.writing.ProducerNodeInstanceRequestRepresentation       : loaded 2 times (x 74B)
Class dagger.internal.codegen.model.ComponentPath                                     : loaded 2 times (x 71B)
Class ijJvmDebugger1_ay49jg0f4v3qc9naqwo408uer                                        : loaded 2 times (x 177B)
Class dagger.internal.codegen.writing.DelegateRequestRepresentation$Factory           : loaded 2 times (x 68B)
Class dagger.internal.codegen.binding.AutoValue_BindingGraph                          : loaded 2 times (x 77B)
Class build_czd8kws8s2kepzc6vwhyms9ix$_run_closure1$_closure4                         : loaded 2 times (x 137B)
Class com.google.common.graph.DirectedGraphConnections$2$2                            : loaded 2 times (x 80B)
Class build_czd8kws8s2kepzc6vwhyms9ix$_run_closure1$_closure3                         : loaded 2 times (x 137B)
Class org.gradle.api.internal.ClassPathRegistry                                       : loaded 2 times (x 68B)
Class com.google.common.graph.DirectedGraphConnections$2$1                            : loaded 2 times (x 80B)
Class dagger.internal.codegen.bindinggraphvalidation.DuplicateBindingsValidator$KeyWithTypeEquivalence: loaded 2 times (x 72B)
Class dagger.hilt.processor.internal.aliasof.AutoValue_AliasOfPropagatedDataMetadata  : loaded 2 times (x 73B)
Class org.gradle.api.internal.classpath.DefaultModuleRegistry$DefaultModule           : loaded 2 times (x 84B)
Class com.google.common.util.concurrent.AbstractFuture$Failure                        : loaded 2 times (x 70B)
Class dagger.internal.codegen.validation.SpiModelBindingGraphConverter$DaggerTypeElementImpl: loaded 2 times (x 73B)
Class com.google.common.graph.GraphConnections                                        : loaded 2 times (x 68B)
Class [Ldagger.internal.codegen.writing.ComponentImplementation$FieldSpecKind;        : loaded 2 times (x 67B)
Class dagger.internal.codegen.javapoet.Expression                                     : loaded 2 times (x 70B)
Class dagger.internal.codegen.model.BindingGraph$DependencyEdge                       : loaded 2 times (x 68B)
Class dagger.internal.codegen.writing.OptionalFactories_PerGeneratedFileCache_Factory : loaded 2 times (x 76B)
Class com.google.common.util.concurrent.AbstractFuture$Cancellation                   : loaded 2 times (x 70B)
Class org.objectweb.asm.Type                                                          : loaded 2 times (x 70B)
Class dagger.internal.codegen.validation.ComponentValidator$ElementValidator$ComponentMethodValidator: loaded 2 times (x 71B)
Class [Lorg.objectweb.asm.Symbol;                                                     : loaded 2 times (x 67B)
Class dagger.spi.model.DependencyRequest$Builder                                      : loaded 2 times (x 74B)
Class dagger.hilt.processor.internal.root.TestRootMetadata                            : loaded 2 times (x 75B)
Class dagger.internal.codegen.validation.SpiModelBindingGraphConverter$DaggerAnnotationImpl: loaded 2 times (x 74B)
Class org.gradle.internal.classloader.VisitableURLClassLoader$InstrumentingVisitableURLClassLoader: loaded 2 times (x 121B)
Class org.gradle.api.internal.DefaultClassPathRegistry                                : loaded 2 times (x 74B)
Class dagger.internal.codegen.writing.ComponentRequirementExpression                  : loaded 2 times (x 68B)
Class dagger.internal.codegen.writing.ComponentRequirementRequestRepresentation_Factory_Impl: loaded 2 times (x 73B)
Class org.gradle.internal.classloader.ClassLoaderHierarchy                            : loaded 2 times (x 68B)
Class com.google.common.io.ByteStreams$1                                              : loaded 2 times (x 83B)
Class dagger.internal.codegen.base.ComponentKind                                      : loaded 2 times (x 77B)
Class dagger.internal.codegen.binding.ComponentRequirement$NullPolicy                 : loaded 2 times (x 77B)
Class dagger.internal.codegen.DaggerDelegateComponentProcessor_Injector$TopLevelImplementationComponentImpl: loaded 2 times (x 73B)
Class com.google.common.collect.FilteredSetMultimap                                   : loaded 2 times (x 68B)
Class dagger.internal.codegen.binding.ConfigurationAnnotations                        : loaded 2 times (x 69B)
Class com.google.common.cache.LocalCache$AbstractReferenceEntry                       : loaded 2 times (x 105B)
Class dagger.hilt.processor.internal.aggregateddeps.AutoValue_ComponentDependencies$Builder: loaded 2 times (x 74B)
Class org.gradle.internal.installation.GradleInstallation$1                           : loaded 2 times (x 73B)
Class dagger.hilt.processor.internal.uninstallmodules.AggregatedUninstallModulesMetadata: loaded 2 times (x 72B)
Class dagger.internal.codegen.binding.ErrorMessages$FactoryMessages                   : loaded 2 times (x 79B)
Class dagger.internal.codegen.writing.ProducerFromProviderCreationExpression          : loaded 2 times (x 74B)
Class dagger.internal.codegen.writing.MethodRequestRepresentation                     : loaded 2 times (x 76B)
Class com.google.common.graph.EndpointPairIterator$Undirected                         : loaded 2 times (x 80B)
Class dagger.internal.codegen.model.BindingGraph$SubcomponentCreatorBindingEdge       : loaded 2 times (x 68B)
Class com.google.common.reflect.TypeResolver                                          : loaded 2 times (x 70B)
Class org.gradle.api.internal.DefaultClassPathProvider                                : loaded 2 times (x 74B)
Class com.google.common.graph.AbstractGraph                                           : loaded 2 times (x 133B)
Class dagger.internal.codegen.writing.StaticFactoryInstanceSupplier                   : loaded 2 times (x 73B)
Class com.google.common.graph.GraphBuilder                                            : loaded 2 times (x 70B)
Class com.google.common.util.concurrent.AbstractFuture                                : loaded 2 times (x 93B)
Class dagger.internal.codegen.writing.AnonymousProviderCreationExpression_Factory_Impl: loaded 2 times (x 73B)
Class dagger.internal.codegen.writing.SwitchingProviders$1                            : loaded 2 times (x 76B)
Class dagger.internal.codegen.writing.MapRequestRepresentation_Factory_Impl           : loaded 2 times (x 73B)
Class org.objectweb.asm.CurrentFrame                                                  : loaded 2 times (x 71B)
Class dagger.internal.codegen.validation.SpiModelBindingGraphConverter$DaggerElementImpl: loaded 2 times (x 73B)
Class com.google.common.graph.Traverser$InsertionOrder$1                              : loaded 2 times (x 78B)
Class ijKotlinCoroutineJvmDebugInit1_qv0l6z7mu83w8emctgpid78c$_run_closure1$_closure2 : loaded 2 times (x 137B)
Class com.google.common.graph.Traverser$InsertionOrder$2                              : loaded 2 times (x 78B)
Class dagger.internal.codegen.writing.FrameworkInstanceKind$1                         : loaded 2 times (x 69B)
Class dagger.internal.codegen.writing.DelegatingFrameworkInstanceCreationExpression_Factory: loaded 2 times (x 70B)
Class dagger.internal.codegen.binding.KeyVariableNamer                                : loaded 2 times (x 69B)
Class com.google.common.graph.AbstractBaseGraph$1                                     : loaded 2 times (x 135B)
Class com.google.common.graph.EndpointPair$Ordered                                    : loaded 2 times (x 81B)
Class dagger.internal.codegen.writing.FrameworkInstanceBindingRepresentation$Factory  : loaded 2 times (x 68B)
Class dagger.internal.codegen.writing.SetFactoryCreationExpression$Factory            : loaded 2 times (x 68B)
Class com.google.common.graph.Graph                                                   : loaded 2 times (x 68B)
Class org.gradle.internal.classloader.ClasspathUtil                                   : loaded 2 times (x 69B)
Class dagger.internal.codegen.writing.ComponentMethodRequestRepresentation            : loaded 2 times (x 76B)
Class com.google.common.graph.DirectedGraphConnections$NodeConnection$Succ            : loaded 2 times (x 70B)
Class dagger.internal.codegen.writing.ProducerFromProviderCreationExpression_Factory_Impl: loaded 2 times (x 73B)
Class org.objectweb.asm.ClassReader                                                   : loaded 2 times (x 91B)
Class dagger.internal.codegen.binding.BindingGraphConverter$Converter                 : loaded 2 times (x 70B)
Class com.google.common.collect.Lists$ReverseList                                     : loaded 2 times (x 160B)
Class com.google.common.collect.SortedMultiset                                        : loaded 2 times (x 68B)
Class dagger.internal.codegen.writing.UnscopedFrameworkInstanceCreationExpressionFactory: loaded 2 times (x 70B)
Class dagger.internal.codegen.validation.AutoValue_SpiModelBindingGraphConverter_DaggerElementImpl: loaded 2 times (x 74B)
Class dagger.internal.codegen.binding.BindingFactory$1                                : loaded 2 times (x 69B)
Class org.gradle.internal.service.DefaultServiceLocator                               : loaded 2 times (x 81B)
Class dagger.hilt.processor.internal.root.ComponentTree                               : loaded 2 times (x 70B)
Class com.google.common.io.Closer$Suppressor                                          : loaded 2 times (x 68B)
Class org.gradle.internal.service.UnknownServiceException                             : loaded 2 times (x 81B)
Class [Lcom.google.common.graph.Graphs$NodeVisitState;                                : loaded 2 times (x 67B)
Class com.google.common.graph.EndpointPair$Unordered                                  : loaded 2 times (x 81B)
Class dagger.spi.model.Binding                                                        : loaded 2 times (x 68B)
Class dagger.hilt.processor.internal.earlyentrypoint.AggregatedEarlyEntryPointMetadata: loaded 2 times (x 71B)
Class dagger.spi.model.DependencyRequest                                              : loaded 2 times (x 73B)
Class com.google.common.util.concurrent.AbstractFuture$SynchronizedHelper             : loaded 2 times (x 76B)
Class dagger.internal.codegen.writing.FrameworkInstanceBindingRepresentation$1        : loaded 2 times (x 69B)
Class org.objectweb.asm.Handler                                                       : loaded 2 times (x 70B)
Class dagger.internal.codegen.javapoet.TypeSpecs                                      : loaded 2 times (x 69B)
Class dagger.spi.model.BindingGraph$DependencyEdge                                    : loaded 2 times (x 68B)
Class dagger.internal.codegen.writing.MembersInjectionRequestRepresentation           : loaded 2 times (x 72B)
Class dagger.internal.codegen.writing.MemberSelect$LocalField                         : loaded 2 times (x 73B)
Class kotlin.io.FilePathComponents                                                    : loaded 2 times (x 70B)
Class com.google.common.base.Strings                                                  : loaded 2 times (x 69B)
Class dagger.hilt.android.processor.internal.androidentrypoint.ApplicationGenerator   : loaded 2 times (x 70B)
Class dagger.internal.codegen.model.AutoValue_ComponentPath                           : loaded 2 times (x 73B)
Class dagger.internal.codegen.writing.ProviderInstanceRequestRepresentation_Factory_Impl: loaded 2 times (x 73B)
Class dagger.internal.codegen.validation.SpiModelBindingGraphConverter$SubcomponentCreatorBindingEdgeImpl: loaded 2 times (x 74B)
Class dagger.internal.codegen.writing.PrivateMethodRequestRepresentation              : loaded 2 times (x 76B)
Class [Lorg.objectweb.asm.Type;                                                       : loaded 2 times (x 67B)
Class build_czd8kws8s2kepzc6vwhyms9ix$_run_closure1$_closure3$_closure5               : loaded 2 times (x 137B)
Class dagger.spi.model.DaggerElement                                                  : loaded 2 times (x 72B)
Class com.google.common.collect.SortedMultisetBridge                                  : loaded 2 times (x 68B)
Class dagger.internal.codegen.writing.PrivateMethodRequestRepresentation_Factory      : loaded 2 times (x 70B)
Class dagger.internal.codegen.writing.ProvisionBindingRepresentation_Factory_Impl     : loaded 2 times (x 73B)
Class build_czd8kws8s2kepzc6vwhyms9ix$_run_closure1$_closure3$_closure6               : loaded 2 times (x 137B)
Class dagger.internal.codegen.writing.ProviderInstanceSupplier                        : loaded 2 times (x 73B)
Class dagger.internal.codegen.writing.SwitchingProviderInstanceSupplier$Factory       : loaded 2 times (x 68B)
Class [Lcom.google.common.graph.Traverser$InsertionOrder;                             : loaded 2 times (x 67B)
Class dagger.internal.codegen.writing.UnscopedDirectInstanceRequestRepresentationFactory$1: loaded 2 times (x 69B)
Class dagger.internal.codegen.writing.AssistedFactoryRequestRepresentation$Factory    : loaded 2 times (x 68B)
Class com.google.common.graph.DirectedGraphConnections$3$2                            : loaded 2 times (x 80B)
Class dagger.internal.codegen.model.$AutoValue_ComponentPath                          : loaded 2 times (x 72B)
Class dagger.internal.codegen.writing.DelegateRequestRepresentation_Factory_Impl      : loaded 2 times (x 73B)
Class com.google.common.graph.DirectedGraphConnections$3$1                            : loaded 2 times (x 80B)
Class com.google.common.graph.MutableNetwork                                          : loaded 2 times (x 68B)
Class com.google.common.collect.Lists$ReverseList$1                                   : loaded 2 times (x 97B)
Class com.google.common.base.AbstractIterator$State                                   : loaded 2 times (x 77B)
Class com.google.common.io.Closer                                                     : loaded 2 times (x 76B)
Class com.google.common.graph.StandardMutableNetwork                                  : loaded 2 times (x 172B)
Class dagger.hilt.processor.internal.aliasof.AliasOfPropagatedDataMetadata            : loaded 2 times (x 72B)
Class dagger.internal.codegen.writing.ComponentImplementation$CompilerMode            : loaded 2 times (x 77B)
Class com.google.common.graph.Traverser$InsertionOrder                                : loaded 2 times (x 78B)
Class dagger.internal.codegen.binding.$AutoValue_ComponentCreatorDescriptor           : loaded 2 times (x 80B)
Class org.gradle.internal.classloader.DefaultClassLoaderFactory                       : loaded 2 times (x 80B)
Class dagger.internal.codegen.writing.DelegateRequestRepresentation$1                 : loaded 2 times (x 69B)
Class dagger.internal.codegen.bindinggraphvalidation.AutoValue_DuplicateBindingsValidator_KeyWithTypeEquivalence: loaded 2 times (x 73B)
Class dagger.internal.codegen.writing.ComponentRequirementExpressions                 : loaded 2 times (x 70B)
Class dagger.hilt.processor.internal.aggregateddeps.ComponentDependencies$1           : loaded 2 times (x 69B)
Class dagger.internal.codegen.validation.AutoValue_SpiModelBindingGraphConverter_DaggerAnnotationImpl: loaded 2 times (x 75B)
Class com.google.common.collect.Sets$2$1                                              : loaded 2 times (x 80B)
Class dagger.internal.codegen.writing.FrameworkInstanceBindingRepresentation_Factory_Impl: loaded 2 times (x 73B)
Class dagger.spi.model.BindingGraph$SubcomponentCreatorBindingEdge                    : loaded 2 times (x 68B)
Class dagger.internal.codegen.writing.SetFactoryCreationExpression_Factory_Impl       : loaded 2 times (x 73B)
Class dagger.internal.codegen.validation.ComponentCreatorValidator$1                  : loaded 2 times (x 69B)
Class dagger.hilt.processor.internal.uninstallmodules.AutoValue_AggregatedUninstallModulesMetadata: loaded 2 times (x 73B)
Class com.google.common.base.Stopwatch                                                : loaded 2 times (x 70B)
Class dagger.internal.codegen.binding.ComponentRequirement$Kind                       : loaded 2 times (x 77B)
Class dagger.internal.codegen.validation.SpiModelBindingGraphConverter$BindingGraphImpl: loaded 2 times (x 93B)
Class dagger.internal.codegen.binding.$AutoValue_BindingGraph_TopLevelBindingGraph    : loaded 2 times (x 98B)
Class dagger.internal.codegen.writing.ComponentMethodRequestRepresentation_Factory_Impl: loaded 2 times (x 73B)
Class dagger.internal.codegen.binding.ErrorMessages$ComponentCreatorMessages          : loaded 2 times (x 79B)
Class org.gradle.api.UncheckedIOException                                             : loaded 2 times (x 80B)
Class com.google.common.collect.ImmutableList$SerializedForm                          : loaded 2 times (x 71B)
Class dagger.internal.codegen.writing.ProducerNodeInstanceRequestRepresentation_Factory_Impl: loaded 2 times (x 73B)
Class com.google.common.graph.Graphs$NodeVisitState                                   : loaded 2 times (x 77B)
Class dagger.spi.model.BindingGraph$MaybeBinding                                      : loaded 2 times (x 68B)
Class org.gradle.internal.InternalTransformer                                         : loaded 2 times (x 68B)
Class dagger.internal.codegen.binding.BindingGraphFactory$Resolver                    : loaded 2 times (x 70B)
Class dagger.internal.codegen.writing.UnscopedDirectInstanceRequestRepresentationFactory_Factory: loaded 2 times (x 77B)
Class com.google.common.collect.AbstractTable                                         : loaded 2 times (x 118B)
Class dagger.spi.model.Scope                                                          : loaded 2 times (x 70B)
Class com.google.common.reflect.Types                                                 : loaded 2 times (x 69B)
Class com.google.common.base.Platform$JdkPatternCompiler                              : loaded 2 times (x 73B)
Class com.google.common.collect.Table                                                 : loaded 2 times (x 68B)
Class dagger.internal.codegen.writing.ComponentProvisionRequestRepresentation_Factory : loaded 2 times (x 70B)
Class dagger.internal.codegen.writing.MapFactoryCreationExpression_Factory_Impl       : loaded 2 times (x 73B)
Class com.google.common.graph.AbstractNetwork                                         : loaded 2 times (x 137B)
Class dagger.internal.codegen.writing.PrivateMethodRequestRepresentation_Factory_Impl : loaded 2 times (x 73B)
Class dagger.internal.codegen.writing.ProducerFromProviderCreationExpression$Factory  : loaded 2 times (x 68B)
Class com.google.common.graph.MapIteratorCache$1$1                                    : loaded 2 times (x 79B)
Class com.google.common.collect.Lists$Partition                                       : loaded 2 times (x 160B)
Class com.google.common.base.AbstractIterator$1                                       : loaded 2 times (x 69B)
Class dagger.internal.codegen.model.BindingGraph$Edge                                 : loaded 2 times (x 68B)
Class org.gradle.internal.service.ServiceLocator                                      : loaded 2 times (x 68B)
Class com.google.common.collect.FilteredEntryMultimap                                 : loaded 2 times (x 153B)
Class dagger.internal.codegen.writing.SetRequestRepresentation_Factory                : loaded 2 times (x 70B)
Class dagger.spi.model.Key                                                            : loaded 2 times (x 76B)
Class dagger.internal.codegen.writing.DerivedFromFrameworkInstanceRequestRepresentation_Factory: loaded 2 times (x 70B)
Class dagger.hilt.processor.internal.definecomponent.DefineComponents                 : loaded 2 times (x 70B)
Class dagger.internal.codegen.writing.ComponentWrapperImplementation_Factory          : loaded 2 times (x 77B)
Class dagger.internal.codegen.writing.MapRequestRepresentation_Factory                : loaded 2 times (x 70B)
Class com.google.common.io.ByteStreams$LimitedInputStream                             : loaded 2 times (x 90B)
Class dagger.internal.codegen.writing.RequestRepresentation                           : loaded 2 times (x 71B)
Class dagger.internal.codegen.writing.ProducerFromProviderCreationExpression_Factory  : loaded 2 times (x 69B)
Class dagger.internal.codegen.binding.SubcomponentCreatorBindingEdgeImpl              : loaded 2 times (x 73B)
Class dagger.hilt.processor.internal.ComponentDescriptor                              : loaded 2 times (x 74B)
Class dagger.internal.codegen.writing.DelegatingFrameworkInstanceCreationExpression_Factory_Impl: loaded 2 times (x 73B)
Class dagger.spi.model.RequestKind                                                    : loaded 2 times (x 77B)
Class dagger.internal.codegen.writing.ProductionBindingRepresentation$Factory         : loaded 2 times (x 68B)
Class com.google.common.util.concurrent.SettableFuture                                : loaded 2 times (x 95B)
Class org.objectweb.asm.ClassWriter                                                   : loaded 2 times (x 104B)
Class dagger.internal.codegen.writing.ComponentMethodRequestRepresentation_Factory    : loaded 2 times (x 70B)
Class kotlin.io.FileAlreadyExistsException                                            : loaded 2 times (x 80B)
Class dagger.internal.codegen.writing.ComponentRequirementRequestRepresentation_Factory: loaded 2 times (x 70B)
Class dagger.internal.codegen.writing.MembersInjectionBindingRepresentation$Factory   : loaded 2 times (x 68B)
Class dagger.internal.codegen.writing.DerivedFromFrameworkInstanceRequestRepresentation_Factory_Impl: loaded 2 times (x 73B)
Class dagger.internal.codegen.writing.DirectInstanceBindingRepresentation$1           : loaded 2 times (x 69B)
Class [Lcom.google.common.base.AbstractIterator$State;                                : loaded 2 times (x 67B)
Class org.objectweb.asm.FieldWriter                                                   : loaded 2 times (x 76B)
Class dagger.spi.internal.shaded.androidx.room.compiler.processing.javac.TypeMirrorExtKt$extendsBound$1: loaded 2 times (x 99B)
Class kotlin.text.StringsKt__StringsKt$rangesDelimitedBy$2                            : loaded 2 times (x 77B)
Class com.google.common.reflect.Types$TypeVariableImpl                                : loaded 2 times (x 70B)
Class dagger.spi.model.DaggerTypeElement                                              : loaded 2 times (x 72B)
Class dagger.hilt.processor.internal.root.Root                                        : loaded 2 times (x 75B)
Class dagger.hilt.processor.internal.definecomponent.AutoValue_DefineComponentBuilderMetadatas_DefineComponentBuilderMetadata: loaded 2 times (x 73B)
Class com.google.common.cache.LocalCache$StrongEntry                                  : loaded 2 times (x 106B)
Class com.google.common.collect.FilteredMultimapValues                                : loaded 2 times (x 116B)
Class dagger.hilt.processor.internal.aggregateddeps.ComponentDependencies             : loaded 2 times (x 72B)
Class dagger.internal.MapBuilder                                                      : loaded 2 times (x 70B)
Class org.objectweb.asm.Context                                                       : loaded 2 times (x 70B)
Class com.google.common.graph.AbstractValueGraph                                      : loaded 2 times (x 143B)
Class com.google.common.reflect.Types$ParameterizedTypeImpl                           : loaded 2 times (x 79B)
Class dagger.internal.codegen.writing.ComponentRequirementExpressions$ComponentParameterField: loaded 2 times (x 79B)
Class com.google.common.graph.DirectedGraphConnections$PredAndSucc                    : loaded 2 times (x 70B)
Class com.google.common.io.ByteStreams                                                : loaded 2 times (x 69B)
Class com.google.common.base.Charsets                                                 : loaded 2 times (x 69B)
Class dagger.spi.internal.shaded.androidx.room.compiler.processing.javac.JavacRawType$xTypeName$2: loaded 2 times (x 77B)
Class dagger.internal.codegen.writing.AssistedFactoryRequestRepresentation            : loaded 2 times (x 72B)
Class com.google.common.util.concurrent.internal.InternalFutureFailureAccess          : loaded 2 times (x 70B)
Class [Lcom.google.common.reflect.Types$ClassOwnership;                               : loaded 2 times (x 67B)
Class org.gradle.internal.classloader.SystemClassLoaderSpec                           : loaded 2 times (x 69B)
Class com.google.common.graph.Graphs                                                  : loaded 2 times (x 69B)
Class dagger.hilt.processor.internal.aggregateddeps.AggregatedDepsMetadata$DependencyType: loaded 2 times (x 77B)
Class dagger.internal.codegen.componentgenerator.CurrentImplementationSubcomponent$Builder: loaded 2 times (x 68B)
Class com.google.common.collect.ImmutableMap$SerializedForm                           : loaded 2 times (x 71B)
Class com.squareup.javapoet.CodeWriter$1                                              : loaded 2 times (x 69B)
Class dagger.internal.codegen.writing.MembersInjectionRequestRepresentation_Factory   : loaded 2 times (x 70B)
Class dagger.hilt.processor.internal.AutoValue_ComponentDescriptor$Builder            : loaded 2 times (x 78B)
Class dagger.internal.codegen.writing.ComponentCreatorImplementationFactory           : loaded 2 times (x 70B)
Class dagger.internal.codegen.validation.AutoValue_SpiModelBindingGraphConverter_DaggerTypeImpl: loaded 2 times (x 74B)
Class dagger.internal.codegen.binding.ComponentNodeImpl                               : loaded 2 times (x 83B)
Class dagger.internal.codegen.writing.ProducerCreationExpression_Factory              : loaded 2 times (x 70B)
Class dagger.internal.codegen.writing.SwitchingProviderInstanceSupplier_Factory_Impl  : loaded 2 times (x 73B)
Class dagger.spi.model.AutoValue_DependencyRequest                                    : loaded 2 times (x 74B)
Class com.google.common.graph.ValueGraph                                              : loaded 2 times (x 68B)
Class com.google.common.collect.Maps$Values                                           : loaded 2 times (x 116B)
Class dagger.internal.codegen.base.OptionalType                                       : loaded 2 times (x 73B)
Class com.google.common.graph.Traverser$Traversal                                     : loaded 2 times (x 71B)
Class com.google.common.io.ByteArrayDataOutput                                        : loaded 2 times (x 68B)
Class dagger.internal.codegen.writing.DependencyMethodProducerCreationExpression_Factory_Impl: loaded 2 times (x 73B)
Class dagger.hilt.processor.internal.definecomponent.DefineComponentMetadatas$DefineComponentMetadata: loaded 2 times (x 73B)
Class com.google.common.collect.HashBiMap$Inverse                                     : loaded 2 times (x 140B)
Class com.google.common.base.Joiner$3                                                 : loaded 2 times (x 159B)
Class com.google.common.collect.HashBasedTable                                        : loaded 2 times (x 122B)
Class com.google.common.collect.HashBiMap                                             : loaded 2 times (x 141B)
Class dagger.internal.codegen.binding.ComponentDescriptor$ComponentMethodDescriptor   : loaded 2 times (x 72B)
Class kotlin.io.TerminateException                                                    : loaded 2 times (x 80B)
Class dagger.internal.codegen.writing.ProvisionBindingRepresentation$1                : loaded 2 times (x 69B)
Class build_czd8kws8s2kepzc6vwhyms9ix$_run_closure2                                   : loaded 2 times (x 137B)
Class build_czd8kws8s2kepzc6vwhyms9ix$_run_closure1                                   : loaded 2 times (x 137B)
Class dagger.internal.codegen.binding.BindingGraph                                    : loaded 2 times (x 77B)
Class dagger.internal.codegen.writing.OptionalRequestRepresentation                   : loaded 2 times (x 72B)
Class org.objectweb.asm.MethodTooLargeException                                       : loaded 2 times (x 81B)
Class dagger.spi.model.Key$Builder                                                    : loaded 2 times (x 74B)
Class [Ldagger.internal.codegen.base.OptionalType$OptionalKind;                       : loaded 2 times (x 67B)
Class dagger.internal.codegen.writing.DerivedFromFrameworkInstanceRequestRepresentation$Factory: loaded 2 times (x 68B)
Class dagger.internal.codegen.writing.AnonymousProviderCreationExpression$Factory     : loaded 2 times (x 68B)
Class kotlin.io.NoSuchFileException                                                   : loaded 2 times (x 80B)
Class dagger.spi.internal.shaded.androidx.room.compiler.processing.XRawType           : loaded 2 times (x 68B)
Class [Ldagger.internal.codegen.writing.FrameworkFieldInitializer$InitializationState;: loaded 2 times (x 67B)
Class dagger.spi.model.AutoValue_Scope                                                : loaded 2 times (x 71B)
Class com.google.common.reflect.Types$JavaVersion$1                                   : loaded 2 times (x 81B)
Class org.objectweb.asm.Opcodes                                                       : loaded 2 times (x 68B)
Class dagger.spi.model.BindingGraph$MissingBinding                                    : loaded 2 times (x 80B)
Class com.google.common.graph.DirectedGraphConnections$NodeConnection$Pred            : loaded 2 times (x 70B)
Class com.google.common.reflect.Types$JavaVersion$2                                   : loaded 2 times (x 81B)
Class dagger.internal.codegen.model.BindingGraph$ChildFactoryMethodEdge               : loaded 2 times (x 68B)
Class dagger.hilt.processor.internal.root.AggregatedRootMetadata                      : loaded 2 times (x 75B)
Class dagger.hilt.processor.internal.aggregateddeps.ComponentDependencies$Builder     : loaded 2 times (x 73B)
Class com.google.common.graph.DirectedGraphConnections                                : loaded 2 times (x 81B)
Class [Lorg.objectweb.asm.Label;                                                      : loaded 2 times (x 67B)
Class com.google.common.reflect.Types$JavaVersion$3                                   : loaded 2 times (x 81B)
Class org.gradle.internal.classpath.DefaultClassPath$ImmutableUniqueList              : loaded 2 times (x 159B)
Class com.google.common.reflect.TypeResolver$TypeTable$1                              : loaded 2 times (x 71B)
Class dagger.spi.model.$AutoValue_Key                                                 : loaded 2 times (x 78B)
Class dagger.internal.codegen.writing.FrameworkFieldInitializer$InitializationState   : loaded 2 times (x 77B)
Class com.google.common.reflect.Types$JavaVersion$4                                   : loaded 2 times (x 81B)
Class com.google.common.graph.MutableValueGraph                                       : loaded 2 times (x 68B)
Class dagger.internal.codegen.writing.ComponentCreatorImplementationFactory$BuilderForCreatorDescriptor: loaded 2 times (x 80B)
Class com.google.common.reflect.Types$JavaVersion$5                                   : loaded 2 times (x 69B)
Class dagger.internal.codegen.writing.MembersInjectorProviderCreationExpression_Factory_Impl: loaded 2 times (x 73B)
Class dagger.internal.codegen.writing.DependencyMethodProviderCreationExpression_Factory: loaded 2 times (x 70B)
Class dagger.hilt.processor.internal.root.RootMetadata                                : loaded 2 times (x 70B)
Class org.objectweb.asm.AnnotationVisitor                                             : loaded 2 times (x 76B)
Class org.objectweb.asm.RecordComponentWriter                                         : loaded 2 times (x 76B)
Class dagger.internal.codegen.writing.SetRequestRepresentation$Factory                : loaded 2 times (x 68B)
Class dagger.internal.codegen.writing.ImmediateFutureRequestRepresentation            : loaded 2 times (x 72B)
Class dagger.internal.codegen.writing.FrameworkInstanceBindingRepresentation          : loaded 2 times (x 70B)
Class dagger.spi.model.DaggerAnnotation                                               : loaded 2 times (x 73B)
Class dagger.internal.codegen.validation.SpiModelBindingGraphConverter$DaggerExecutableElementImpl: loaded 2 times (x 73B)
Class dagger.internal.codegen.binding.ComponentDescriptor$ComponentMethodDescriptor$Builder: loaded 2 times (x 68B)
Class dagger.hilt.processor.internal.root.$AutoValue_AggregatedRootMetadata           : loaded 2 times (x 80B)
Class dagger.internal.codegen.binding.SubcomponentDeclaration                         : loaded 2 times (x 74B)
Class com.google.common.base.Predicates$InPredicate                                   : loaded 2 times (x 86B)
Class dagger.internal.codegen.writing.StaticFactoryInstanceSupplier$Factory           : loaded 2 times (x 68B)
Class dagger.internal.codegen.writing.ImmediateFutureRequestRepresentation$Factory    : loaded 2 times (x 68B)
Class dagger.internal.codegen.writing.ComponentCreatorImplementationFactory$Builder   : loaded 2 times (x 80B)
Class com.google.common.base.Platform                                                 : loaded 2 times (x 69B)
Class com.google.common.base.Utf8                                                     : loaded 2 times (x 69B)
Class [Ldagger.internal.codegen.binding.ComponentRequirement$NullPolicy;              : loaded 2 times (x 67B)
Class dagger.hilt.processor.internal.root.ComponentTreeDepsMetadata                   : loaded 2 times (x 78B)
Class dagger.internal.codegen.writing.SetRequestRepresentation_Factory_Impl           : loaded 2 times (x 73B)
Class dagger.spi.model.AutoValue_DependencyRequest$Builder                            : loaded 2 times (x 75B)
Class dagger.internal.codegen.writing.ProducerNodeInstanceRequestRepresentation$Factory: loaded 2 times (x 68B)
Class dagger.internal.codegen.writing.SubcomponentCreatorRequestRepresentation        : loaded 2 times (x 72B)
Class org.gradle.internal.classpath.TransformedClassPath                              : loaded 2 times (x 94B)
Class com.google.common.collect.Lists$RandomAccessPartition                           : loaded 2 times (x 160B)
Class org.objectweb.asm.SymbolTable$Entry                                             : loaded 2 times (x 72B)
Class dagger.internal.codegen.javapoet.ExpressionType                                 : loaded 2 times (x 70B)
Class dagger.internal.codegen.writing.DelegateRequestRepresentation_Factory           : loaded 2 times (x 70B)
Class dagger.internal.codegen.validation.ComponentDescriptorValidator$ComponentValidation: loaded 2 times (x 70B)
Class org.gradle.internal.classloader.VisitableURLClassLoader$Spec                    : loaded 2 times (x 72B)
Class dagger.internal.codegen.binding.ErrorMessages$BuilderMessages                   : loaded 2 times (x 79B)
Class org.gradle.api.Action                                                           : loaded 2 times (x 68B)
Class dagger.internal.codegen.writing.ComponentRequestRepresentations$1               : loaded 2 times (x 69B)
Class dagger.spi.model.$AutoValue_ComponentPath                                       : loaded 2 times (x 72B)
Class org.gradle.api.GradleException                                                  : loaded 2 times (x 80B)
Class com.google.common.collect.Lists$RandomAccessReverseList                         : loaded 2 times (x 160B)
Class dagger.internal.codegen.xprocessing.MethodSpecs                                 : loaded 2 times (x 69B)
Class com.google.common.reflect.TypeToken$SimpleTypeToken                             : loaded 2 times (x 71B)
Class dagger.internal.codegen.binding.BindingRequest                                  : loaded 2 times (x 72B)
Class com.google.common.reflect.Types$ClassOwnership$1LocalClass                      : loaded 2 times (x 69B)
Class dagger.internal.codegen.writing.InjectionOrProvisionProviderCreationExpression_Factory: loaded 2 times (x 70B)
Class dagger.internal.codegen.writing.DerivedFromFrameworkInstanceRequestRepresentation: loaded 2 times (x 72B)
Class org.gradle.api.internal.classpath.ModuleRegistry                                : loaded 2 times (x 68B)
Class dagger.internal.codegen.writing.OptionalRequestRepresentation_Factory           : loaded 2 times (x 70B)
Class dagger.internal.codegen.binding.AutoValue_ComponentRequirement                  : loaded 2 times (x 81B)
Class dagger.internal.codegen.writing.SubcomponentCreatorRequestRepresentation$Factory: loaded 2 times (x 68B)
Class com.google.common.util.concurrent.AbstractFuture$Trusted                        : loaded 2 times (x 68B)
Class com.google.common.reflect.TypeParameter                                         : loaded 2 times (x 70B)
Class dagger.internal.codegen.writing.ComponentInstanceRequestRepresentation_Factory  : loaded 2 times (x 70B)
Class dagger.internal.codegen.binding.BindingNode                                     : loaded 2 times (x 106B)
Class com.google.common.reflect.TypeToken$1                                           : loaded 2 times (x 106B)
Class com.google.common.reflect.TypeToken$2                                           : loaded 2 times (x 106B)
Class dagger.internal.codegen.componentgenerator.CurrentImplementationSubcomponent_ChildComponentImplementationFactoryModule_ProvideChildComponentImplementationFactoryFactory: loaded 2 times (x 77B)
Class dagger.spi.internal.shaded.androidx.room.compiler.processing.javac.JavacRawType$typeName$2: loaded 2 times (x 77B)
Class dagger.hilt.processor.internal.definecomponent.DefineComponentMetadatas         : loaded 2 times (x 70B)
Class org.objectweb.asm.ByteVector                                                    : loaded 2 times (x 77B)
Class dagger.internal.codegen.writing.ProducerCreationExpression_Factory_Impl         : loaded 2 times (x 73B)
Class com.google.common.collect.Maps$AsMapView                                        : loaded 2 times (x 125B)
Class com.google.common.graph.StandardValueGraph$1                                    : loaded 2 times (x 134B)
Class dagger.hilt.processor.internal.aggregateddeps.AutoValue_ComponentDependencies   : loaded 2 times (x 73B)
Class dagger.internal.codegen.writing.ComponentImplementation$ChildComponentImplementationFactory: loaded 2 times (x 68B)
Class dagger.internal.codegen.writing.InstanceFactoryCreationExpression               : loaded 2 times (x 75B)
Class dagger.internal.codegen.writing.ProviderInstanceSupplier$Factory                : loaded 2 times (x 68B)
Class dagger.internal.codegen.bindinggraphvalidation.DuplicateBindingsValidator$BindingWithoutComponent: loaded 2 times (x 73B)
Class com.google.common.graph.StandardNetwork                                         : loaded 2 times (x 138B)
Class dagger.spi.model.Scope$1                                                        : loaded 2 times (x 69B)
Class dagger.internal.codegen.writing.ProviderInstanceRequestRepresentation$Factory   : loaded 2 times (x 68B)
Class dagger.spi.model.DaggerType                                                     : loaded 2 times (x 72B)
Class com.google.common.reflect.Types$NativeTypeVariableEquals                        : loaded 2 times (x 69B)
Class dagger.internal.codegen.writing.AssistedFactoryRequestRepresentation_Factory    : loaded 2 times (x 70B)
Class com.google.common.util.concurrent.AbstractFuture$SetFuture                      : loaded 2 times (x 73B)
Class dagger.internal.codegen.writing.BindingRepresentation                           : loaded 2 times (x 68B)
Class dagger.internal.codegen.writing.UnscopedFrameworkInstanceCreationExpressionFactory_Factory: loaded 2 times (x 77B)
Class dagger.internal.codegen.writing.OptionalFactoryInstanceCreationExpression_Factory_Impl: loaded 2 times (x 73B)
Class com.google.common.collect.FilteredEntrySetMultimap                              : loaded 2 times (x 201B)
Class com.google.common.collect.Lists$OnePlusArrayList                                : loaded 2 times (x 159B)
Class dagger.internal.codegen.writing.DirectInstanceBindingRepresentation_Factory_Impl: loaded 2 times (x 73B)
Class com.google.common.graph.ImmutableNetwork                                        : loaded 2 times (x 138B)
Class [Ldagger.internal.codegen.writing.ComponentImplementation$TypeSpecKind;         : loaded 2 times (x 67B)
Class org.gradle.internal.classpath.DefaultClassPath                                  : loaded 2 times (x 88B)
Class dagger.internal.codegen.writing.ComponentRequirementExpressions$AbstractField   : loaded 2 times (x 79B)
Class dagger.internal.codegen.writing.DelegateRequestRepresentation                   : loaded 2 times (x 72B)
Class dagger.internal.codegen.binding.$AutoValue_ResolvedBindings                     : loaded 2 times (x 86B)
Class org.objectweb.asm.Handle                                                        : loaded 2 times (x 70B)
Class org.gradle.api.internal.ClassPathProvider                                       : loaded 2 times (x 68B)
Class com.google.common.graph.MultiEdgesConnecting$1                                  : loaded 2 times (x 80B)
Class ijKotlinCoroutineJvmDebugInit1_qv0l6z7mu83w8emctgpid78c$_run_closure1           : loaded 2 times (x 137B)
Class com.google.common.graph.MapRetrievalCache                                       : loaded 2 times (x 73B)
Class dagger.internal.codegen.binding.$AutoValue_MembersInjectionBinding              : loaded 2 times (x 83B)
Class dagger.hilt.processor.internal.ComponentDescriptor$Builder                      : loaded 2 times (x 68B)
Class com.google.common.graph.DirectedGraphConnections$5                              : loaded 2 times (x 69B)
Class com.google.common.graph.NetworkBuilder                                          : loaded 2 times (x 70B)
Class [Ldagger.internal.codegen.binding.ComponentRequirement$Kind;                    : loaded 2 times (x 67B)
Class dagger.internal.codegen.binding.BindingGraph$1                                  : loaded 2 times (x 69B)
Class dagger.spi.model.AutoValue_Key                                                  : loaded 2 times (x 78B)
Class ijKotlinCoroutineJvmDebugInit1_qv0l6z7mu83w8emctgpid78c                         : loaded 2 times (x 177B)
Class com.google.common.graph.StandardValueGraph                                      : loaded 2 times (x 144B)
Class dagger.internal.codegen.writing.MapFactoryCreationExpression$Factory            : loaded 2 times (x 68B)
Class com.google.common.collect.ImmutableBiMap$SerializedForm                         : loaded 2 times (x 73B)
Class org.gradle.internal.service.CachingServiceLocator                               : loaded 2 times (x 80B)
Class dagger.internal.codegen.binding.AutoValue_ComponentDescriptor_ComponentMethodDescriptor$Builder: loaded 2 times (x 76B)
Class com.google.common.graph.DirectedGraphConnections$4                              : loaded 2 times (x 81B)
Class dagger.internal.codegen.writing.SimpleMethodRequestRepresentation_Factory       : loaded 2 times (x 70B)
Class org.objectweb.asm.MethodWriter                                                  : loaded 2 times (x 104B)
Class dagger.internal.codegen.binding.ErrorMessages                                   : loaded 2 times (x 69B)
Class dagger.internal.codegen.validation.DiagnosticMessageGenerator                   : loaded 2 times (x 70B)
Class [Lorg.objectweb.asm.AnnotationWriter;                                           : loaded 2 times (x 67B)
Class dagger.hilt.processor.internal.DaggerModelsKt                                   : loaded 2 times (x 69B)
Class dagger.spi.model.AutoValue_ComponentPath                                        : loaded 2 times (x 73B)
Class com.google.common.graph.StandardMutableValueGraph                               : loaded 2 times (x 172B)
Class dagger.internal.codegen.writing.ComponentImplementation$MethodSpecKind          : loaded 2 times (x 77B)
Class org.gradle.api.internal.classpath.DefaultModuleRegistry                         : loaded 2 times (x 84B)
Class com.google.common.graph.Traverser$Traversal$4                                   : loaded 2 times (x 80B)
Class com.google.common.graph.DirectedGraphConnections$3                              : loaded 2 times (x 135B)
Class com.google.common.reflect.Types$ClassOwnership                                  : loaded 2 times (x 78B)
Class com.google.common.graph.Traverser$Traversal$3                                   : loaded 2 times (x 80B)
Class dagger.internal.codegen.writing.OptionalFactoryInstanceCreationExpression$Factory: loaded 2 times (x 68B)
Class com.google.common.reflect.Types$TypeVariableInvocationHandler                   : loaded 2 times (x 73B)
Class org.gradle.internal.classpath.ClassPath                                         : loaded 2 times (x 68B)
Class com.google.common.graph.Traverser$Traversal$2                                   : loaded 2 times (x 72B)
Class com.google.common.graph.DirectedGraphConnections$2                              : loaded 2 times (x 135B)
Class com.google.common.graph.Traverser$Traversal$1                                   : loaded 2 times (x 72B)
Class com.google.common.collect.FilteredKeyMultimap                                   : loaded 2 times (x 152B)
Class dagger.internal.codegen.writing.DirectInstanceBindingRepresentation$Factory     : loaded 2 times (x 68B)
Class dagger.spi.model.Key$MultibindingContributionIdentifier                         : loaded 2 times (x 71B)
Class org.objectweb.asm.ModuleWriter                                                  : loaded 2 times (x 80B)
Class com.google.common.graph.AbstractGraphBuilder                                    : loaded 2 times (x 70B)
Class org.gradle.internal.classloader.ClasspathUtil$1                                 : loaded 2 times (x 74B)
Class dagger.internal.codegen.writing.BindingRepresentations_Factory                  : loaded 2 times (x 76B)
Class dagger.internal.codegen.binding.BindingGraphFactory$Resolver$LegacyRequiresResolutionChecker: loaded 2 times (x 70B)
Class dagger.internal.codegen.base.Keys                                               : loaded 2 times (x 69B)
Class com.google.common.collect.FilteredMultimap                                      : loaded 2 times (x 68B)
Class dagger.internal.codegen.writing.MapFactoryCreationExpression_Factory            : loaded 2 times (x 70B)
Class dagger.internal.codegen.validation.ComponentValidator$ElementValidator          : loaded 2 times (x 71B)
Class dagger.internal.codegen.writing.ComponentInstanceRequestRepresentation          : loaded 2 times (x 72B)
Class dagger.internal.codegen.binding.AutoValue_BindingRequest                        : loaded 2 times (x 73B)
Class dagger.hilt.processor.internal.root.AggregatedRootGenerator                     : loaded 2 times (x 70B)
Class com.google.common.collect.Collections2                                          : loaded 2 times (x 69B)
Class com.google.common.graph.AbstractNetwork$1                                       : loaded 2 times (x 134B)
Class com.google.common.collect.Multimaps$CustomSetMultimap                           : loaded 2 times (x 176B)
Class [Ldagger.internal.codegen.base.ComponentKind;                                   : loaded 2 times (x 67B)
Class dagger.internal.codegen.xprocessing.JavaPoetExt                                 : loaded 2 times (x 69B)
Class dagger.internal.codegen.writing.DependencyMethodProviderCreationExpression_Factory_Impl: loaded 2 times (x 73B)
Class dagger.internal.codegen.writing.MemberSelect                                    : loaded 2 times (x 73B)
Class com.google.common.collect.ForwardingMap                                         : loaded 2 times (x 130B)
Class com.google.common.collect.AbstractMultiset$ElementSet                           : loaded 2 times (x 136B)
Class com.google.common.collect.Lists$TwoPlusArrayList                                : loaded 2 times (x 159B)
Class dagger.internal.codegen.writing.UnscopedDirectInstanceRequestRepresentationFactory: loaded 2 times (x 70B)
Class org.gradle.api.internal.classpath.Module                                        : loaded 2 times (x 68B)
Class dagger.internal.codegen.validation.DiagnosticMessageGenerator$1                 : loaded 2 times (x 85B)
Class org.gradle.internal.installation.CurrentGradleInstallationLocator               : loaded 2 times (x 69B)
Class org.gradle.internal.agents.InstrumentingClassLoader                             : loaded 2 times (x 68B)
Class dagger.internal.codegen.binding.AutoValue_ComponentCreatorDescriptor            : loaded 2 times (x 80B)
Class org.gradle.internal.installation.CurrentGradleInstallation                      : loaded 2 times (x 71B)
Class com.google.common.graph.EndpointPairIterator                                    : loaded 2 times (x 80B)
Class dagger.internal.codegen.writing.InjectionOrProvisionProviderCreationExpression_Factory_Impl: loaded 2 times (x 73B)
Class [Ldagger.internal.codegen.writing.ComponentCreatorImplementationFactory$RequirementStatus;: loaded 2 times (x 67B)
Class dagger.internal.codegen.writing.MembersInjectionBindingRepresentation_Factory   : loaded 2 times (x 70B)
Class dagger.internal.codegen.writing.SimpleMethodRequestRepresentation_Factory_Impl  : loaded 2 times (x 73B)
Class dagger.internal.codegen.writing.InjectionOrProvisionProviderCreationExpression$Factory: loaded 2 times (x 68B)
Class dagger.hilt.processor.internal.aggregateddeps.AggregatedDepsMetadata            : loaded 2 times (x 76B)
Class org.objectweb.asm.FieldVisitor                                                  : loaded 2 times (x 75B)
Class dagger.internal.codegen.writing.ComponentImplementation_Factory                 : loaded 2 times (x 77B)
Class dagger.internal.codegen.writing.BindingRepresentations_Factory$InstanceHolder   : loaded 2 times (x 69B)
Class dagger.internal.codegen.writing.ComponentRequirementRequestRepresentation       : loaded 2 times (x 72B)
Class dagger.internal.codegen.writing.ProviderInstanceRequestRepresentation           : loaded 2 times (x 74B)
Class dagger.spi.model.$AutoValue_Key$Builder                                         : loaded 2 times (x 76B)
Class dagger.spi.model.BindingKind                                                    : loaded 2 times (x 77B)
Class com.google.common.collect.Multisets                                             : loaded 2 times (x 69B)
Class org.objectweb.asm.Symbol                                                        : loaded 2 times (x 71B)
Class dagger.internal.codegen.writing.DirectInstanceBindingRepresentation             : loaded 2 times (x 70B)
Class dagger.internal.codegen.model.BindingGraph$ComponentNode                        : loaded 2 times (x 68B)
Class dagger.internal.codegen.binding.AutoValue_BindingNode                           : loaded 2 times (x 106B)
Class dagger.internal.codegen.writing.ImmediateFutureRequestRepresentation_Factory_Impl: loaded 2 times (x 73B)
Class com.google.common.graph.MultiEdgesConnecting                                    : loaded 2 times (x 135B)
Class build_czd8kws8s2kepzc6vwhyms9ix                                                 : loaded 2 times (x 178B)
Class org.objectweb.asm.ModuleVisitor                                                 : loaded 2 times (x 79B)
Class org.gradle.api.internal.classpath.EffectiveClassPath                            : loaded 2 times (x 88B)
Class dagger.internal.codegen.writing.SetRequestRepresentation                        : loaded 2 times (x 72B)
Class dagger.internal.codegen.writing.OptionalFactories_PerGeneratedFileCache_Factory$InstanceHolder: loaded 2 times (x 69B)
Class dagger.hilt.processor.internal.root.AutoValue_AggregatedRootMetadata            : loaded 2 times (x 80B)
Class dagger.internal.codegen.writing.DependencyMethodProducerCreationExpression$Factory: loaded 2 times (x 68B)
Class dagger.internal.codegen.bindinggraphvalidation.AutoValue_DuplicateBindingsValidator_BindingWithoutComponent: loaded 2 times (x 74B)
Class com.google.common.util.concurrent.AbstractFuture$UnsafeAtomicHelper$1           : loaded 2 times (x 74B)
Class [Lorg.objectweb.asm.Attribute;                                                  : loaded 2 times (x 67B)
Class com.google.common.reflect.TypeToken                                             : loaded 2 times (x 71B)
Class dagger.internal.codegen.writing.DependencyMethodProviderCreationExpression$Factory: loaded 2 times (x 68B)
Class dagger.hilt.processor.internal.aggregateddeps.AutoValue_AggregatedDepsMetadata  : loaded 2 times (x 77B)
Class dagger.hilt.processor.internal.root.RootFileFormatter                           : loaded 2 times (x 69B)
Class dagger.internal.codegen.writing.OptionalRequestRepresentation_Factory_Impl      : loaded 2 times (x 73B)
Class dagger.internal.codegen.validation.AutoValue_SpiModelBindingGraphConverter_DependencyEdgeImpl: loaded 2 times (x 77B)
Class dagger.internal.codegen.binding.ComponentRequirement                            : loaded 2 times (x 81B)
Class dagger.internal.codegen.binding.ErrorMessages$1                                 : loaded 2 times (x 69B)
Class dagger.internal.codegen.validation.AutoValue_SpiModelBindingGraphConverter_DaggerExecutableElementImpl: loaded 2 times (x 74B)
Class com.google.common.io.Closer$SuppressingSuppressor                               : loaded 2 times (x 73B)
Class dagger.internal.codegen.binding.AnnotationExpression                            : loaded 2 times (x 70B)
Class dagger.internal.codegen.validation.AutoValue_SpiModelBindingGraphConverter_ComponentNodeImpl: loaded 2 times (x 86B)
Class dagger.internal.codegen.writing.SwitchingProviderInstanceSupplier               : loaded 2 times (x 73B)
Class org.gradle.internal.classloader.ClassLoaderFactory                              : loaded 2 times (x 68B)
Class dagger.spi.internal.shaded.androidx.room.compiler.processing.javac.TypeMirrorExtKt: loaded 2 times (x 69B)
Class dagger.internal.codegen.writing.MembersInjectionBindingRepresentation           : loaded 2 times (x 73B)
Class dagger.internal.codegen.writing.SwitchingProviders                              : loaded 2 times (x 70B)
Class dagger.internal.codegen.writing.ProviderInstanceRequestRepresentation_Factory   : loaded 2 times (x 70B)
Class dagger.internal.codegen.DaggerDelegateComponentProcessor_Injector$TopLevelImplementationComponentImpl$1: loaded 2 times (x 77B)
Class [Lcom.google.common.graph.ElementOrder$Type;                                    : loaded 2 times (x 67B)
Class dagger.internal.codegen.componentgenerator.CurrentImplementationSubcomponent_ChildComponentImplementationFactoryModule_ProvideTopLevelImplementationFactory: loaded 2 times (x 77B)
Class com.google.common.util.concurrent.AbstractFuture$Waiter                         : loaded 2 times (x 70B)
Class com.google.common.collect.FilteredKeyMultimap$Entries                           : loaded 2 times (x 129B)
Class com.google.common.collect.HashBasedTable$Factory                                : loaded 2 times (x 77B)
Class dagger.internal.codegen.validation.SpiModelBindingGraphConverter$ComponentNodeImpl: loaded 2 times (x 85B)
Class dagger.internal.codegen.writing.FrameworkInstanceKind                           : loaded 2 times (x 77B)
Class dagger.internal.codegen.binding.ResolvedBindings                                : loaded 2 times (x 78B)
Class dagger.internal.codegen.binding.ErrorMessages$Messages                          : loaded 2 times (x 70B)
Class com.google.common.graph.ForwardingGraph                                         : loaded 2 times (x 134B)
Class dagger.internal.codegen.binding.BindingGraphFactory$LegacyBindingGraph          : loaded 2 times (x 70B)
Class dagger.internal.codegen.extension.DaggerGraphs                                  : loaded 2 times (x 69B)
Class dagger.internal.codegen.writing.ComponentRequirementExpressions_Factory         : loaded 2 times (x 77B)
Class dagger.internal.codegen.writing.ProvisionBindingRepresentation_Factory          : loaded 2 times (x 70B)
Class dagger.hilt.processor.internal.definecomponent.DefineComponentClassesMetadata   : loaded 2 times (x 73B)
Class dagger.internal.codegen.writing.AnonymousProviderCreationExpression_Factory     : loaded 2 times (x 70B)
Class com.google.common.graph.Traverser$5                                             : loaded 2 times (x 78B)
Class com.google.common.util.concurrent.Uninterruptibles                              : loaded 2 times (x 69B)
Class com.google.common.graph.Traverser$4                                             : loaded 2 times (x 78B)
Class com.google.common.graph.EndpointPairIterator$Directed                           : loaded 2 times (x 80B)
Class com.google.common.graph.Traverser$3                                             : loaded 2 times (x 78B)
Class dagger.internal.codegen.validation.ComponentCreatorValidator$ElementValidator   : loaded 2 times (x 70B)
Class dagger.internal.codegen.validation.SpiModelBindingGraphConverter$BindingNodeImpl: loaded 2 times (x 102B)
Class dagger.internal.codegen.binding.AutoValue_ComponentNodeImpl                     : loaded 2 times (x 84B)
Class dagger.internal.codegen.writing.ComponentRequirementRequestRepresentation$Factory: loaded 2 times (x 68B)
Class org.gradle.api.internal.classpath.ManifestUtil                                  : loaded 2 times (x 69B)
Class org.gradle.api.specs.Spec                                                       : loaded 2 times (x 68B)
Class dagger.internal.codegen.writing.MapRequestRepresentation$Factory                : loaded 2 times (x 68B)
Class dagger.hilt.processor.internal.earlyentrypoint.AutoValue_AggregatedEarlyEntryPointMetadata: loaded 2 times (x 72B)
Class dagger.internal.codegen.writing.MembersInjectorProviderCreationExpression_Factory: loaded 2 times (x 70B)
Class com.google.common.reflect.Invokable$ConstructorInvokable                        : loaded 2 times (x 103B)
Class dagger.internal.codegen.writing.ComponentImplementation$FieldSpecKind           : loaded 2 times (x 77B)
Class org.gradle.internal.IoActions                                                   : loaded 2 times (x 69B)
Class dagger.internal.codegen.validation.AutoValue_SpiModelBindingGraphConverter_BindingGraphImpl: loaded 2 times (x 94B)
Class dagger.internal.codegen.writing.ComponentNames_Factory                          : loaded 2 times (x 77B)
Class dagger.internal.codegen.writing.GeneratedImplementation                         : loaded 2 times (x 68B)
Class org.objectweb.asm.MethodVisitor                                                 : loaded 2 times (x 103B)
Class dagger.internal.codegen.binding.ComponentCreatorDescriptor                      : loaded 2 times (x 77B)
Class dagger.internal.codegen.writing.StaticFactoryInstanceSupplier_Factory           : loaded 2 times (x 70B)
Class dagger.internal.codegen.binding.$AutoValue_SubcomponentDeclaration              : loaded 2 times (x 76B)
Class dagger.internal.codegen.writing.ImmediateFutureRequestRepresentation_Factory    : loaded 2 times (x 70B)
Class [Ldagger.internal.codegen.writing.ComponentImplementation$CompilerMode;         : loaded 2 times (x 67B)
Class dagger.internal.codegen.binding.AutoValue_MembersInjectionBinding               : loaded 2 times (x 83B)
Class com.google.common.util.concurrent.ListenableFuture                              : loaded 2 times (x 68B)
Class com.google.common.util.concurrent.AbstractFuture$UnsafeAtomicHelper             : loaded 2 times (x 76B)
Class org.gradle.internal.installation.GradleInstallation                             : loaded 2 times (x 73B)
Class com.google.common.graph.IncidentEdgeSet                                         : loaded 2 times (x 134B)
Class dagger.internal.codegen.writing.ComponentProvisionRequestRepresentation_Factory_Impl: loaded 2 times (x 73B)
Class com.google.common.graph.ElementOrder$1                                          : loaded 2 times (x 69B)
Class dagger.internal.codegen.binding.AutoValue_BindingGraph_TopLevelBindingGraph     : loaded 2 times (x 98B)
Class [Ldagger.internal.codegen.writing.ComponentImplementation$MethodSpecKind;       : loaded 2 times (x 67B)
Class com.google.common.reflect.TypeCapture                                           : loaded 2 times (x 69B)
Class com.google.common.collect.Iterators$3                                           : loaded 2 times (x 80B)
Class dagger.internal.codegen.writing.SubcomponentCreatorRequestRepresentation_Factory_Impl: loaded 2 times (x 73B)
Class dagger.internal.codegen.writing.ProducerNodeInstanceRequestRepresentation_Factory: loaded 2 times (x 70B)
Class [Ldagger.spi.model.RequestKind;                                                 : loaded 2 times (x 67B)
Class dagger.internal.codegen.validation.$AutoValue_SpiModelBindingGraphConverter_BindingGraphImpl: loaded 2 times (x 94B)
Class com.google.common.collect.Maps$AsMapView$1EntrySetImpl                          : loaded 2 times (x 136B)


---------------  S Y S T E M  ---------------

OS:
 Windows 11 , 64 bit Build 26100 (10.0.26100.8328)
OS uptime: 19 days 14:05 hours
Hyper-V role detected

CPU: total 16 (initial active 16) (16 cores per cpu, 2 threads per core) family 25 model 80 stepping 0 microcode 0xa50000c, cx8, cmov, fxsr, ht, mmx, 3dnowpref, sse, sse2, sse3, ssse3, sse4a, sse4.1, sse4.2, popcnt, lzcnt, tsc, tscinvbit, avx, avx2, aes, erms, clmul, bmi1, bmi2, adx, sha, fma, vzeroupper, clflush, clflushopt, hv
Processor Information for all 16 processors :
  Max Mhz: 3201, Current Mhz: 3201, Mhz Limit: 3201

Memory: 4k page, system-wide physical 32159M (3453M free)
TotalPageFile size 47805M (AvailPageFile size 83M)
current process WorkingSet (physical memory assigned to process): 3391M, peak: 3391M
current process commit charge ("private bytes"): 3648M, peak: 3902M

vm_info: OpenJDK 64-Bit Server VM (17.0.9+7-b1087.3) for windows-amd64 JRE (17.0.9+7-b1087.3), built on 2023-10-21 by "builduser" with MS VC++ 16.10 / 16.11 (VS2019)

END.
